2026-06-29 20:02:52 | DEBUG    | nvd_fetch | Fetching NVD page: startIndex=0, resultsPerPage=200
2026-06-29 20:02:52 | DEBUG    | nvd_fetch | Specific CVE: CVE-2026-12569
2026-06-29 20:02:52 | INFO     | nvd_fetch | Successfully fetched page at index 0, got 1 CVEs
2026-06-29 20:02:59 | DEBUG    | nvd_fetch | Fetching NVD page: startIndex=0, resultsPerPage=200
2026-06-29 20:02:59 | DEBUG    | nvd_fetch | Specific CVE: CVE-2026-20230
2026-06-29 20:02:59 | INFO     | nvd_fetch | Successfully fetched page at index 0, got 1 CVEs
2026-06-29 20:03:06 | DEBUG    | nvd_fetch | Fetching NVD page: startIndex=0, resultsPerPage=200
2026-06-29 20:03:06 | DEBUG    | nvd_fetch | Specific CVE: CVE-2025-67038
2026-06-29 20:03:06 | INFO     | nvd_fetch | Successfully fetched page at index 0, got 1 CVEs
2026-06-29 20:06:15 | INFO     | nvd_fetch | Fetching all vulnerabilities flat: keyword=None, max_results=10000, date_range=2023-01-01T00:00:00.000 to 2023-01-31T23:59:59.999
2026-06-29 20:06:15 | INFO     | nvd_fetch | Starting NVD vulnerability iteration: keyword=None, max_results=10000, date_range=2023-01-01T00:00:00.000 to 2023-01-31T23:59:59.999
2026-06-29 20:06:15 | DEBUG    | nvd_fetch | Fetching page 1: startIndex=0
2026-06-29 20:06:15 | DEBUG    | nvd_fetch | Fetching NVD page: startIndex=0, resultsPerPage=200
2026-06-29 20:06:15 | DEBUG    | nvd_fetch | Date range: 2023-01-01T00:00:00.000 to 2023-01-31T23:59:59.999
2026-06-29 20:06:16 | INFO     | nvd_fetch | Successfully fetched page at index 0, got 0 CVEs
2026-06-29 20:06:16 | DEBUG    | nvd_fetch | Extended list: now have 0 items
2026-06-29 20:06:16 | INFO     | nvd_fetch | NVD total results: 0
2026-06-29 20:06:16 | INFO     | nvd_fetch | Page 1: 0 CVEs (total fetched: 0)
2026-06-29 20:06:16 | WARNING  | nvd_fetch | No more results returned, stopping iteration
2026-06-29 20:06:16 | INFO     | nvd_fetch | Iteration complete: fetched 0 total CVEs
2026-06-29 20:06:16 | INFO     | nvd_fetch | Fetch complete: returned 0 vulnerabilities
2026-06-29 20:06:16 | INFO     | nvd_fetch | Fetching all vulnerabilities flat: keyword=None, max_results=10000, date_range=2023-01-31T00:00:00.000 to 2023-03-02T23:59:59.999
2026-06-29 20:06:16 | INFO     | nvd_fetch | Starting NVD vulnerability iteration: keyword=None, max_results=10000, date_range=2023-01-31T00:00:00.000 to 2023-03-02T23:59:59.999
2026-06-29 20:06:16 | DEBUG    | nvd_fetch | Fetching page 1: startIndex=0
2026-06-29 20:06:16 | DEBUG    | nvd_fetch | Fetching NVD page: startIndex=0, resultsPerPage=200
2026-06-29 20:06:16 | DEBUG    | nvd_fetch | Date range: 2023-01-31T00:00:00.000 to 2023-03-02T23:59:59.999
2026-06-29 20:06:17 | INFO     | nvd_fetch | Successfully fetched page at index 0, got 0 CVEs
2026-06-29 20:06:17 | DEBUG    | nvd_fetch | Extended list: now have 0 items
2026-06-29 20:06:17 | INFO     | nvd_fetch | NVD total results: 0
2026-06-29 20:06:17 | INFO     | nvd_fetch | Page 1: 0 CVEs (total fetched: 0)
2026-06-29 20:06:17 | WARNING  | nvd_fetch | No more results returned, stopping iteration
2026-06-29 20:06:17 | INFO     | nvd_fetch | Iteration complete: fetched 0 total CVEs
2026-06-29 20:06:17 | INFO     | nvd_fetch | Fetch complete: returned 0 vulnerabilities
2026-06-29 20:06:17 | INFO     | nvd_fetch | Fetching all vulnerabilities flat: keyword=None, max_results=10000, date_range=2023-03-02T00:00:00.000 to 2023-04-01T23:59:59.999
2026-06-29 20:06:17 | INFO     | nvd_fetch | Starting NVD vulnerability iteration: keyword=None, max_results=10000, date_range=2023-03-02T00:00:00.000 to 2023-04-01T23:59:59.999
2026-06-29 20:06:17 | DEBUG    | nvd_fetch | Fetching page 1: startIndex=0
2026-06-29 20:06:17 | DEBUG    | nvd_fetch | Fetching NVD page: startIndex=0, resultsPerPage=200
2026-06-29 20:06:17 | DEBUG    | nvd_fetch | Date range: 2023-03-02T00:00:00.000 to 2023-04-01T23:59:59.999
2026-06-29 20:06:18 | INFO     | nvd_fetch | Successfully fetched page at index 0, got 0 CVEs
2026-06-29 20:06:18 | DEBUG    | nvd_fetch | Extended list: now have 0 items
2026-06-29 20:06:18 | INFO     | nvd_fetch | NVD total results: 0
2026-06-29 20:06:18 | INFO     | nvd_fetch | Page 1: 0 CVEs (total fetched: 0)
2026-06-29 20:06:18 | WARNING  | nvd_fetch | No more results returned, stopping iteration
2026-06-29 20:06:18 | INFO     | nvd_fetch | Iteration complete: fetched 0 total CVEs
2026-06-29 20:06:18 | INFO     | nvd_fetch | Fetch complete: returned 0 vulnerabilities
2026-06-29 20:06:18 | INFO     | nvd_fetch | Fetching all vulnerabilities flat: keyword=None, max_results=10000, date_range=2023-04-01T00:00:00.000 to 2023-05-01T23:59:59.999
2026-06-29 20:06:18 | INFO     | nvd_fetch | Starting NVD vulnerability iteration: keyword=None, max_results=10000, date_range=2023-04-01T00:00:00.000 to 2023-05-01T23:59:59.999
2026-06-29 20:06:18 | DEBUG    | nvd_fetch | Fetching page 1: startIndex=0
2026-06-29 20:06:18 | DEBUG    | nvd_fetch | Fetching NVD page: startIndex=0, resultsPerPage=200
2026-06-29 20:06:18 | DEBUG    | nvd_fetch | Date range: 2023-04-01T00:00:00.000 to 2023-05-01T23:59:59.999
2026-06-29 20:06:19 | INFO     | nvd_fetch | Successfully fetched page at index 0, got 0 CVEs
2026-06-29 20:06:19 | DEBUG    | nvd_fetch | Extended list: now have 0 items
2026-06-29 20:06:19 | INFO     | nvd_fetch | NVD total results: 0
2026-06-29 20:06:19 | INFO     | nvd_fetch | Page 1: 0 CVEs (total fetched: 0)
2026-06-29 20:06:19 | WARNING  | nvd_fetch | No more results returned, stopping iteration
2026-06-29 20:06:19 | INFO     | nvd_fetch | Iteration complete: fetched 0 total CVEs
2026-06-29 20:06:19 | INFO     | nvd_fetch | Fetch complete: returned 0 vulnerabilities
2026-06-29 20:06:19 | INFO     | nvd_fetch | Fetching all vulnerabilities flat: keyword=None, max_results=10000, date_range=2023-05-01T00:00:00.000 to 2023-05-31T23:59:59.999
2026-06-29 20:06:19 | INFO     | nvd_fetch | Starting NVD vulnerability iteration: keyword=None, max_results=10000, date_range=2023-05-01T00:00:00.000 to 2023-05-31T23:59:59.999
2026-06-29 20:06:19 | DEBUG    | nvd_fetch | Fetching page 1: startIndex=0
2026-06-29 20:06:19 | DEBUG    | nvd_fetch | Fetching NVD page: startIndex=0, resultsPerPage=200
2026-06-29 20:06:19 | DEBUG    | nvd_fetch | Date range: 2023-05-01T00:00:00.000 to 2023-05-31T23:59:59.999
2026-06-29 20:06:19 | INFO     | nvd_fetch | Successfully fetched page at index 0, got 0 CVEs
2026-06-29 20:06:19 | DEBUG    | nvd_fetch | Extended list: now have 0 items
2026-06-29 20:06:19 | INFO     | nvd_fetch | NVD total results: 0
2026-06-29 20:06:19 | INFO     | nvd_fetch | Page 1: 0 CVEs (total fetched: 0)
2026-06-29 20:06:19 | WARNING  | nvd_fetch | No more results returned, stopping iteration
2026-06-29 20:06:19 | INFO     | nvd_fetch | Iteration complete: fetched 0 total CVEs
2026-06-29 20:06:19 | INFO     | nvd_fetch | Fetch complete: returned 0 vulnerabilities
2026-06-29 20:06:19 | INFO     | nvd_fetch | Fetching all vulnerabilities flat: keyword=None, max_results=10000, date_range=2023-05-31T00:00:00.000 to 2023-06-30T23:59:59.999
2026-06-29 20:06:19 | INFO     | nvd_fetch | Starting NVD vulnerability iteration: keyword=None, max_results=10000, date_range=2023-05-31T00:00:00.000 to 2023-06-30T23:59:59.999
2026-06-29 20:06:19 | DEBUG    | nvd_fetch | Fetching page 1: startIndex=0
2026-06-29 20:06:19 | DEBUG    | nvd_fetch | Fetching NVD page: startIndex=0, resultsPerPage=200
2026-06-29 20:06:19 | DEBUG    | nvd_fetch | Date range: 2023-05-31T00:00:00.000 to 2023-06-30T23:59:59.999
2026-06-29 20:06:20 | INFO     | nvd_fetch | Successfully fetched page at index 0, got 0 CVEs
2026-06-29 20:06:20 | DEBUG    | nvd_fetch | Extended list: now have 0 items
2026-06-29 20:06:20 | INFO     | nvd_fetch | NVD total results: 0
2026-06-29 20:06:20 | INFO     | nvd_fetch | Page 1: 0 CVEs (total fetched: 0)
2026-06-29 20:06:20 | WARNING  | nvd_fetch | No more results returned, stopping iteration
2026-06-29 20:06:20 | INFO     | nvd_fetch | Iteration complete: fetched 0 total CVEs
2026-06-29 20:06:20 | INFO     | nvd_fetch | Fetch complete: returned 0 vulnerabilities
2026-06-29 20:06:20 | INFO     | nvd_fetch | Fetching all vulnerabilities flat: keyword=None, max_results=10000, date_range=2023-06-30T00:00:00.000 to 2023-07-30T23:59:59.999
2026-06-29 20:06:20 | INFO     | nvd_fetch | Starting NVD vulnerability iteration: keyword=None, max_results=10000, date_range=2023-06-30T00:00:00.000 to 2023-07-30T23:59:59.999
2026-06-29 20:06:20 | DEBUG    | nvd_fetch | Fetching page 1: startIndex=0
2026-06-29 20:06:20 | DEBUG    | nvd_fetch | Fetching NVD page: startIndex=0, resultsPerPage=200
2026-06-29 20:06:20 | DEBUG    | nvd_fetch | Date range: 2023-06-30T00:00:00.000 to 2023-07-30T23:59:59.999
2026-06-29 20:06:20 | INFO     | nvd_fetch | Successfully fetched page at index 0, got 0 CVEs
2026-06-29 20:06:20 | DEBUG    | nvd_fetch | Extended list: now have 0 items
2026-06-29 20:06:20 | INFO     | nvd_fetch | NVD total results: 0
2026-06-29 20:06:20 | INFO     | nvd_fetch | Page 1: 0 CVEs (total fetched: 0)
2026-06-29 20:06:20 | WARNING  | nvd_fetch | No more results returned, stopping iteration
2026-06-29 20:06:20 | INFO     | nvd_fetch | Iteration complete: fetched 0 total CVEs
2026-06-29 20:06:20 | INFO     | nvd_fetch | Fetch complete: returned 0 vulnerabilities
2026-06-29 20:06:20 | INFO     | nvd_fetch | Fetching all vulnerabilities flat: keyword=None, max_results=10000, date_range=2023-07-30T00:00:00.000 to 2023-08-29T23:59:59.999
2026-06-29 20:06:20 | INFO     | nvd_fetch | Starting NVD vulnerability iteration: keyword=None, max_results=10000, date_range=2023-07-30T00:00:00.000 to 2023-08-29T23:59:59.999
2026-06-29 20:06:20 | DEBUG    | nvd_fetch | Fetching page 1: startIndex=0
2026-06-29 20:06:20 | DEBUG    | nvd_fetch | Fetching NVD page: startIndex=0, resultsPerPage=200
2026-06-29 20:06:20 | DEBUG    | nvd_fetch | Date range: 2023-07-30T00:00:00.000 to 2023-08-29T23:59:59.999
2026-06-29 20:06:21 | INFO     | nvd_fetch | Successfully fetched page at index 0, got 0 CVEs
2026-06-29 20:06:21 | DEBUG    | nvd_fetch | Extended list: now have 0 items
2026-06-29 20:06:21 | INFO     | nvd_fetch | NVD total results: 0
2026-06-29 20:06:21 | INFO     | nvd_fetch | Page 1: 0 CVEs (total fetched: 0)
2026-06-29 20:06:21 | WARNING  | nvd_fetch | No more results returned, stopping iteration
2026-06-29 20:06:21 | INFO     | nvd_fetch | Iteration complete: fetched 0 total CVEs
2026-06-29 20:06:21 | INFO     | nvd_fetch | Fetch complete: returned 0 vulnerabilities
2026-06-29 20:06:21 | INFO     | nvd_fetch | Fetching all vulnerabilities flat: keyword=None, max_results=10000, date_range=2023-08-29T00:00:00.000 to 2023-09-28T23:59:59.999
2026-06-29 20:06:21 | INFO     | nvd_fetch | Starting NVD vulnerability iteration: keyword=None, max_results=10000, date_range=2023-08-29T00:00:00.000 to 2023-09-28T23:59:59.999
2026-06-29 20:06:21 | DEBUG    | nvd_fetch | Fetching page 1: startIndex=0
2026-06-29 20:06:21 | DEBUG    | nvd_fetch | Fetching NVD page: startIndex=0, resultsPerPage=200
2026-06-29 20:06:21 | DEBUG    | nvd_fetch | Date range: 2023-08-29T00:00:00.000 to 2023-09-28T23:59:59.999
2026-06-29 20:06:21 | INFO     | nvd_fetch | Successfully fetched page at index 0, got 0 CVEs
2026-06-29 20:06:21 | DEBUG    | nvd_fetch | Extended list: now have 0 items
2026-06-29 20:06:21 | INFO     | nvd_fetch | NVD total results: 0
2026-06-29 20:06:21 | INFO     | nvd_fetch | Page 1: 0 CVEs (total fetched: 0)
2026-06-29 20:06:21 | WARNING  | nvd_fetch | No more results returned, stopping iteration
2026-06-29 20:06:21 | INFO     | nvd_fetch | Iteration complete: fetched 0 total CVEs
2026-06-29 20:06:21 | INFO     | nvd_fetch | Fetch complete: returned 0 vulnerabilities
2026-06-29 20:06:21 | INFO     | nvd_fetch | Fetching all vulnerabilities flat: keyword=None, max_results=10000, date_range=2023-09-28T00:00:00.000 to 2023-10-28T23:59:59.999
2026-06-29 20:06:21 | INFO     | nvd_fetch | Starting NVD vulnerability iteration: keyword=None, max_results=10000, date_range=2023-09-28T00:00:00.000 to 2023-10-28T23:59:59.999
2026-06-29 20:06:21 | DEBUG    | nvd_fetch | Fetching page 1: startIndex=0
2026-06-29 20:06:21 | DEBUG    | nvd_fetch | Fetching NVD page: startIndex=0, resultsPerPage=200
2026-06-29 20:06:21 | DEBUG    | nvd_fetch | Date range: 2023-09-28T00:00:00.000 to 2023-10-28T23:59:59.999
2026-06-29 20:06:22 | INFO     | nvd_fetch | Successfully fetched page at index 0, got 0 CVEs
2026-06-29 20:06:22 | DEBUG    | nvd_fetch | Extended list: now have 0 items
2026-06-29 20:06:22 | INFO     | nvd_fetch | NVD total results: 0
2026-06-29 20:06:22 | INFO     | nvd_fetch | Page 1: 0 CVEs (total fetched: 0)
2026-06-29 20:06:22 | WARNING  | nvd_fetch | No more results returned, stopping iteration
2026-06-29 20:06:22 | INFO     | nvd_fetch | Iteration complete: fetched 0 total CVEs
2026-06-29 20:06:22 | INFO     | nvd_fetch | Fetch complete: returned 0 vulnerabilities
2026-06-29 20:06:22 | INFO     | nvd_fetch | Fetching all vulnerabilities flat: keyword=None, max_results=10000, date_range=2023-10-28T00:00:00.000 to 2023-11-27T23:59:59.999
2026-06-29 20:06:22 | INFO     | nvd_fetch | Starting NVD vulnerability iteration: keyword=None, max_results=10000, date_range=2023-10-28T00:00:00.000 to 2023-11-27T23:59:59.999
2026-06-29 20:06:22 | DEBUG    | nvd_fetch | Fetching page 1: startIndex=0
2026-06-29 20:06:22 | DEBUG    | nvd_fetch | Fetching NVD page: startIndex=0, resultsPerPage=200
2026-06-29 20:06:22 | DEBUG    | nvd_fetch | Date range: 2023-10-28T00:00:00.000 to 2023-11-27T23:59:59.999
2026-06-29 20:06:23 | INFO     | nvd_fetch | Successfully fetched page at index 0, got 200 CVEs
2026-06-29 20:06:23 | DEBUG    | nvd_fetch | Extended list: now have 200 items
2026-06-29 20:06:23 | INFO     | nvd_fetch | NVD total results: 0
2026-06-29 20:06:23 | INFO     | nvd_fetch | Page 1: 200 CVEs (total fetched: 200)
2026-06-29 20:06:23 | INFO     | nvd_fetch | Reached NVD total (0), stopping
2026-06-29 20:06:23 | INFO     | nvd_fetch | Iteration complete: fetched 200 total CVEs
2026-06-29 20:06:23 | INFO     | nvd_fetch | Fetch complete: returned 200 vulnerabilities
2026-06-29 20:06:24 | INFO     | nvd_fetch | Fetching all vulnerabilities flat: keyword=None, max_results=10000, date_range=2023-11-27T00:00:00.000 to 2023-12-27T23:59:59.999
2026-06-29 20:06:24 | INFO     | nvd_fetch | Starting NVD vulnerability iteration: keyword=None, max_results=10000, date_range=2023-11-27T00:00:00.000 to 2023-12-27T23:59:59.999
2026-06-29 20:06:24 | DEBUG    | nvd_fetch | Fetching page 1: startIndex=0
2026-06-29 20:06:24 | DEBUG    | nvd_fetch | Fetching NVD page: startIndex=0, resultsPerPage=200
2026-06-29 20:06:24 | DEBUG    | nvd_fetch | Date range: 2023-11-27T00:00:00.000 to 2023-12-27T23:59:59.999
2026-06-29 20:06:25 | INFO     | nvd_fetch | Successfully fetched page at index 0, got 15 CVEs
2026-06-29 20:06:25 | DEBUG    | nvd_fetch | Extended list: now have 15 items
2026-06-29 20:06:25 | INFO     | nvd_fetch | NVD total results: 0
2026-06-29 20:06:25 | INFO     | nvd_fetch | Page 1: 15 CVEs (total fetched: 15)
2026-06-29 20:06:25 | INFO     | nvd_fetch | Reached NVD total (0), stopping
2026-06-29 20:06:25 | INFO     | nvd_fetch | Iteration complete: fetched 15 total CVEs
2026-06-29 20:06:25 | INFO     | nvd_fetch | Fetch complete: returned 15 vulnerabilities
2026-06-29 20:06:25 | INFO     | nvd_fetch | Fetching all vulnerabilities flat: keyword=None, max_results=10000, date_range=2023-12-27T00:00:00.000 to 2024-01-26T23:59:59.999
2026-06-29 20:06:25 | INFO     | nvd_fetch | Starting NVD vulnerability iteration: keyword=None, max_results=10000, date_range=2023-12-27T00:00:00.000 to 2024-01-26T23:59:59.999
2026-06-29 20:06:25 | DEBUG    | nvd_fetch | Fetching page 1: startIndex=0
2026-06-29 20:06:25 | DEBUG    | nvd_fetch | Fetching NVD page: startIndex=0, resultsPerPage=200
2026-06-29 20:06:25 | DEBUG    | nvd_fetch | Date range: 2023-12-27T00:00:00.000 to 2024-01-26T23:59:59.999
2026-06-29 20:06:25 | INFO     | nvd_fetch | Successfully fetched page at index 0, got 106 CVEs
2026-06-29 20:06:25 | DEBUG    | nvd_fetch | Extended list: now have 106 items
2026-06-29 20:06:25 | INFO     | nvd_fetch | NVD total results: 0
2026-06-29 20:06:25 | INFO     | nvd_fetch | Page 1: 106 CVEs (total fetched: 106)
2026-06-29 20:06:25 | INFO     | nvd_fetch | Reached NVD total (0), stopping
2026-06-29 20:06:25 | INFO     | nvd_fetch | Iteration complete: fetched 106 total CVEs
2026-06-29 20:06:26 | INFO     | nvd_fetch | Fetch complete: returned 106 vulnerabilities
2026-06-29 20:06:26 | INFO     | nvd_fetch | Fetching all vulnerabilities flat: keyword=None, max_results=10000, date_range=2024-01-26T00:00:00.000 to 2024-02-25T23:59:59.999
2026-06-29 20:06:26 | INFO     | nvd_fetch | Starting NVD vulnerability iteration: keyword=None, max_results=10000, date_range=2024-01-26T00:00:00.000 to 2024-02-25T23:59:59.999
2026-06-29 20:06:26 | DEBUG    | nvd_fetch | Fetching page 1: startIndex=0
2026-06-29 20:06:26 | DEBUG    | nvd_fetch | Fetching NVD page: startIndex=0, resultsPerPage=200
2026-06-29 20:06:26 | DEBUG    | nvd_fetch | Date range: 2024-01-26T00:00:00.000 to 2024-02-25T23:59:59.999
2026-06-29 20:06:27 | INFO     | nvd_fetch | Successfully fetched page at index 0, got 75 CVEs
2026-06-29 20:06:27 | DEBUG    | nvd_fetch | Extended list: now have 75 items
2026-06-29 20:06:27 | INFO     | nvd_fetch | NVD total results: 0
2026-06-29 20:06:27 | INFO     | nvd_fetch | Page 1: 75 CVEs (total fetched: 75)
2026-06-29 20:06:27 | INFO     | nvd_fetch | Reached NVD total (0), stopping
2026-06-29 20:06:27 | INFO     | nvd_fetch | Iteration complete: fetched 75 total CVEs
2026-06-29 20:06:27 | INFO     | nvd_fetch | Fetch complete: returned 75 vulnerabilities
2026-06-29 20:06:27 | INFO     | nvd_fetch | Fetching all vulnerabilities flat: keyword=None, max_results=10000, date_range=2024-02-25T00:00:00.000 to 2024-03-26T23:59:59.999
2026-06-29 20:06:27 | INFO     | nvd_fetch | Starting NVD vulnerability iteration: keyword=None, max_results=10000, date_range=2024-02-25T00:00:00.000 to 2024-03-26T23:59:59.999
2026-06-29 20:06:27 | DEBUG    | nvd_fetch | Fetching page 1: startIndex=0
2026-06-29 20:06:27 | DEBUG    | nvd_fetch | Fetching NVD page: startIndex=0, resultsPerPage=200
2026-06-29 20:06:27 | DEBUG    | nvd_fetch | Date range: 2024-02-25T00:00:00.000 to 2024-03-26T23:59:59.999
2026-06-29 20:06:29 | INFO     | nvd_fetch | Successfully fetched page at index 0, got 52 CVEs
2026-06-29 20:06:29 | DEBUG    | nvd_fetch | Extended list: now have 52 items
2026-06-29 20:06:29 | INFO     | nvd_fetch | NVD total results: 0
2026-06-29 20:06:29 | INFO     | nvd_fetch | Page 1: 52 CVEs (total fetched: 52)
2026-06-29 20:06:29 | INFO     | nvd_fetch | Reached NVD total (0), stopping
2026-06-29 20:06:29 | INFO     | nvd_fetch | Iteration complete: fetched 52 total CVEs
2026-06-29 20:06:29 | INFO     | nvd_fetch | Fetch complete: returned 52 vulnerabilities
2026-06-29 20:06:29 | INFO     | nvd_fetch | Fetching all vulnerabilities flat: keyword=None, max_results=10000, date_range=2024-03-26T00:00:00.000 to 2024-04-25T23:59:59.999
2026-06-29 20:06:29 | INFO     | nvd_fetch | Starting NVD vulnerability iteration: keyword=None, max_results=10000, date_range=2024-03-26T00:00:00.000 to 2024-04-25T23:59:59.999
2026-06-29 20:06:29 | DEBUG    | nvd_fetch | Fetching page 1: startIndex=0
2026-06-29 20:06:29 | DEBUG    | nvd_fetch | Fetching NVD page: startIndex=0, resultsPerPage=200
2026-06-29 20:06:29 | DEBUG    | nvd_fetch | Date range: 2024-03-26T00:00:00.000 to 2024-04-25T23:59:59.999
2026-06-29 20:06:30 | INFO     | nvd_fetch | Successfully fetched page at index 0, got 37 CVEs
2026-06-29 20:06:30 | DEBUG    | nvd_fetch | Extended list: now have 37 items
2026-06-29 20:06:30 | INFO     | nvd_fetch | NVD total results: 0
2026-06-29 20:06:30 | INFO     | nvd_fetch | Page 1: 37 CVEs (total fetched: 37)
2026-06-29 20:06:30 | INFO     | nvd_fetch | Reached NVD total (0), stopping
2026-06-29 20:06:30 | INFO     | nvd_fetch | Iteration complete: fetched 37 total CVEs
2026-06-29 20:06:30 | INFO     | nvd_fetch | Fetch complete: returned 37 vulnerabilities
2026-06-29 20:06:30 | INFO     | nvd_fetch | Fetching all vulnerabilities flat: keyword=None, max_results=10000, date_range=2024-04-25T00:00:00.000 to 2024-05-25T23:59:59.999
2026-06-29 20:06:30 | INFO     | nvd_fetch | Starting NVD vulnerability iteration: keyword=None, max_results=10000, date_range=2024-04-25T00:00:00.000 to 2024-05-25T23:59:59.999
2026-06-29 20:06:30 | DEBUG    | nvd_fetch | Fetching page 1: startIndex=0
2026-06-29 20:06:30 | DEBUG    | nvd_fetch | Fetching NVD page: startIndex=0, resultsPerPage=200
2026-06-29 20:06:30 | DEBUG    | nvd_fetch | Date range: 2024-04-25T00:00:00.000 to 2024-05-25T23:59:59.999
2026-06-29 20:06:30 | INFO     | nvd_fetch | Successfully fetched page at index 0, got 78 CVEs
2026-06-29 20:06:30 | DEBUG    | nvd_fetch | Extended list: now have 78 items
2026-06-29 20:06:30 | INFO     | nvd_fetch | NVD total results: 0
2026-06-29 20:06:30 | INFO     | nvd_fetch | Page 1: 78 CVEs (total fetched: 78)
2026-06-29 20:06:30 | INFO     | nvd_fetch | Reached NVD total (0), stopping
2026-06-29 20:06:30 | INFO     | nvd_fetch | Iteration complete: fetched 78 total CVEs
2026-06-29 20:06:30 | INFO     | nvd_fetch | Fetch complete: returned 78 vulnerabilities
2026-06-29 20:06:31 | INFO     | nvd_fetch | Fetching all vulnerabilities flat: keyword=None, max_results=10000, date_range=2024-05-25T00:00:00.000 to 2024-06-24T23:59:59.999
2026-06-29 20:06:31 | INFO     | nvd_fetch | Starting NVD vulnerability iteration: keyword=None, max_results=10000, date_range=2024-05-25T00:00:00.000 to 2024-06-24T23:59:59.999
2026-06-29 20:06:31 | DEBUG    | nvd_fetch | Fetching page 1: startIndex=0
2026-06-29 20:06:31 | DEBUG    | nvd_fetch | Fetching NVD page: startIndex=0, resultsPerPage=200
2026-06-29 20:06:31 | DEBUG    | nvd_fetch | Date range: 2024-05-25T00:00:00.000 to 2024-06-24T23:59:59.999
2026-06-29 20:06:38 | INFO     | nvd_fetch | Successfully fetched page at index 0, got 200 CVEs
2026-06-29 20:06:38 | DEBUG    | nvd_fetch | Extended list: now have 200 items
2026-06-29 20:06:38 | INFO     | nvd_fetch | NVD total results: 0
2026-06-29 20:06:38 | INFO     | nvd_fetch | Page 1: 200 CVEs (total fetched: 200)
2026-06-29 20:06:38 | INFO     | nvd_fetch | Reached NVD total (0), stopping
2026-06-29 20:06:38 | INFO     | nvd_fetch | Iteration complete: fetched 200 total CVEs
2026-06-29 20:06:38 | INFO     | nvd_fetch | Fetch complete: returned 200 vulnerabilities
2026-06-29 20:06:39 | INFO     | nvd_fetch | Fetching all vulnerabilities flat: keyword=None, max_results=10000, date_range=2024-06-24T00:00:00.000 to 2024-07-24T23:59:59.999
2026-06-29 20:06:39 | INFO     | nvd_fetch | Starting NVD vulnerability iteration: keyword=None, max_results=10000, date_range=2024-06-24T00:00:00.000 to 2024-07-24T23:59:59.999
2026-06-29 20:06:39 | DEBUG    | nvd_fetch | Fetching page 1: startIndex=0
2026-06-29 20:06:39 | DEBUG    | nvd_fetch | Fetching NVD page: startIndex=0, resultsPerPage=200
2026-06-29 20:06:39 | DEBUG    | nvd_fetch | Date range: 2024-06-24T00:00:00.000 to 2024-07-24T23:59:59.999
2026-06-29 20:06:40 | INFO     | nvd_fetch | Successfully fetched page at index 0, got 42 CVEs
2026-06-29 20:06:40 | DEBUG    | nvd_fetch | Extended list: now have 42 items
2026-06-29 20:06:40 | INFO     | nvd_fetch | NVD total results: 0
2026-06-29 20:06:40 | INFO     | nvd_fetch | Page 1: 42 CVEs (total fetched: 42)
2026-06-29 20:06:40 | INFO     | nvd_fetch | Reached NVD total (0), stopping
2026-06-29 20:06:40 | INFO     | nvd_fetch | Iteration complete: fetched 42 total CVEs
2026-06-29 20:06:40 | INFO     | nvd_fetch | Fetch complete: returned 42 vulnerabilities
2026-06-29 20:06:40 | INFO     | nvd_fetch | Fetching all vulnerabilities flat: keyword=None, max_results=10000, date_range=2024-07-24T00:00:00.000 to 2024-08-23T23:59:59.999
2026-06-29 20:06:40 | INFO     | nvd_fetch | Starting NVD vulnerability iteration: keyword=None, max_results=10000, date_range=2024-07-24T00:00:00.000 to 2024-08-23T23:59:59.999
2026-06-29 20:06:40 | DEBUG    | nvd_fetch | Fetching page 1: startIndex=0
2026-06-29 20:06:40 | DEBUG    | nvd_fetch | Fetching NVD page: startIndex=0, resultsPerPage=200
2026-06-29 20:06:40 | DEBUG    | nvd_fetch | Date range: 2024-07-24T00:00:00.000 to 2024-08-23T23:59:59.999
2026-06-29 20:06:41 | INFO     | nvd_fetch | Successfully fetched page at index 0, got 47 CVEs
2026-06-29 20:06:41 | DEBUG    | nvd_fetch | Extended list: now have 47 items
2026-06-29 20:06:41 | INFO     | nvd_fetch | NVD total results: 0
2026-06-29 20:06:41 | INFO     | nvd_fetch | Page 1: 47 CVEs (total fetched: 47)
2026-06-29 20:06:41 | INFO     | nvd_fetch | Reached NVD total (0), stopping
2026-06-29 20:06:41 | INFO     | nvd_fetch | Iteration complete: fetched 47 total CVEs
2026-06-29 20:06:41 | INFO     | nvd_fetch | Fetch complete: returned 47 vulnerabilities
2026-06-29 20:06:41 | INFO     | nvd_fetch | Fetching all vulnerabilities flat: keyword=None, max_results=10000, date_range=2024-08-23T00:00:00.000 to 2024-09-22T23:59:59.999
2026-06-29 20:06:41 | INFO     | nvd_fetch | Starting NVD vulnerability iteration: keyword=None, max_results=10000, date_range=2024-08-23T00:00:00.000 to 2024-09-22T23:59:59.999
2026-06-29 20:06:41 | DEBUG    | nvd_fetch | Fetching page 1: startIndex=0
2026-06-29 20:06:41 | DEBUG    | nvd_fetch | Fetching NVD page: startIndex=0, resultsPerPage=200
2026-06-29 20:06:41 | DEBUG    | nvd_fetch | Date range: 2024-08-23T00:00:00.000 to 2024-09-22T23:59:59.999
2026-06-29 20:06:42 | INFO     | nvd_fetch | Successfully fetched page at index 0, got 38 CVEs
2026-06-29 20:06:42 | DEBUG    | nvd_fetch | Extended list: now have 38 items
2026-06-29 20:06:42 | INFO     | nvd_fetch | NVD total results: 0
2026-06-29 20:06:42 | INFO     | nvd_fetch | Page 1: 38 CVEs (total fetched: 38)
2026-06-29 20:06:42 | INFO     | nvd_fetch | Reached NVD total (0), stopping
2026-06-29 20:06:42 | INFO     | nvd_fetch | Iteration complete: fetched 38 total CVEs
2026-06-29 20:06:42 | INFO     | nvd_fetch | Fetch complete: returned 38 vulnerabilities
2026-06-29 20:06:42 | INFO     | nvd_fetch | Fetching all vulnerabilities flat: keyword=None, max_results=10000, date_range=2024-09-22T00:00:00.000 to 2024-10-22T23:59:59.999
2026-06-29 20:06:42 | INFO     | nvd_fetch | Starting NVD vulnerability iteration: keyword=None, max_results=10000, date_range=2024-09-22T00:00:00.000 to 2024-10-22T23:59:59.999
2026-06-29 20:06:42 | DEBUG    | nvd_fetch | Fetching page 1: startIndex=0
2026-06-29 20:06:42 | DEBUG    | nvd_fetch | Fetching NVD page: startIndex=0, resultsPerPage=200
2026-06-29 20:06:42 | DEBUG    | nvd_fetch | Date range: 2024-09-22T00:00:00.000 to 2024-10-22T23:59:59.999
2026-06-29 20:06:42 | INFO     | nvd_fetch | Successfully fetched page at index 0, got 28 CVEs
2026-06-29 20:06:42 | DEBUG    | nvd_fetch | Extended list: now have 28 items
2026-06-29 20:06:42 | INFO     | nvd_fetch | NVD total results: 0
2026-06-29 20:06:42 | INFO     | nvd_fetch | Page 1: 28 CVEs (total fetched: 28)
2026-06-29 20:06:42 | INFO     | nvd_fetch | Reached NVD total (0), stopping
2026-06-29 20:06:42 | INFO     | nvd_fetch | Iteration complete: fetched 28 total CVEs
2026-06-29 20:06:42 | INFO     | nvd_fetch | Fetch complete: returned 28 vulnerabilities
2026-06-29 20:06:43 | INFO     | nvd_fetch | Fetching all vulnerabilities flat: keyword=None, max_results=10000, date_range=2024-10-22T00:00:00.000 to 2024-11-21T23:59:59.999
2026-06-29 20:06:43 | INFO     | nvd_fetch | Starting NVD vulnerability iteration: keyword=None, max_results=10000, date_range=2024-10-22T00:00:00.000 to 2024-11-21T23:59:59.999
2026-06-29 20:06:43 | DEBUG    | nvd_fetch | Fetching page 1: startIndex=0
2026-06-29 20:06:43 | DEBUG    | nvd_fetch | Fetching NVD page: startIndex=0, resultsPerPage=200
2026-06-29 20:06:43 | DEBUG    | nvd_fetch | Date range: 2024-10-22T00:00:00.000 to 2024-11-21T23:59:59.999
2026-06-29 20:06:43 | INFO     | nvd_fetch | Successfully fetched page at index 0, got 31 CVEs
2026-06-29 20:06:43 | DEBUG    | nvd_fetch | Extended list: now have 31 items
2026-06-29 20:06:43 | INFO     | nvd_fetch | NVD total results: 0
2026-06-29 20:06:43 | INFO     | nvd_fetch | Page 1: 31 CVEs (total fetched: 31)
2026-06-29 20:06:43 | INFO     | nvd_fetch | Reached NVD total (0), stopping
2026-06-29 20:06:44 | INFO     | nvd_fetch | Iteration complete: fetched 31 total CVEs
2026-06-29 20:06:44 | INFO     | nvd_fetch | Fetch complete: returned 31 vulnerabilities
2026-06-29 20:06:44 | INFO     | nvd_fetch | Fetching all vulnerabilities flat: keyword=None, max_results=10000, date_range=2024-11-21T00:00:00.000 to 2024-12-21T23:59:59.999
2026-06-29 20:06:44 | INFO     | nvd_fetch | Starting NVD vulnerability iteration: keyword=None, max_results=10000, date_range=2024-11-21T00:00:00.000 to 2024-12-21T23:59:59.999
2026-06-29 20:06:44 | DEBUG    | nvd_fetch | Fetching page 1: startIndex=0
2026-06-29 20:06:44 | DEBUG    | nvd_fetch | Fetching NVD page: startIndex=0, resultsPerPage=200
2026-06-29 20:06:44 | DEBUG    | nvd_fetch | Date range: 2024-11-21T00:00:00.000 to 2024-12-21T23:59:59.999
2026-06-29 20:06:45 | INFO     | nvd_fetch | Successfully fetched page at index 0, got 41 CVEs
2026-06-29 20:06:45 | DEBUG    | nvd_fetch | Extended list: now have 41 items
2026-06-29 20:06:45 | INFO     | nvd_fetch | NVD total results: 0
2026-06-29 20:06:45 | INFO     | nvd_fetch | Page 1: 41 CVEs (total fetched: 41)
2026-06-29 20:06:45 | INFO     | nvd_fetch | Reached NVD total (0), stopping
2026-06-29 20:06:45 | INFO     | nvd_fetch | Iteration complete: fetched 41 total CVEs
2026-06-29 20:06:45 | INFO     | nvd_fetch | Fetch complete: returned 41 vulnerabilities
2026-06-29 20:06:45 | INFO     | nvd_fetch | Fetching all vulnerabilities flat: keyword=None, max_results=10000, date_range=2024-12-21T00:00:00.000 to 2025-01-20T23:59:59.999
2026-06-29 20:06:45 | INFO     | nvd_fetch | Starting NVD vulnerability iteration: keyword=None, max_results=10000, date_range=2024-12-21T00:00:00.000 to 2025-01-20T23:59:59.999
2026-06-29 20:06:45 | DEBUG    | nvd_fetch | Fetching page 1: startIndex=0
2026-06-29 20:06:45 | DEBUG    | nvd_fetch | Fetching NVD page: startIndex=0, resultsPerPage=200
2026-06-29 20:06:45 | DEBUG    | nvd_fetch | Date range: 2024-12-21T00:00:00.000 to 2025-01-20T23:59:59.999
2026-06-29 20:06:45 | INFO     | nvd_fetch | Successfully fetched page at index 0, got 130 CVEs
2026-06-29 20:06:45 | DEBUG    | nvd_fetch | Extended list: now have 130 items
2026-06-29 20:06:45 | INFO     | nvd_fetch | NVD total results: 0
2026-06-29 20:06:45 | INFO     | nvd_fetch | Page 1: 130 CVEs (total fetched: 130)
2026-06-29 20:06:45 | INFO     | nvd_fetch | Reached NVD total (0), stopping
2026-06-29 20:06:45 | INFO     | nvd_fetch | Iteration complete: fetched 130 total CVEs
2026-06-29 20:06:45 | INFO     | nvd_fetch | Fetch complete: returned 130 vulnerabilities
2026-06-29 20:06:47 | INFO     | nvd_fetch | Fetching all vulnerabilities flat: keyword=None, max_results=10000, date_range=2025-01-20T00:00:00.000 to 2025-02-19T23:59:59.999
2026-06-29 20:06:47 | INFO     | nvd_fetch | Starting NVD vulnerability iteration: keyword=None, max_results=10000, date_range=2025-01-20T00:00:00.000 to 2025-02-19T23:59:59.999
2026-06-29 20:06:47 | DEBUG    | nvd_fetch | Fetching page 1: startIndex=0
2026-06-29 20:06:47 | DEBUG    | nvd_fetch | Fetching NVD page: startIndex=0, resultsPerPage=200
2026-06-29 20:06:47 | DEBUG    | nvd_fetch | Date range: 2025-01-20T00:00:00.000 to 2025-02-19T23:59:59.999
2026-06-29 20:06:47 | INFO     | nvd_fetch | Successfully fetched page at index 0, got 142 CVEs
2026-06-29 20:06:47 | DEBUG    | nvd_fetch | Extended list: now have 142 items
2026-06-29 20:06:47 | INFO     | nvd_fetch | NVD total results: 0
2026-06-29 20:06:47 | INFO     | nvd_fetch | Page 1: 142 CVEs (total fetched: 142)
2026-06-29 20:06:47 | INFO     | nvd_fetch | Reached NVD total (0), stopping
2026-06-29 20:06:47 | INFO     | nvd_fetch | Iteration complete: fetched 142 total CVEs
2026-06-29 20:06:47 | INFO     | nvd_fetch | Fetch complete: returned 142 vulnerabilities
2026-06-29 20:06:48 | INFO     | nvd_fetch | Fetching all vulnerabilities flat: keyword=None, max_results=10000, date_range=2025-02-19T00:00:00.000 to 2025-03-21T23:59:59.999
2026-06-29 20:06:48 | INFO     | nvd_fetch | Starting NVD vulnerability iteration: keyword=None, max_results=10000, date_range=2025-02-19T00:00:00.000 to 2025-03-21T23:59:59.999
2026-06-29 20:06:48 | DEBUG    | nvd_fetch | Fetching page 1: startIndex=0
2026-06-29 20:06:48 | DEBUG    | nvd_fetch | Fetching NVD page: startIndex=0, resultsPerPage=200
2026-06-29 20:06:48 | DEBUG    | nvd_fetch | Date range: 2025-02-19T00:00:00.000 to 2025-03-21T23:59:59.999
2026-06-29 20:06:49 | INFO     | nvd_fetch | Successfully fetched page at index 0, got 123 CVEs
2026-06-29 20:06:49 | DEBUG    | nvd_fetch | Extended list: now have 123 items
2026-06-29 20:06:49 | INFO     | nvd_fetch | NVD total results: 0
2026-06-29 20:06:49 | INFO     | nvd_fetch | Page 1: 123 CVEs (total fetched: 123)
2026-06-29 20:06:49 | INFO     | nvd_fetch | Reached NVD total (0), stopping
2026-06-29 20:06:49 | INFO     | nvd_fetch | Iteration complete: fetched 123 total CVEs
2026-06-29 20:06:49 | INFO     | nvd_fetch | Fetch complete: returned 123 vulnerabilities
2026-06-29 20:06:51 | INFO     | nvd_fetch | Fetching all vulnerabilities flat: keyword=None, max_results=10000, date_range=2025-03-21T00:00:00.000 to 2025-04-20T23:59:59.999
2026-06-29 20:06:51 | INFO     | nvd_fetch | Starting NVD vulnerability iteration: keyword=None, max_results=10000, date_range=2025-03-21T00:00:00.000 to 2025-04-20T23:59:59.999
2026-06-29 20:06:51 | DEBUG    | nvd_fetch | Fetching page 1: startIndex=0
2026-06-29 20:06:51 | DEBUG    | nvd_fetch | Fetching NVD page: startIndex=0, resultsPerPage=200
2026-06-29 20:06:51 | DEBUG    | nvd_fetch | Date range: 2025-03-21T00:00:00.000 to 2025-04-20T23:59:59.999
2026-06-29 20:06:51 | INFO     | nvd_fetch | Successfully fetched page at index 0, got 121 CVEs
2026-06-29 20:06:51 | DEBUG    | nvd_fetch | Extended list: now have 121 items
2026-06-29 20:06:51 | INFO     | nvd_fetch | NVD total results: 0
2026-06-29 20:06:51 | INFO     | nvd_fetch | Page 1: 121 CVEs (total fetched: 121)
2026-06-29 20:06:51 | INFO     | nvd_fetch | Reached NVD total (0), stopping
2026-06-29 20:06:51 | INFO     | nvd_fetch | Iteration complete: fetched 121 total CVEs
2026-06-29 20:06:51 | INFO     | nvd_fetch | Fetch complete: returned 121 vulnerabilities
2026-06-29 20:06:52 | INFO     | nvd_fetch | Fetching all vulnerabilities flat: keyword=None, max_results=10000, date_range=2025-04-20T00:00:00.000 to 2025-05-20T23:59:59.999
2026-06-29 20:06:52 | INFO     | nvd_fetch | Starting NVD vulnerability iteration: keyword=None, max_results=10000, date_range=2025-04-20T00:00:00.000 to 2025-05-20T23:59:59.999
2026-06-29 20:06:52 | DEBUG    | nvd_fetch | Fetching page 1: startIndex=0
2026-06-29 20:06:52 | DEBUG    | nvd_fetch | Fetching NVD page: startIndex=0, resultsPerPage=200
2026-06-29 20:06:52 | DEBUG    | nvd_fetch | Date range: 2025-04-20T00:00:00.000 to 2025-05-20T23:59:59.999
2026-06-29 20:06:53 | INFO     | nvd_fetch | Successfully fetched page at index 0, got 132 CVEs
2026-06-29 20:06:53 | DEBUG    | nvd_fetch | Extended list: now have 132 items
2026-06-29 20:06:53 | INFO     | nvd_fetch | NVD total results: 0
2026-06-29 20:06:53 | INFO     | nvd_fetch | Page 1: 132 CVEs (total fetched: 132)
2026-06-29 20:06:53 | INFO     | nvd_fetch | Reached NVD total (0), stopping
2026-06-29 20:06:53 | INFO     | nvd_fetch | Iteration complete: fetched 132 total CVEs
2026-06-29 20:06:53 | INFO     | nvd_fetch | Fetch complete: returned 132 vulnerabilities
2026-06-29 20:06:54 | INFO     | nvd_fetch | Fetching all vulnerabilities flat: keyword=None, max_results=10000, date_range=2025-05-20T00:00:00.000 to 2025-06-19T23:59:59.999
2026-06-29 20:06:54 | INFO     | nvd_fetch | Starting NVD vulnerability iteration: keyword=None, max_results=10000, date_range=2025-05-20T00:00:00.000 to 2025-06-19T23:59:59.999
2026-06-29 20:06:54 | DEBUG    | nvd_fetch | Fetching page 1: startIndex=0
2026-06-29 20:06:54 | DEBUG    | nvd_fetch | Fetching NVD page: startIndex=0, resultsPerPage=200
2026-06-29 20:06:54 | DEBUG    | nvd_fetch | Date range: 2025-05-20T00:00:00.000 to 2025-06-19T23:59:59.999
2026-06-29 20:06:55 | INFO     | nvd_fetch | Successfully fetched page at index 0, got 200 CVEs
2026-06-29 20:06:55 | DEBUG    | nvd_fetch | Extended list: now have 200 items
2026-06-29 20:06:55 | INFO     | nvd_fetch | NVD total results: 0
2026-06-29 20:06:55 | INFO     | nvd_fetch | Page 1: 200 CVEs (total fetched: 200)
2026-06-29 20:06:55 | INFO     | nvd_fetch | Reached NVD total (0), stopping
2026-06-29 20:06:55 | INFO     | nvd_fetch | Iteration complete: fetched 200 total CVEs
2026-06-29 20:06:55 | INFO     | nvd_fetch | Fetch complete: returned 200 vulnerabilities
2026-06-29 20:06:56 | INFO     | nvd_fetch | Fetching all vulnerabilities flat: keyword=None, max_results=10000, date_range=2025-06-19T00:00:00.000 to 2025-07-19T23:59:59.999
2026-06-29 20:06:56 | INFO     | nvd_fetch | Starting NVD vulnerability iteration: keyword=None, max_results=10000, date_range=2025-06-19T00:00:00.000 to 2025-07-19T23:59:59.999
2026-06-29 20:06:56 | DEBUG    | nvd_fetch | Fetching page 1: startIndex=0
2026-06-29 20:06:56 | DEBUG    | nvd_fetch | Fetching NVD page: startIndex=0, resultsPerPage=200
2026-06-29 20:06:56 | DEBUG    | nvd_fetch | Date range: 2025-06-19T00:00:00.000 to 2025-07-19T23:59:59.999
2026-06-29 20:06:57 | INFO     | nvd_fetch | Successfully fetched page at index 0, got 166 CVEs
2026-06-29 20:06:57 | DEBUG    | nvd_fetch | Extended list: now have 166 items
2026-06-29 20:06:57 | INFO     | nvd_fetch | NVD total results: 0
2026-06-29 20:06:57 | INFO     | nvd_fetch | Page 1: 166 CVEs (total fetched: 166)
2026-06-29 20:06:57 | INFO     | nvd_fetch | Reached NVD total (0), stopping
2026-06-29 20:06:57 | INFO     | nvd_fetch | Iteration complete: fetched 166 total CVEs
2026-06-29 20:06:57 | INFO     | nvd_fetch | Fetch complete: returned 166 vulnerabilities
2026-06-29 20:06:59 | INFO     | nvd_fetch | Fetching all vulnerabilities flat: keyword=None, max_results=10000, date_range=2025-07-19T00:00:00.000 to 2025-08-18T23:59:59.999
2026-06-29 20:06:59 | INFO     | nvd_fetch | Starting NVD vulnerability iteration: keyword=None, max_results=10000, date_range=2025-07-19T00:00:00.000 to 2025-08-18T23:59:59.999
2026-06-29 20:06:59 | DEBUG    | nvd_fetch | Fetching page 1: startIndex=0
2026-06-29 20:06:59 | DEBUG    | nvd_fetch | Fetching NVD page: startIndex=0, resultsPerPage=200
2026-06-29 20:06:59 | DEBUG    | nvd_fetch | Date range: 2025-07-19T00:00:00.000 to 2025-08-18T23:59:59.999
2026-06-29 20:07:00 | INFO     | nvd_fetch | Successfully fetched page at index 0, got 86 CVEs
2026-06-29 20:07:00 | DEBUG    | nvd_fetch | Extended list: now have 86 items
2026-06-29 20:07:00 | INFO     | nvd_fetch | NVD total results: 0
2026-06-29 20:07:00 | INFO     | nvd_fetch | Page 1: 86 CVEs (total fetched: 86)
2026-06-29 20:07:00 | INFO     | nvd_fetch | Reached NVD total (0), stopping
2026-06-29 20:07:00 | INFO     | nvd_fetch | Iteration complete: fetched 86 total CVEs
2026-06-29 20:07:00 | INFO     | nvd_fetch | Fetch complete: returned 86 vulnerabilities
2026-06-29 20:07:00 | INFO     | nvd_fetch | Fetching all vulnerabilities flat: keyword=None, max_results=10000, date_range=2025-08-18T00:00:00.000 to 2025-09-17T23:59:59.999
2026-06-29 20:07:00 | INFO     | nvd_fetch | Starting NVD vulnerability iteration: keyword=None, max_results=10000, date_range=2025-08-18T00:00:00.000 to 2025-09-17T23:59:59.999
2026-06-29 20:07:00 | DEBUG    | nvd_fetch | Fetching page 1: startIndex=0
2026-06-29 20:07:00 | DEBUG    | nvd_fetch | Fetching NVD page: startIndex=0, resultsPerPage=200
2026-06-29 20:07:00 | DEBUG    | nvd_fetch | Date range: 2025-08-18T00:00:00.000 to 2025-09-17T23:59:59.999
2026-06-29 20:07:02 | INFO     | nvd_fetch | Successfully fetched page at index 0, got 200 CVEs
2026-06-29 20:07:02 | DEBUG    | nvd_fetch | Extended list: now have 200 items
2026-06-29 20:07:02 | INFO     | nvd_fetch | NVD total results: 0
2026-06-29 20:07:02 | INFO     | nvd_fetch | Page 1: 200 CVEs (total fetched: 200)
2026-06-29 20:07:02 | INFO     | nvd_fetch | Reached NVD total (0), stopping
2026-06-29 20:07:02 | INFO     | nvd_fetch | Iteration complete: fetched 200 total CVEs
2026-06-29 20:07:02 | INFO     | nvd_fetch | Fetch complete: returned 200 vulnerabilities
2026-06-29 20:07:03 | INFO     | nvd_fetch | Fetching all vulnerabilities flat: keyword=None, max_results=10000, date_range=2025-09-17T00:00:00.000 to 2025-10-17T23:59:59.999
2026-06-29 20:07:03 | INFO     | nvd_fetch | Starting NVD vulnerability iteration: keyword=None, max_results=10000, date_range=2025-09-17T00:00:00.000 to 2025-10-17T23:59:59.999
2026-06-29 20:07:03 | DEBUG    | nvd_fetch | Fetching page 1: startIndex=0
2026-06-29 20:07:03 | DEBUG    | nvd_fetch | Fetching NVD page: startIndex=0, resultsPerPage=200
2026-06-29 20:07:03 | DEBUG    | nvd_fetch | Date range: 2025-09-17T00:00:00.000 to 2025-10-17T23:59:59.999
2026-06-29 20:07:04 | INFO     | nvd_fetch | Successfully fetched page at index 0, got 125 CVEs
2026-06-29 20:07:04 | DEBUG    | nvd_fetch | Extended list: now have 125 items
2026-06-29 20:07:04 | INFO     | nvd_fetch | NVD total results: 0
2026-06-29 20:07:04 | INFO     | nvd_fetch | Page 1: 125 CVEs (total fetched: 125)
2026-06-29 20:07:04 | INFO     | nvd_fetch | Reached NVD total (0), stopping
2026-06-29 20:07:04 | INFO     | nvd_fetch | Iteration complete: fetched 125 total CVEs
2026-06-29 20:07:04 | INFO     | nvd_fetch | Fetch complete: returned 125 vulnerabilities
2026-06-29 20:07:05 | INFO     | nvd_fetch | Fetching all vulnerabilities flat: keyword=None, max_results=10000, date_range=2025-10-17T00:00:00.000 to 2025-11-16T23:59:59.999
2026-06-29 20:07:05 | INFO     | nvd_fetch | Starting NVD vulnerability iteration: keyword=None, max_results=10000, date_range=2025-10-17T00:00:00.000 to 2025-11-16T23:59:59.999
2026-06-29 20:07:05 | DEBUG    | nvd_fetch | Fetching page 1: startIndex=0
2026-06-29 20:07:05 | DEBUG    | nvd_fetch | Fetching NVD page: startIndex=0, resultsPerPage=200
2026-06-29 20:07:05 | DEBUG    | nvd_fetch | Date range: 2025-10-17T00:00:00.000 to 2025-11-16T23:59:59.999
2026-06-29 20:07:06 | INFO     | nvd_fetch | Successfully fetched page at index 0, got 105 CVEs
2026-06-29 20:07:06 | DEBUG    | nvd_fetch | Extended list: now have 105 items
2026-06-29 20:07:06 | INFO     | nvd_fetch | NVD total results: 0
2026-06-29 20:07:06 | INFO     | nvd_fetch | Page 1: 105 CVEs (total fetched: 105)
2026-06-29 20:07:06 | INFO     | nvd_fetch | Reached NVD total (0), stopping
2026-06-29 20:07:06 | INFO     | nvd_fetch | Iteration complete: fetched 105 total CVEs
2026-06-29 20:07:06 | INFO     | nvd_fetch | Fetch complete: returned 105 vulnerabilities
2026-06-29 20:07:06 | INFO     | nvd_fetch | Fetching all vulnerabilities flat: keyword=None, max_results=10000, date_range=2025-11-16T00:00:00.000 to 2025-12-16T23:59:59.999
2026-06-29 20:07:06 | INFO     | nvd_fetch | Starting NVD vulnerability iteration: keyword=None, max_results=10000, date_range=2025-11-16T00:00:00.000 to 2025-12-16T23:59:59.999
2026-06-29 20:07:06 | DEBUG    | nvd_fetch | Fetching page 1: startIndex=0
2026-06-29 20:07:06 | DEBUG    | nvd_fetch | Fetching NVD page: startIndex=0, resultsPerPage=200
2026-06-29 20:07:06 | DEBUG    | nvd_fetch | Date range: 2025-11-16T00:00:00.000 to 2025-12-16T23:59:59.999
2026-06-29 20:07:07 | INFO     | nvd_fetch | Successfully fetched page at index 0, got 118 CVEs
2026-06-29 20:07:07 | DEBUG    | nvd_fetch | Extended list: now have 118 items
2026-06-29 20:07:07 | INFO     | nvd_fetch | NVD total results: 0
2026-06-29 20:07:07 | INFO     | nvd_fetch | Page 1: 118 CVEs (total fetched: 118)
2026-06-29 20:07:07 | INFO     | nvd_fetch | Reached NVD total (0), stopping
2026-06-29 20:07:07 | INFO     | nvd_fetch | Iteration complete: fetched 118 total CVEs
2026-06-29 20:07:07 | INFO     | nvd_fetch | Fetch complete: returned 118 vulnerabilities
2026-06-29 20:07:08 | INFO     | nvd_fetch | Fetching all vulnerabilities flat: keyword=None, max_results=10000, date_range=2025-12-16T00:00:00.000 to 2026-01-15T23:59:59.999
2026-06-29 20:07:08 | INFO     | nvd_fetch | Starting NVD vulnerability iteration: keyword=None, max_results=10000, date_range=2025-12-16T00:00:00.000 to 2026-01-15T23:59:59.999
2026-06-29 20:07:08 | DEBUG    | nvd_fetch | Fetching page 1: startIndex=0
2026-06-29 20:07:08 | DEBUG    | nvd_fetch | Fetching NVD page: startIndex=0, resultsPerPage=200
2026-06-29 20:07:08 | DEBUG    | nvd_fetch | Date range: 2025-12-16T00:00:00.000 to 2026-01-15T23:59:59.999
2026-06-29 20:07:09 | INFO     | nvd_fetch | Successfully fetched page at index 0, got 200 CVEs
2026-06-29 20:07:09 | DEBUG    | nvd_fetch | Extended list: now have 200 items
2026-06-29 20:07:09 | INFO     | nvd_fetch | NVD total results: 0
2026-06-29 20:07:09 | INFO     | nvd_fetch | Page 1: 200 CVEs (total fetched: 200)
2026-06-29 20:07:09 | INFO     | nvd_fetch | Reached NVD total (0), stopping
2026-06-29 20:07:09 | INFO     | nvd_fetch | Iteration complete: fetched 200 total CVEs
2026-06-29 20:07:09 | INFO     | nvd_fetch | Fetch complete: returned 200 vulnerabilities
2026-06-29 20:07:10 | INFO     | nvd_fetch | Fetching all vulnerabilities flat: keyword=None, max_results=10000, date_range=2026-01-15T00:00:00.000 to 2026-02-14T23:59:59.999
2026-06-29 20:07:10 | INFO     | nvd_fetch | Starting NVD vulnerability iteration: keyword=None, max_results=10000, date_range=2026-01-15T00:00:00.000 to 2026-02-14T23:59:59.999
2026-06-29 20:07:10 | DEBUG    | nvd_fetch | Fetching page 1: startIndex=0
2026-06-29 20:07:10 | DEBUG    | nvd_fetch | Fetching NVD page: startIndex=0, resultsPerPage=200
2026-06-29 20:07:10 | DEBUG    | nvd_fetch | Date range: 2026-01-15T00:00:00.000 to 2026-02-14T23:59:59.999
2026-06-29 20:07:12 | INFO     | nvd_fetch | Successfully fetched page at index 0, got 200 CVEs
2026-06-29 20:07:12 | DEBUG    | nvd_fetch | Extended list: now have 200 items
2026-06-29 20:07:12 | INFO     | nvd_fetch | NVD total results: 0
2026-06-29 20:07:12 | INFO     | nvd_fetch | Page 1: 200 CVEs (total fetched: 200)
2026-06-29 20:07:12 | INFO     | nvd_fetch | Reached NVD total (0), stopping
2026-06-29 20:07:12 | INFO     | nvd_fetch | Iteration complete: fetched 200 total CVEs
2026-06-29 20:07:12 | INFO     | nvd_fetch | Fetch complete: returned 200 vulnerabilities
2026-06-29 20:07:14 | INFO     | nvd_fetch | Fetching all vulnerabilities flat: keyword=None, max_results=10000, date_range=2026-02-14T00:00:00.000 to 2026-03-16T23:59:59.999
2026-06-29 20:07:14 | INFO     | nvd_fetch | Starting NVD vulnerability iteration: keyword=None, max_results=10000, date_range=2026-02-14T00:00:00.000 to 2026-03-16T23:59:59.999
2026-06-29 20:07:14 | DEBUG    | nvd_fetch | Fetching page 1: startIndex=0
2026-06-29 20:07:14 | DEBUG    | nvd_fetch | Fetching NVD page: startIndex=0, resultsPerPage=200
2026-06-29 20:07:14 | DEBUG    | nvd_fetch | Date range: 2026-02-14T00:00:00.000 to 2026-03-16T23:59:59.999
2026-06-29 20:07:15 | INFO     | nvd_fetch | Successfully fetched page at index 0, got 94 CVEs
2026-06-29 20:07:15 | DEBUG    | nvd_fetch | Extended list: now have 94 items
2026-06-29 20:07:15 | INFO     | nvd_fetch | NVD total results: 0
2026-06-29 20:07:15 | INFO     | nvd_fetch | Page 1: 94 CVEs (total fetched: 94)
2026-06-29 20:07:15 | INFO     | nvd_fetch | Reached NVD total (0), stopping
2026-06-29 20:07:15 | INFO     | nvd_fetch | Iteration complete: fetched 94 total CVEs
2026-06-29 20:07:15 | INFO     | nvd_fetch | Fetch complete: returned 94 vulnerabilities
2026-06-29 20:07:16 | INFO     | nvd_fetch | Fetching all vulnerabilities flat: keyword=None, max_results=10000, date_range=2026-03-16T00:00:00.000 to 2026-04-15T23:59:59.999
2026-06-29 20:07:16 | INFO     | nvd_fetch | Starting NVD vulnerability iteration: keyword=None, max_results=10000, date_range=2026-03-16T00:00:00.000 to 2026-04-15T23:59:59.999
2026-06-29 20:07:16 | DEBUG    | nvd_fetch | Fetching page 1: startIndex=0
2026-06-29 20:07:16 | DEBUG    | nvd_fetch | Fetching NVD page: startIndex=0, resultsPerPage=200
2026-06-29 20:07:16 | DEBUG    | nvd_fetch | Date range: 2026-03-16T00:00:00.000 to 2026-04-15T23:59:59.999
2026-06-29 20:07:16 | INFO     | nvd_fetch | Successfully fetched page at index 0, got 81 CVEs
2026-06-29 20:07:16 | DEBUG    | nvd_fetch | Extended list: now have 81 items
2026-06-29 20:07:16 | INFO     | nvd_fetch | NVD total results: 0
2026-06-29 20:07:16 | INFO     | nvd_fetch | Page 1: 81 CVEs (total fetched: 81)
2026-06-29 20:07:16 | INFO     | nvd_fetch | Reached NVD total (0), stopping
2026-06-29 20:07:16 | INFO     | nvd_fetch | Iteration complete: fetched 81 total CVEs
2026-06-29 20:07:16 | INFO     | nvd_fetch | Fetch complete: returned 81 vulnerabilities
2026-06-29 20:07:17 | INFO     | nvd_fetch | Fetching all vulnerabilities flat: keyword=None, max_results=10000, date_range=2026-04-15T00:00:00.000 to 2026-05-15T23:59:59.999
2026-06-29 20:07:17 | INFO     | nvd_fetch | Starting NVD vulnerability iteration: keyword=None, max_results=10000, date_range=2026-04-15T00:00:00.000 to 2026-05-15T23:59:59.999
2026-06-29 20:07:17 | DEBUG    | nvd_fetch | Fetching page 1: startIndex=0
2026-06-29 20:07:17 | DEBUG    | nvd_fetch | Fetching NVD page: startIndex=0, resultsPerPage=200
2026-06-29 20:07:17 | DEBUG    | nvd_fetch | Date range: 2026-04-15T00:00:00.000 to 2026-05-15T23:59:59.999
2026-06-29 20:07:18 | INFO     | nvd_fetch | Successfully fetched page at index 0, got 66 CVEs
2026-06-29 20:07:18 | DEBUG    | nvd_fetch | Extended list: now have 66 items
2026-06-29 20:07:18 | INFO     | nvd_fetch | NVD total results: 0
2026-06-29 20:07:18 | INFO     | nvd_fetch | Page 1: 66 CVEs (total fetched: 66)
2026-06-29 20:07:18 | INFO     | nvd_fetch | Reached NVD total (0), stopping
2026-06-29 20:07:18 | INFO     | nvd_fetch | Iteration complete: fetched 66 total CVEs
2026-06-29 20:07:18 | INFO     | nvd_fetch | Fetch complete: returned 66 vulnerabilities
2026-06-29 20:07:18 | INFO     | nvd_fetch | Fetching all vulnerabilities flat: keyword=None, max_results=10000, date_range=2026-05-15T00:00:00.000 to 2026-06-14T23:59:59.999
2026-06-29 20:07:18 | INFO     | nvd_fetch | Starting NVD vulnerability iteration: keyword=None, max_results=10000, date_range=2026-05-15T00:00:00.000 to 2026-06-14T23:59:59.999
2026-06-29 20:07:18 | DEBUG    | nvd_fetch | Fetching page 1: startIndex=0
2026-06-29 20:07:18 | DEBUG    | nvd_fetch | Fetching NVD page: startIndex=0, resultsPerPage=200
2026-06-29 20:07:18 | DEBUG    | nvd_fetch | Date range: 2026-05-15T00:00:00.000 to 2026-06-14T23:59:59.999
2026-06-29 20:07:19 | INFO     | nvd_fetch | Successfully fetched page at index 0, got 48 CVEs
2026-06-29 20:07:19 | DEBUG    | nvd_fetch | Extended list: now have 48 items
2026-06-29 20:07:19 | INFO     | nvd_fetch | NVD total results: 0
2026-06-29 20:07:19 | INFO     | nvd_fetch | Page 1: 48 CVEs (total fetched: 48)
2026-06-29 20:07:19 | INFO     | nvd_fetch | Reached NVD total (0), stopping
2026-06-29 20:07:19 | INFO     | nvd_fetch | Iteration complete: fetched 48 total CVEs
2026-06-29 20:07:19 | INFO     | nvd_fetch | Fetch complete: returned 48 vulnerabilities
2026-06-29 20:07:19 | INFO     | nvd_fetch | Fetching all vulnerabilities flat: keyword=None, max_results=10000, date_range=2026-06-14T00:00:00.000 to 2026-06-29T23:59:59.999
2026-06-29 20:07:19 | INFO     | nvd_fetch | Starting NVD vulnerability iteration: keyword=None, max_results=10000, date_range=2026-06-14T00:00:00.000 to 2026-06-29T23:59:59.999
2026-06-29 20:07:19 | DEBUG    | nvd_fetch | Fetching page 1: startIndex=0
2026-06-29 20:07:19 | DEBUG    | nvd_fetch | Fetching NVD page: startIndex=0, resultsPerPage=200
2026-06-29 20:07:19 | DEBUG    | nvd_fetch | Date range: 2026-06-14T00:00:00.000 to 2026-06-29T23:59:59.999
2026-06-29 20:07:22 | INFO     | nvd_fetch | Successfully fetched page at index 0, got 200 CVEs
2026-06-29 20:07:22 | DEBUG    | nvd_fetch | Extended list: now have 200 items
2026-06-29 20:07:22 | INFO     | nvd_fetch | NVD total results: 0
2026-06-29 20:07:22 | INFO     | nvd_fetch | Page 1: 200 CVEs (total fetched: 200)
2026-06-29 20:07:22 | INFO     | nvd_fetch | Reached NVD total (0), stopping
2026-06-29 20:07:22 | INFO     | nvd_fetch | Iteration complete: fetched 200 total CVEs
2026-06-29 20:07:22 | INFO     | nvd_fetch | Fetch complete: returned 200 vulnerabilities
2026-07-01 20:30:54 | DEBUG    | nvd_fetch | Fetching NVD page: startIndex=0, resultsPerPage=200
2026-07-01 20:30:54 | DEBUG    | nvd_fetch | Specific CVE: CVE-2026-48558
2026-07-01 20:30:55 | INFO     | nvd_fetch | Successfully fetched page at index 0, got 1 CVEs
2026-07-01 20:31:02 | DEBUG    | nvd_fetch | Fetching NVD page: startIndex=0, resultsPerPage=200
2026-07-01 20:31:02 | DEBUG    | nvd_fetch | Specific CVE: CVE-2026-12569
2026-07-01 20:31:02 | INFO     | nvd_fetch | Successfully fetched page at index 0, got 1 CVEs
2026-07-01 20:31:09 | DEBUG    | nvd_fetch | Fetching NVD page: startIndex=0, resultsPerPage=200
2026-07-01 20:31:09 | DEBUG    | nvd_fetch | Specific CVE: CVE-2026-20230
2026-07-01 20:31:09 | INFO     | nvd_fetch | Successfully fetched page at index 0, got 1 CVEs
2026-07-01 20:31:16 | DEBUG    | nvd_fetch | Fetching NVD page: startIndex=0, resultsPerPage=200
2026-07-01 20:31:16 | DEBUG    | nvd_fetch | Specific CVE: CVE-2025-67038
2026-07-01 20:31:17 | INFO     | nvd_fetch | Successfully fetched page at index 0, got 1 CVEs
2026-07-01 20:31:24 | DEBUG    | nvd_fetch | Fetching NVD page: startIndex=0, resultsPerPage=200
2026-07-01 20:31:24 | DEBUG    | nvd_fetch | Specific CVE: CVE-2026-34910
2026-07-01 20:31:24 | INFO     | nvd_fetch | Successfully fetched page at index 0, got 1 CVEs
2026-07-01 20:31:30 | DEBUG    | nvd_fetch | Fetching NVD page: startIndex=0, resultsPerPage=200
2026-07-01 20:31:30 | DEBUG    | nvd_fetch | Specific CVE: CVE-2026-34909
2026-07-01 20:31:34 | INFO     | nvd_fetch | Successfully fetched page at index 0, got 1 CVEs
2026-07-01 20:31:40 | DEBUG    | nvd_fetch | Fetching NVD page: startIndex=0, resultsPerPage=200
2026-07-01 20:31:40 | DEBUG    | nvd_fetch | Specific CVE: CVE-2026-34908
2026-07-01 20:31:44 | INFO     | nvd_fetch | Successfully fetched page at index 0, got 1 CVEs
2026-07-01 20:31:51 | DEBUG    | nvd_fetch | Fetching NVD page: startIndex=0, resultsPerPage=200
2026-07-01 20:31:51 | DEBUG    | nvd_fetch | Specific CVE: CVE-2026-20253
2026-07-01 20:31:51 | INFO     | nvd_fetch | Successfully fetched page at index 0, got 1 CVEs
2026-07-01 20:31:57 | DEBUG    | nvd_fetch | Fetching NVD page: startIndex=0, resultsPerPage=200
2026-07-01 20:31:57 | DEBUG    | nvd_fetch | Specific CVE: CVE-2026-48907
2026-07-01 20:31:59 | INFO     | nvd_fetch | Successfully fetched page at index 0, got 1 CVEs
2026-07-01 20:32:06 | DEBUG    | nvd_fetch | Fetching NVD page: startIndex=0, resultsPerPage=200
2026-07-01 20:32:06 | DEBUG    | nvd_fetch | Specific CVE: CVE-2026-54420
2026-07-01 20:32:06 | INFO     | nvd_fetch | Successfully fetched page at index 0, got 1 CVEs
2026-07-01 20:32:13 | DEBUG    | nvd_fetch | Fetching NVD page: startIndex=0, resultsPerPage=200
2026-07-01 20:32:13 | DEBUG    | nvd_fetch | Specific CVE: CVE-2026-20262
2026-07-01 20:32:13 | INFO     | nvd_fetch | Successfully fetched page at index 0, got 1 CVEs
2026-07-01 20:32:20 | DEBUG    | nvd_fetch | Fetching NVD page: startIndex=0, resultsPerPage=200
2026-07-01 20:32:20 | DEBUG    | nvd_fetch | Specific CVE: CVE-2026-35273
2026-07-01 20:32:20 | INFO     | nvd_fetch | Successfully fetched page at index 0, got 1 CVEs
2026-07-01 20:32:26 | DEBUG    | nvd_fetch | Fetching NVD page: startIndex=0, resultsPerPage=200
2026-07-01 20:32:26 | DEBUG    | nvd_fetch | Specific CVE: CVE-2026-10520
2026-07-01 20:32:27 | INFO     | nvd_fetch | Successfully fetched page at index 0, got 1 CVEs
2026-07-01 20:32:33 | DEBUG    | nvd_fetch | Fetching NVD page: startIndex=0, resultsPerPage=200
2026-07-01 20:32:33 | DEBUG    | nvd_fetch | Specific CVE: CVE-2026-11645
2026-07-01 20:32:34 | INFO     | nvd_fetch | Successfully fetched page at index 0, got 1 CVEs
2026-07-01 20:32:41 | DEBUG    | nvd_fetch | Fetching NVD page: startIndex=0, resultsPerPage=200
2026-07-01 20:32:41 | DEBUG    | nvd_fetch | Specific CVE: CVE-2026-7473
2026-07-01 20:32:41 | INFO     | nvd_fetch | Successfully fetched page at index 0, got 1 CVEs
2026-07-01 20:32:47 | DEBUG    | nvd_fetch | Fetching NVD page: startIndex=0, resultsPerPage=200
2026-07-01 20:32:47 | DEBUG    | nvd_fetch | Specific CVE: CVE-2026-20245
2026-07-01 20:32:48 | INFO     | nvd_fetch | Successfully fetched page at index 0, got 1 CVEs
2026-07-01 20:32:54 | DEBUG    | nvd_fetch | Fetching NVD page: startIndex=0, resultsPerPage=200
2026-07-01 20:32:54 | DEBUG    | nvd_fetch | Specific CVE: CVE-2026-42271
2026-07-01 20:32:55 | INFO     | nvd_fetch | Successfully fetched page at index 0, got 1 CVEs
2026-07-01 20:33:01 | DEBUG    | nvd_fetch | Fetching NVD page: startIndex=0, resultsPerPage=200
2026-07-01 20:33:01 | DEBUG    | nvd_fetch | Specific CVE: CVE-2026-50751
2026-07-01 20:33:02 | INFO     | nvd_fetch | Successfully fetched page at index 0, got 1 CVEs
2026-07-01 20:33:08 | DEBUG    | nvd_fetch | Fetching NVD page: startIndex=0, resultsPerPage=200
2026-07-01 20:33:08 | DEBUG    | nvd_fetch | Specific CVE: CVE-2026-28318
2026-07-01 20:33:08 | INFO     | nvd_fetch | Successfully fetched page at index 0, got 1 CVEs
2026-07-01 20:33:15 | DEBUG    | nvd_fetch | Fetching NVD page: startIndex=0, resultsPerPage=200
2026-07-01 20:33:15 | DEBUG    | nvd_fetch | Specific CVE: CVE-2026-45247
2026-07-01 20:33:16 | INFO     | nvd_fetch | Successfully fetched page at index 0, got 1 CVEs
2026-07-01 20:33:23 | DEBUG    | nvd_fetch | Fetching NVD page: startIndex=0, resultsPerPage=200
2026-07-01 20:33:23 | DEBUG    | nvd_fetch | Specific CVE: CVE-2022-0492
2026-07-01 20:33:26 | INFO     | nvd_fetch | Successfully fetched page at index 0, got 1 CVEs
2026-07-01 20:33:33 | DEBUG    | nvd_fetch | Fetching NVD page: startIndex=0, resultsPerPage=200
2026-07-01 20:33:33 | DEBUG    | nvd_fetch | Specific CVE: CVE-2025-48595
2026-07-01 20:33:34 | INFO     | nvd_fetch | Successfully fetched page at index 0, got 1 CVEs
2026-07-01 20:33:41 | DEBUG    | nvd_fetch | Fetching NVD page: startIndex=0, resultsPerPage=200
2026-07-01 20:33:41 | DEBUG    | nvd_fetch | Specific CVE: CVE-2024-21182
2026-07-01 20:33:42 | INFO     | nvd_fetch | Successfully fetched page at index 0, got 1 CVEs
2026-07-01 20:33:49 | DEBUG    | nvd_fetch | Fetching NVD page: startIndex=0, resultsPerPage=200
2026-07-01 20:33:49 | DEBUG    | nvd_fetch | Specific CVE: CVE-2026-0257
2026-07-01 20:33:49 | INFO     | nvd_fetch | Successfully fetched page at index 0, got 1 CVEs
2026-07-01 20:33:56 | DEBUG    | nvd_fetch | Fetching NVD page: startIndex=0, resultsPerPage=200
2026-07-01 20:33:56 | DEBUG    | nvd_fetch | Specific CVE: CVE-2026-48027
2026-07-01 20:33:56 | INFO     | nvd_fetch | Successfully fetched page at index 0, got 1 CVEs
2026-07-01 20:34:02 | DEBUG    | nvd_fetch | Fetching NVD page: startIndex=0, resultsPerPage=200
2026-07-01 20:34:02 | DEBUG    | nvd_fetch | Specific CVE: CVE-2026-45321
2026-07-01 20:34:05 | INFO     | nvd_fetch | Successfully fetched page at index 0, got 1 CVEs
2026-07-01 20:34:11 | DEBUG    | nvd_fetch | Fetching NVD page: startIndex=0, resultsPerPage=200
2026-07-01 20:34:11 | DEBUG    | nvd_fetch | Specific CVE: CVE-2026-8398
2026-07-01 20:34:11 | INFO     | nvd_fetch | Successfully fetched page at index 0, got 1 CVEs
2026-07-01 20:34:18 | DEBUG    | nvd_fetch | Fetching NVD page: startIndex=0, resultsPerPage=200
2026-07-01 20:34:18 | DEBUG    | nvd_fetch | Specific CVE: CVE-2026-48172
2026-07-01 20:34:19 | INFO     | nvd_fetch | Successfully fetched page at index 0, got 1 CVEs
2026-07-01 20:34:25 | DEBUG    | nvd_fetch | Fetching NVD page: startIndex=0, resultsPerPage=200
2026-07-01 20:34:25 | DEBUG    | nvd_fetch | Specific CVE: CVE-2026-9082
2026-07-01 20:34:26 | INFO     | nvd_fetch | Successfully fetched page at index 0, got 1 CVEs
2026-07-01 20:34:32 | DEBUG    | nvd_fetch | Fetching NVD page: startIndex=0, resultsPerPage=200
2026-07-01 20:34:32 | DEBUG    | nvd_fetch | Specific CVE: CVE-2025-34291
2026-07-01 20:34:33 | INFO     | nvd_fetch | Successfully fetched page at index 0, got 1 CVEs
2026-07-01 20:34:39 | DEBUG    | nvd_fetch | Fetching NVD page: startIndex=0, resultsPerPage=200
2026-07-01 20:34:39 | DEBUG    | nvd_fetch | Specific CVE: CVE-2026-34926
2026-07-01 20:34:39 | INFO     | nvd_fetch | Successfully fetched page at index 0, got 1 CVEs
2026-07-01 20:34:46 | DEBUG    | nvd_fetch | Fetching NVD page: startIndex=0, resultsPerPage=200
2026-07-01 20:34:46 | DEBUG    | nvd_fetch | Specific CVE: CVE-2008-4250
2026-07-01 20:34:48 | INFO     | nvd_fetch | Successfully fetched page at index 0, got 1 CVEs
2026-07-01 20:34:54 | DEBUG    | nvd_fetch | Fetching NVD page: startIndex=0, resultsPerPage=200
2026-07-01 20:34:54 | DEBUG    | nvd_fetch | Specific CVE: CVE-2009-1537
2026-07-01 20:34:57 | INFO     | nvd_fetch | Successfully fetched page at index 0, got 1 CVEs
2026-07-01 20:35:03 | DEBUG    | nvd_fetch | Fetching NVD page: startIndex=0, resultsPerPage=200
2026-07-01 20:35:03 | DEBUG    | nvd_fetch | Specific CVE: CVE-2009-3459
2026-07-01 20:35:08 | INFO     | nvd_fetch | Successfully fetched page at index 0, got 1 CVEs
2026-07-01 20:35:14 | DEBUG    | nvd_fetch | Fetching NVD page: startIndex=0, resultsPerPage=200
2026-07-01 20:35:14 | DEBUG    | nvd_fetch | Specific CVE: CVE-2010-0249
2026-07-01 20:35:18 | INFO     | nvd_fetch | Successfully fetched page at index 0, got 1 CVEs
2026-07-01 20:35:24 | DEBUG    | nvd_fetch | Fetching NVD page: startIndex=0, resultsPerPage=200
2026-07-01 20:35:24 | DEBUG    | nvd_fetch | Specific CVE: CVE-2010-0806
2026-07-01 20:35:26 | INFO     | nvd_fetch | Successfully fetched page at index 0, got 1 CVEs
2026-07-01 20:35:33 | DEBUG    | nvd_fetch | Fetching NVD page: startIndex=0, resultsPerPage=200
2026-07-01 20:35:33 | DEBUG    | nvd_fetch | Specific CVE: CVE-2026-41091
2026-07-01 20:35:33 | INFO     | nvd_fetch | Successfully fetched page at index 0, got 1 CVEs
2026-07-01 20:35:40 | DEBUG    | nvd_fetch | Fetching NVD page: startIndex=0, resultsPerPage=200
2026-07-01 20:35:40 | DEBUG    | nvd_fetch | Specific CVE: CVE-2026-45498
2026-07-01 20:35:40 | INFO     | nvd_fetch | Successfully fetched page at index 0, got 1 CVEs
2026-07-01 20:35:46 | DEBUG    | nvd_fetch | Fetching NVD page: startIndex=0, resultsPerPage=200
2026-07-01 20:35:46 | DEBUG    | nvd_fetch | Specific CVE: CVE-2026-42897
2026-07-01 20:35:48 | INFO     | nvd_fetch | Successfully fetched page at index 0, got 1 CVEs
2026-07-01 20:35:55 | DEBUG    | nvd_fetch | Fetching NVD page: startIndex=0, resultsPerPage=200
2026-07-01 20:35:55 | DEBUG    | nvd_fetch | Specific CVE: CVE-2026-20182
2026-07-01 20:35:56 | INFO     | nvd_fetch | Successfully fetched page at index 0, got 1 CVEs
2026-07-01 20:36:03 | DEBUG    | nvd_fetch | Fetching NVD page: startIndex=0, resultsPerPage=200
2026-07-01 20:36:03 | DEBUG    | nvd_fetch | Specific CVE: CVE-2026-42208
2026-07-01 20:36:04 | INFO     | nvd_fetch | Successfully fetched page at index 0, got 1 CVEs
2026-07-01 20:36:11 | DEBUG    | nvd_fetch | Fetching NVD page: startIndex=0, resultsPerPage=200
2026-07-01 20:36:11 | DEBUG    | nvd_fetch | Specific CVE: CVE-2026-6973
2026-07-01 20:36:11 | INFO     | nvd_fetch | Successfully fetched page at index 0, got 1 CVEs
2026-07-01 20:36:17 | DEBUG    | nvd_fetch | Fetching NVD page: startIndex=0, resultsPerPage=200
2026-07-01 20:36:17 | DEBUG    | nvd_fetch | Specific CVE: CVE-2026-0300
2026-07-01 20:36:18 | INFO     | nvd_fetch | Successfully fetched page at index 0, got 1 CVEs
2026-07-01 20:36:25 | DEBUG    | nvd_fetch | Fetching NVD page: startIndex=0, resultsPerPage=200
2026-07-01 20:36:25 | DEBUG    | nvd_fetch | Specific CVE: CVE-2026-31431
2026-07-01 20:36:26 | INFO     | nvd_fetch | Successfully fetched page at index 0, got 1 CVEs
2026-07-01 20:36:32 | DEBUG    | nvd_fetch | Fetching NVD page: startIndex=0, resultsPerPage=200
2026-07-01 20:36:32 | DEBUG    | nvd_fetch | Specific CVE: CVE-2026-41940
2026-07-01 20:36:32 | INFO     | nvd_fetch | Successfully fetched page at index 0, got 1 CVEs
2026-07-01 20:36:39 | DEBUG    | nvd_fetch | Fetching NVD page: startIndex=0, resultsPerPage=200
2026-07-01 20:36:39 | DEBUG    | nvd_fetch | Specific CVE: CVE-2024-1708
2026-07-01 20:36:39 | INFO     | nvd_fetch | Successfully fetched page at index 0, got 1 CVEs
2026-07-01 20:36:46 | DEBUG    | nvd_fetch | Fetching NVD page: startIndex=0, resultsPerPage=200
2026-07-01 20:36:46 | DEBUG    | nvd_fetch | Specific CVE: CVE-2026-32202
2026-07-01 20:36:46 | INFO     | nvd_fetch | Successfully fetched page at index 0, got 1 CVEs
2026-07-01 20:36:52 | DEBUG    | nvd_fetch | Fetching NVD page: startIndex=0, resultsPerPage=200
2026-07-01 20:36:52 | DEBUG    | nvd_fetch | Specific CVE: CVE-2025-29635
2026-07-01 20:36:53 | INFO     | nvd_fetch | Successfully fetched page at index 0, got 1 CVEs
2026-07-01 20:36:59 | DEBUG    | nvd_fetch | Fetching NVD page: startIndex=0, resultsPerPage=200
2026-07-01 20:36:59 | DEBUG    | nvd_fetch | Specific CVE: CVE-2024-7399
2026-07-01 20:37:00 | INFO     | nvd_fetch | Successfully fetched page at index 0, got 1 CVEs
2026-07-01 20:37:07 | DEBUG    | nvd_fetch | Fetching NVD page: startIndex=0, resultsPerPage=200
2026-07-01 20:37:07 | DEBUG    | nvd_fetch | Specific CVE: CVE-2024-57728
2026-07-01 20:37:07 | INFO     | nvd_fetch | Successfully fetched page at index 0, got 1 CVEs
2026-07-01 20:37:13 | DEBUG    | nvd_fetch | Fetching NVD page: startIndex=0, resultsPerPage=200
2026-07-01 20:37:13 | DEBUG    | nvd_fetch | Specific CVE: CVE-2024-57726
2026-07-01 20:37:16 | INFO     | nvd_fetch | Successfully fetched page at index 0, got 1 CVEs
2026-07-01 20:37:22 | DEBUG    | nvd_fetch | Fetching NVD page: startIndex=0, resultsPerPage=200
2026-07-01 20:37:22 | DEBUG    | nvd_fetch | Specific CVE: CVE-2026-39987
2026-07-01 20:37:23 | INFO     | nvd_fetch | Successfully fetched page at index 0, got 1 CVEs
2026-07-01 20:37:29 | DEBUG    | nvd_fetch | Fetching NVD page: startIndex=0, resultsPerPage=200
2026-07-01 20:37:29 | DEBUG    | nvd_fetch | Specific CVE: CVE-2026-33825
2026-07-01 20:37:29 | INFO     | nvd_fetch | Successfully fetched page at index 0, got 1 CVEs
2026-07-01 20:37:36 | DEBUG    | nvd_fetch | Fetching NVD page: startIndex=0, resultsPerPage=200
2026-07-01 20:37:36 | DEBUG    | nvd_fetch | Specific CVE: CVE-2026-20122
2026-07-01 20:37:38 | INFO     | nvd_fetch | Successfully fetched page at index 0, got 1 CVEs
2026-07-01 20:37:44 | DEBUG    | nvd_fetch | Fetching NVD page: startIndex=0, resultsPerPage=200
2026-07-01 20:37:44 | DEBUG    | nvd_fetch | Specific CVE: CVE-2026-20133
2026-07-01 20:37:45 | INFO     | nvd_fetch | Successfully fetched page at index 0, got 1 CVEs
2026-07-01 20:37:51 | DEBUG    | nvd_fetch | Fetching NVD page: startIndex=0, resultsPerPage=200
2026-07-01 20:37:51 | DEBUG    | nvd_fetch | Specific CVE: CVE-2025-2749
2026-07-01 20:37:51 | INFO     | nvd_fetch | Successfully fetched page at index 0, got 1 CVEs
2026-07-01 20:37:58 | DEBUG    | nvd_fetch | Fetching NVD page: startIndex=0, resultsPerPage=200
2026-07-01 20:37:58 | DEBUG    | nvd_fetch | Specific CVE: CVE-2023-27351
2026-07-01 20:37:58 | INFO     | nvd_fetch | Successfully fetched page at index 0, got 1 CVEs
2026-07-01 20:38:05 | DEBUG    | nvd_fetch | Fetching NVD page: startIndex=0, resultsPerPage=200
2026-07-01 20:38:05 | DEBUG    | nvd_fetch | Specific CVE: CVE-2025-48700
2026-07-01 20:38:06 | INFO     | nvd_fetch | Successfully fetched page at index 0, got 1 CVEs
2026-07-01 20:38:12 | DEBUG    | nvd_fetch | Fetching NVD page: startIndex=0, resultsPerPage=200
2026-07-01 20:38:12 | DEBUG    | nvd_fetch | Specific CVE: CVE-2026-20128
2026-07-01 20:38:13 | INFO     | nvd_fetch | Successfully fetched page at index 0, got 1 CVEs
2026-07-01 20:38:19 | DEBUG    | nvd_fetch | Fetching NVD page: startIndex=0, resultsPerPage=200
2026-07-01 20:38:19 | DEBUG    | nvd_fetch | Specific CVE: CVE-2025-32975
2026-07-01 20:38:19 | INFO     | nvd_fetch | Successfully fetched page at index 0, got 1 CVEs
2026-07-01 20:38:26 | DEBUG    | nvd_fetch | Fetching NVD page: startIndex=0, resultsPerPage=200
2026-07-01 20:38:26 | DEBUG    | nvd_fetch | Specific CVE: CVE-2024-27199
2026-07-01 20:38:26 | INFO     | nvd_fetch | Successfully fetched page at index 0, got 1 CVEs
2026-07-01 20:38:33 | DEBUG    | nvd_fetch | Fetching NVD page: startIndex=0, resultsPerPage=200
2026-07-01 20:38:33 | DEBUG    | nvd_fetch | Specific CVE: CVE-2026-34197
2026-07-01 20:38:33 | INFO     | nvd_fetch | Successfully fetched page at index 0, got 1 CVEs
2026-07-01 20:38:39 | DEBUG    | nvd_fetch | Fetching NVD page: startIndex=0, resultsPerPage=200
2026-07-01 20:38:39 | DEBUG    | nvd_fetch | Specific CVE: CVE-2009-0238
2026-07-01 20:38:40 | INFO     | nvd_fetch | Successfully fetched page at index 0, got 1 CVEs
2026-07-01 20:38:46 | DEBUG    | nvd_fetch | Fetching NVD page: startIndex=0, resultsPerPage=200
2026-07-01 20:38:46 | DEBUG    | nvd_fetch | Specific CVE: CVE-2026-32201
2026-07-01 20:38:47 | INFO     | nvd_fetch | Successfully fetched page at index 0, got 1 CVEs
2026-07-01 20:38:53 | DEBUG    | nvd_fetch | Fetching NVD page: startIndex=0, resultsPerPage=200
2026-07-01 20:38:53 | DEBUG    | nvd_fetch | Specific CVE: CVE-2012-1854
2026-07-01 20:38:54 | INFO     | nvd_fetch | Successfully fetched page at index 0, got 1 CVEs
2026-07-01 20:39:00 | DEBUG    | nvd_fetch | Fetching NVD page: startIndex=0, resultsPerPage=200
2026-07-01 20:39:00 | DEBUG    | nvd_fetch | Specific CVE: CVE-2025-60710
2026-07-01 20:39:00 | INFO     | nvd_fetch | Successfully fetched page at index 0, got 1 CVEs
2026-07-01 20:39:07 | DEBUG    | nvd_fetch | Fetching NVD page: startIndex=0, resultsPerPage=200
2026-07-01 20:39:07 | DEBUG    | nvd_fetch | Specific CVE: CVE-2023-21529
2026-07-01 20:39:07 | INFO     | nvd_fetch | Successfully fetched page at index 0, got 1 CVEs
2026-07-01 20:39:14 | DEBUG    | nvd_fetch | Fetching NVD page: startIndex=0, resultsPerPage=200
2026-07-01 20:39:14 | DEBUG    | nvd_fetch | Specific CVE: CVE-2023-36424
2026-07-01 20:39:14 | INFO     | nvd_fetch | Successfully fetched page at index 0, got 1 CVEs
2026-07-01 20:39:21 | DEBUG    | nvd_fetch | Fetching NVD page: startIndex=0, resultsPerPage=200
2026-07-01 20:39:21 | DEBUG    | nvd_fetch | Specific CVE: CVE-2020-9715
2026-07-01 20:39:21 | INFO     | nvd_fetch | Successfully fetched page at index 0, got 1 CVEs
2026-07-01 20:39:27 | DEBUG    | nvd_fetch | Fetching NVD page: startIndex=0, resultsPerPage=200
2026-07-01 20:39:27 | DEBUG    | nvd_fetch | Specific CVE: CVE-2026-21643
2026-07-01 20:39:28 | INFO     | nvd_fetch | Successfully fetched page at index 0, got 1 CVEs
2026-07-01 20:39:34 | DEBUG    | nvd_fetch | Fetching NVD page: startIndex=0, resultsPerPage=200
2026-07-01 20:39:34 | DEBUG    | nvd_fetch | Specific CVE: CVE-2026-34621
2026-07-01 20:39:34 | INFO     | nvd_fetch | Successfully fetched page at index 0, got 1 CVEs
2026-07-01 20:39:41 | DEBUG    | nvd_fetch | Fetching NVD page: startIndex=0, resultsPerPage=200
2026-07-01 20:39:41 | DEBUG    | nvd_fetch | Specific CVE: CVE-2026-1340
2026-07-01 20:39:41 | INFO     | nvd_fetch | Successfully fetched page at index 0, got 1 CVEs
2026-07-01 20:39:48 | DEBUG    | nvd_fetch | Fetching NVD page: startIndex=0, resultsPerPage=200
2026-07-01 20:39:48 | DEBUG    | nvd_fetch | Specific CVE: CVE-2026-35616
2026-07-01 20:39:48 | INFO     | nvd_fetch | Successfully fetched page at index 0, got 1 CVEs
2026-07-01 20:39:55 | DEBUG    | nvd_fetch | Fetching NVD page: startIndex=0, resultsPerPage=200
2026-07-01 20:39:55 | DEBUG    | nvd_fetch | Specific CVE: CVE-2026-3502
2026-07-01 20:39:55 | INFO     | nvd_fetch | Successfully fetched page at index 0, got 1 CVEs
2026-07-01 20:40:02 | DEBUG    | nvd_fetch | Fetching NVD page: startIndex=0, resultsPerPage=200
2026-07-01 20:40:02 | DEBUG    | nvd_fetch | Specific CVE: CVE-2026-5281
2026-07-01 20:40:02 | INFO     | nvd_fetch | Successfully fetched page at index 0, got 1 CVEs
2026-07-01 20:40:08 | DEBUG    | nvd_fetch | Fetching NVD page: startIndex=0, resultsPerPage=200
2026-07-01 20:40:08 | DEBUG    | nvd_fetch | Specific CVE: CVE-2026-3055
2026-07-01 20:40:09 | INFO     | nvd_fetch | Successfully fetched page at index 0, got 1 CVEs
2026-07-01 20:40:15 | DEBUG    | nvd_fetch | Fetching NVD page: startIndex=0, resultsPerPage=200
2026-07-01 20:40:15 | DEBUG    | nvd_fetch | Specific CVE: CVE-2025-53521
2026-07-01 20:40:15 | INFO     | nvd_fetch | Successfully fetched page at index 0, got 1 CVEs
2026-07-01 20:40:22 | DEBUG    | nvd_fetch | Fetching NVD page: startIndex=0, resultsPerPage=200
2026-07-01 20:40:22 | DEBUG    | nvd_fetch | Specific CVE: CVE-2026-33634
2026-07-01 20:40:23 | INFO     | nvd_fetch | Successfully fetched page at index 0, got 1 CVEs
2026-07-01 20:40:29 | DEBUG    | nvd_fetch | Fetching NVD page: startIndex=0, resultsPerPage=200
2026-07-01 20:40:29 | DEBUG    | nvd_fetch | Specific CVE: CVE-2026-33017
2026-07-01 20:40:29 | INFO     | nvd_fetch | Successfully fetched page at index 0, got 1 CVEs
2026-07-01 20:40:36 | DEBUG    | nvd_fetch | Fetching NVD page: startIndex=0, resultsPerPage=200
2026-07-01 20:40:36 | DEBUG    | nvd_fetch | Specific CVE: CVE-2025-32432
2026-07-01 20:40:36 | INFO     | nvd_fetch | Successfully fetched page at index 0, got 1 CVEs
2026-07-01 20:40:43 | DEBUG    | nvd_fetch | Fetching NVD page: startIndex=0, resultsPerPage=200
2026-07-01 20:40:43 | DEBUG    | nvd_fetch | Specific CVE: CVE-2025-54068
2026-07-01 20:40:43 | INFO     | nvd_fetch | Successfully fetched page at index 0, got 1 CVEs
2026-07-01 20:40:50 | DEBUG    | nvd_fetch | Fetching NVD page: startIndex=0, resultsPerPage=200
2026-07-01 20:40:50 | DEBUG    | nvd_fetch | Specific CVE: CVE-2025-43510
2026-07-01 20:40:50 | INFO     | nvd_fetch | Successfully fetched page at index 0, got 1 CVEs
2026-07-01 20:40:56 | DEBUG    | nvd_fetch | Fetching NVD page: startIndex=0, resultsPerPage=200
2026-07-01 20:40:56 | DEBUG    | nvd_fetch | Specific CVE: CVE-2025-43520
2026-07-01 20:40:57 | INFO     | nvd_fetch | Successfully fetched page at index 0, got 1 CVEs
2026-07-01 20:41:03 | DEBUG    | nvd_fetch | Fetching NVD page: startIndex=0, resultsPerPage=200
2026-07-01 20:41:03 | DEBUG    | nvd_fetch | Specific CVE: CVE-2025-31277
2026-07-01 20:41:03 | INFO     | nvd_fetch | Successfully fetched page at index 0, got 1 CVEs
2026-07-01 20:41:10 | DEBUG    | nvd_fetch | Fetching NVD page: startIndex=0, resultsPerPage=200
2026-07-01 20:41:10 | DEBUG    | nvd_fetch | Specific CVE: CVE-2026-20131
2026-07-01 20:41:11 | INFO     | nvd_fetch | Successfully fetched page at index 0, got 1 CVEs
2026-07-01 20:41:18 | DEBUG    | nvd_fetch | Fetching NVD page: startIndex=0, resultsPerPage=200
2026-07-01 20:41:18 | DEBUG    | nvd_fetch | Specific CVE: CVE-2025-66376
2026-07-01 20:41:19 | INFO     | nvd_fetch | Successfully fetched page at index 0, got 1 CVEs
2026-07-01 20:41:25 | DEBUG    | nvd_fetch | Fetching NVD page: startIndex=0, resultsPerPage=200
2026-07-01 20:41:25 | DEBUG    | nvd_fetch | Specific CVE: CVE-2026-20963
2026-07-01 20:41:25 | INFO     | nvd_fetch | Successfully fetched page at index 0, got 1 CVEs
2026-07-01 20:41:32 | DEBUG    | nvd_fetch | Fetching NVD page: startIndex=0, resultsPerPage=200
2026-07-01 20:41:32 | DEBUG    | nvd_fetch | Specific CVE: CVE-2025-47813
2026-07-01 20:41:34 | INFO     | nvd_fetch | Successfully fetched page at index 0, got 1 CVEs
2026-07-01 20:41:41 | DEBUG    | nvd_fetch | Fetching NVD page: startIndex=0, resultsPerPage=200
2026-07-01 20:41:41 | DEBUG    | nvd_fetch | Specific CVE: CVE-2026-3910
2026-07-01 20:41:41 | INFO     | nvd_fetch | Successfully fetched page at index 0, got 1 CVEs
2026-07-01 20:41:47 | DEBUG    | nvd_fetch | Fetching NVD page: startIndex=0, resultsPerPage=200
2026-07-01 20:41:47 | DEBUG    | nvd_fetch | Specific CVE: CVE-2026-3909
2026-07-01 20:41:48 | INFO     | nvd_fetch | Successfully fetched page at index 0, got 1 CVEs
2026-07-01 20:41:54 | DEBUG    | nvd_fetch | Fetching NVD page: startIndex=0, resultsPerPage=200
2026-07-01 20:41:54 | DEBUG    | nvd_fetch | Specific CVE: CVE-2025-68613
2026-07-01 20:41:54 | INFO     | nvd_fetch | Successfully fetched page at index 0, got 1 CVEs
2026-07-01 20:42:01 | DEBUG    | nvd_fetch | Fetching NVD page: startIndex=0, resultsPerPage=200
2026-07-01 20:42:01 | DEBUG    | nvd_fetch | Specific CVE: CVE-2021-22054
2026-07-01 20:42:01 | INFO     | nvd_fetch | Successfully fetched page at index 0, got 1 CVEs
2026-07-01 20:42:08 | DEBUG    | nvd_fetch | Fetching NVD page: startIndex=0, resultsPerPage=200
2026-07-01 20:42:08 | DEBUG    | nvd_fetch | Specific CVE: CVE-2025-26399
2026-07-01 20:42:08 | INFO     | nvd_fetch | Successfully fetched page at index 0, got 1 CVEs
2026-07-01 20:42:14 | DEBUG    | nvd_fetch | Fetching NVD page: startIndex=0, resultsPerPage=200
2026-07-01 20:42:14 | DEBUG    | nvd_fetch | Specific CVE: CVE-2026-1603
2026-07-01 20:42:15 | INFO     | nvd_fetch | Successfully fetched page at index 0, got 1 CVEs
2026-07-01 20:42:21 | DEBUG    | nvd_fetch | Fetching NVD page: startIndex=0, resultsPerPage=200
2026-07-01 20:42:21 | DEBUG    | nvd_fetch | Specific CVE: CVE-2017-7921
2026-07-01 20:42:22 | INFO     | nvd_fetch | Successfully fetched page at index 0, got 1 CVEs
2026-07-01 20:42:28 | DEBUG    | nvd_fetch | Fetching NVD page: startIndex=0, resultsPerPage=200
2026-07-01 20:42:28 | DEBUG    | nvd_fetch | Specific CVE: CVE-2021-22681
2026-07-01 20:42:29 | INFO     | nvd_fetch | Successfully fetched page at index 0, got 1 CVEs
2026-07-01 20:42:35 | DEBUG    | nvd_fetch | Fetching NVD page: startIndex=0, resultsPerPage=200
2026-07-01 20:42:35 | DEBUG    | nvd_fetch | Specific CVE: CVE-2023-43000
2026-07-01 20:42:35 | INFO     | nvd_fetch | Successfully fetched page at index 0, got 1 CVEs
2026-07-01 20:42:42 | DEBUG    | nvd_fetch | Fetching NVD page: startIndex=0, resultsPerPage=200
2026-07-01 20:42:42 | DEBUG    | nvd_fetch | Specific CVE: CVE-2021-30952
2026-07-01 20:42:42 | INFO     | nvd_fetch | Successfully fetched page at index 0, got 1 CVEs
2026-07-01 20:42:49 | DEBUG    | nvd_fetch | Fetching NVD page: startIndex=0, resultsPerPage=200
2026-07-01 20:42:49 | DEBUG    | nvd_fetch | Specific CVE: CVE-2023-41974
2026-07-01 20:42:49 | INFO     | nvd_fetch | Successfully fetched page at index 0, got 1 CVEs
2026-07-01 20:42:56 | DEBUG    | nvd_fetch | Fetching NVD page: startIndex=0, resultsPerPage=200
2026-07-01 20:42:56 | DEBUG    | nvd_fetch | Specific CVE: CVE-2026-22719
2026-07-01 20:42:56 | INFO     | nvd_fetch | Successfully fetched page at index 0, got 1 CVEs
2026-07-01 20:43:03 | DEBUG    | nvd_fetch | Fetching NVD page: startIndex=0, resultsPerPage=200
2026-07-01 20:43:03 | DEBUG    | nvd_fetch | Specific CVE: CVE-2026-21385
2026-07-01 20:43:03 | INFO     | nvd_fetch | Successfully fetched page at index 0, got 1 CVEs
2026-07-01 20:43:10 | DEBUG    | nvd_fetch | Fetching NVD page: startIndex=0, resultsPerPage=200
2026-07-01 20:43:10 | DEBUG    | nvd_fetch | Specific CVE: CVE-2022-20775
2026-07-01 20:43:14 | INFO     | nvd_fetch | Successfully fetched page at index 0, got 1 CVEs
2026-07-01 20:43:20 | DEBUG    | nvd_fetch | Fetching NVD page: startIndex=0, resultsPerPage=200
2026-07-01 20:43:20 | DEBUG    | nvd_fetch | Specific CVE: CVE-2026-20127
2026-07-01 20:43:23 | INFO     | nvd_fetch | Successfully fetched page at index 0, got 1 CVEs
2026-07-01 20:43:30 | DEBUG    | nvd_fetch | Fetching NVD page: startIndex=0, resultsPerPage=200
2026-07-01 20:43:30 | DEBUG    | nvd_fetch | Specific CVE: CVE-2026-25108
2026-07-01 20:43:32 | INFO     | nvd_fetch | Successfully fetched page at index 0, got 1 CVEs
2026-07-01 20:43:39 | DEBUG    | nvd_fetch | Fetching NVD page: startIndex=0, resultsPerPage=200
2026-07-01 20:43:39 | DEBUG    | nvd_fetch | Specific CVE: CVE-2025-49113
2026-07-01 20:43:39 | INFO     | nvd_fetch | Successfully fetched page at index 0, got 1 CVEs
2026-07-01 20:43:46 | DEBUG    | nvd_fetch | Fetching NVD page: startIndex=0, resultsPerPage=200
2026-07-01 20:43:46 | DEBUG    | nvd_fetch | Specific CVE: CVE-2025-68461
2026-07-01 20:43:46 | INFO     | nvd_fetch | Successfully fetched page at index 0, got 1 CVEs
2026-07-01 20:43:53 | DEBUG    | nvd_fetch | Fetching NVD page: startIndex=0, resultsPerPage=200
2026-07-01 20:43:53 | DEBUG    | nvd_fetch | Specific CVE: CVE-2021-22175
2026-07-01 20:43:53 | INFO     | nvd_fetch | Successfully fetched page at index 0, got 1 CVEs
2026-07-01 20:44:00 | DEBUG    | nvd_fetch | Fetching NVD page: startIndex=0, resultsPerPage=200
2026-07-01 20:44:00 | DEBUG    | nvd_fetch | Specific CVE: CVE-2026-22769
2026-07-01 20:44:00 | INFO     | nvd_fetch | Successfully fetched page at index 0, got 1 CVEs
2026-07-01 20:44:07 | DEBUG    | nvd_fetch | Fetching NVD page: startIndex=0, resultsPerPage=200
2026-07-01 20:44:07 | DEBUG    | nvd_fetch | Specific CVE: CVE-2020-7796
2026-07-01 20:44:07 | INFO     | nvd_fetch | Successfully fetched page at index 0, got 1 CVEs
2026-07-01 20:44:13 | DEBUG    | nvd_fetch | Fetching NVD page: startIndex=0, resultsPerPage=200
2026-07-01 20:44:13 | DEBUG    | nvd_fetch | Specific CVE: CVE-2024-7694
2026-07-01 20:44:14 | INFO     | nvd_fetch | Successfully fetched page at index 0, got 1 CVEs
2026-07-01 20:44:20 | DEBUG    | nvd_fetch | Fetching NVD page: startIndex=0, resultsPerPage=200
2026-07-01 20:44:20 | DEBUG    | nvd_fetch | Specific CVE: CVE-2008-0015
2026-07-01 20:44:21 | INFO     | nvd_fetch | Successfully fetched page at index 0, got 1 CVEs
2026-07-01 23:32:40 | DEBUG    | nvd_fetch | Fetching NVD page: startIndex=0, resultsPerPage=200
2026-07-01 23:32:40 | DEBUG    | nvd_fetch | Specific CVE: CVE-2026-45659
2026-07-01 23:32:41 | INFO     | nvd_fetch | Successfully fetched page at index 0, got 1 CVEs
2026-07-01 23:32:47 | DEBUG    | nvd_fetch | Fetching NVD page: startIndex=0, resultsPerPage=200
2026-07-01 23:32:47 | DEBUG    | nvd_fetch | Specific CVE: CVE-2026-48558
2026-07-01 23:32:47 | INFO     | nvd_fetch | Successfully fetched page at index 0, got 1 CVEs
2026-07-01 23:32:54 | DEBUG    | nvd_fetch | Fetching NVD page: startIndex=0, resultsPerPage=200
2026-07-01 23:32:54 | DEBUG    | nvd_fetch | Specific CVE: CVE-2026-12569
2026-07-01 23:32:54 | INFO     | nvd_fetch | Successfully fetched page at index 0, got 1 CVEs
2026-07-01 23:33:00 | DEBUG    | nvd_fetch | Fetching NVD page: startIndex=0, resultsPerPage=200
2026-07-01 23:33:00 | DEBUG    | nvd_fetch | Specific CVE: CVE-2026-20230
2026-07-01 23:33:01 | INFO     | nvd_fetch | Successfully fetched page at index 0, got 1 CVEs
2026-07-01 23:33:07 | DEBUG    | nvd_fetch | Fetching NVD page: startIndex=0, resultsPerPage=200
2026-07-01 23:33:07 | DEBUG    | nvd_fetch | Specific CVE: CVE-2025-67038
2026-07-01 23:33:09 | INFO     | nvd_fetch | Successfully fetched page at index 0, got 1 CVEs
2026-07-01 23:33:16 | DEBUG    | nvd_fetch | Fetching NVD page: startIndex=0, resultsPerPage=200
2026-07-01 23:33:16 | DEBUG    | nvd_fetch | Specific CVE: CVE-2026-34910
2026-07-01 23:33:18 | INFO     | nvd_fetch | Successfully fetched page at index 0, got 1 CVEs
2026-07-01 23:33:24 | DEBUG    | nvd_fetch | Fetching NVD page: startIndex=0, resultsPerPage=200
2026-07-01 23:33:25 | DEBUG    | nvd_fetch | Specific CVE: CVE-2026-34909
2026-07-01 23:33:25 | INFO     | nvd_fetch | Successfully fetched page at index 0, got 1 CVEs
2026-07-01 23:33:31 | DEBUG    | nvd_fetch | Fetching NVD page: startIndex=0, resultsPerPage=200
2026-07-01 23:33:31 | DEBUG    | nvd_fetch | Specific CVE: CVE-2026-34908
2026-07-01 23:33:32 | INFO     | nvd_fetch | Successfully fetched page at index 0, got 1 CVEs
2026-07-01 23:33:38 | DEBUG    | nvd_fetch | Fetching NVD page: startIndex=0, resultsPerPage=200
2026-07-01 23:33:38 | DEBUG    | nvd_fetch | Specific CVE: CVE-2026-20253
2026-07-01 23:33:39 | INFO     | nvd_fetch | Successfully fetched page at index 0, got 1 CVEs
2026-07-01 23:33:45 | DEBUG    | nvd_fetch | Fetching NVD page: startIndex=0, resultsPerPage=200
2026-07-01 23:33:45 | DEBUG    | nvd_fetch | Specific CVE: CVE-2026-48907
2026-07-01 23:33:47 | INFO     | nvd_fetch | Successfully fetched page at index 0, got 1 CVEs
2026-07-01 23:33:53 | DEBUG    | nvd_fetch | Fetching NVD page: startIndex=0, resultsPerPage=200
2026-07-01 23:33:53 | DEBUG    | nvd_fetch | Specific CVE: CVE-2026-54420
2026-07-01 23:33:54 | INFO     | nvd_fetch | Successfully fetched page at index 0, got 1 CVEs
2026-07-01 23:34:01 | DEBUG    | nvd_fetch | Fetching NVD page: startIndex=0, resultsPerPage=200
2026-07-01 23:34:01 | DEBUG    | nvd_fetch | Specific CVE: CVE-2026-20262
2026-07-01 23:34:01 | INFO     | nvd_fetch | Successfully fetched page at index 0, got 1 CVEs
2026-07-01 23:34:08 | DEBUG    | nvd_fetch | Fetching NVD page: startIndex=0, resultsPerPage=200
2026-07-01 23:34:08 | DEBUG    | nvd_fetch | Specific CVE: CVE-2026-35273
2026-07-01 23:34:08 | INFO     | nvd_fetch | Successfully fetched page at index 0, got 1 CVEs
2026-07-01 23:34:14 | DEBUG    | nvd_fetch | Fetching NVD page: startIndex=0, resultsPerPage=200
2026-07-01 23:34:14 | DEBUG    | nvd_fetch | Specific CVE: CVE-2026-10520
2026-07-01 23:34:15 | INFO     | nvd_fetch | Successfully fetched page at index 0, got 1 CVEs
2026-07-01 23:34:21 | DEBUG    | nvd_fetch | Fetching NVD page: startIndex=0, resultsPerPage=200
2026-07-01 23:34:21 | DEBUG    | nvd_fetch | Specific CVE: CVE-2026-11645
2026-07-01 23:34:21 | INFO     | nvd_fetch | Successfully fetched page at index 0, got 1 CVEs
2026-07-01 23:34:28 | DEBUG    | nvd_fetch | Fetching NVD page: startIndex=0, resultsPerPage=200
2026-07-01 23:34:28 | DEBUG    | nvd_fetch | Specific CVE: CVE-2026-7473
2026-07-01 23:34:28 | INFO     | nvd_fetch | Successfully fetched page at index 0, got 1 CVEs
2026-07-01 23:34:35 | DEBUG    | nvd_fetch | Fetching NVD page: startIndex=0, resultsPerPage=200
2026-07-01 23:34:35 | DEBUG    | nvd_fetch | Specific CVE: CVE-2026-20245
2026-07-01 23:34:35 | INFO     | nvd_fetch | Successfully fetched page at index 0, got 1 CVEs
2026-07-01 23:34:41 | DEBUG    | nvd_fetch | Fetching NVD page: startIndex=0, resultsPerPage=200
2026-07-01 23:34:41 | DEBUG    | nvd_fetch | Specific CVE: CVE-2026-42271
2026-07-01 23:34:42 | INFO     | nvd_fetch | Successfully fetched page at index 0, got 1 CVEs
2026-07-01 23:34:48 | DEBUG    | nvd_fetch | Fetching NVD page: startIndex=0, resultsPerPage=200
2026-07-01 23:34:48 | DEBUG    | nvd_fetch | Specific CVE: CVE-2026-50751
2026-07-01 23:34:48 | INFO     | nvd_fetch | Successfully fetched page at index 0, got 1 CVEs
2026-07-01 23:34:55 | DEBUG    | nvd_fetch | Fetching NVD page: startIndex=0, resultsPerPage=200
2026-07-01 23:34:55 | DEBUG    | nvd_fetch | Specific CVE: CVE-2026-28318
2026-07-01 23:34:55 | INFO     | nvd_fetch | Successfully fetched page at index 0, got 1 CVEs
2026-07-01 23:35:02 | DEBUG    | nvd_fetch | Fetching NVD page: startIndex=0, resultsPerPage=200
2026-07-01 23:35:02 | DEBUG    | nvd_fetch | Specific CVE: CVE-2026-45247
2026-07-01 23:35:02 | INFO     | nvd_fetch | Successfully fetched page at index 0, got 1 CVEs
2026-07-01 23:35:09 | DEBUG    | nvd_fetch | Fetching NVD page: startIndex=0, resultsPerPage=200
2026-07-01 23:35:09 | DEBUG    | nvd_fetch | Specific CVE: CVE-2022-0492
2026-07-01 23:35:09 | INFO     | nvd_fetch | Successfully fetched page at index 0, got 1 CVEs
2026-07-01 23:35:16 | DEBUG    | nvd_fetch | Fetching NVD page: startIndex=0, resultsPerPage=200
2026-07-01 23:35:16 | DEBUG    | nvd_fetch | Specific CVE: CVE-2025-48595
2026-07-01 23:35:16 | INFO     | nvd_fetch | Successfully fetched page at index 0, got 1 CVEs
2026-07-01 23:35:22 | DEBUG    | nvd_fetch | Fetching NVD page: startIndex=0, resultsPerPage=200
2026-07-01 23:35:22 | DEBUG    | nvd_fetch | Specific CVE: CVE-2024-21182
2026-07-01 23:35:23 | INFO     | nvd_fetch | Successfully fetched page at index 0, got 1 CVEs
2026-07-01 23:35:29 | DEBUG    | nvd_fetch | Fetching NVD page: startIndex=0, resultsPerPage=200
2026-07-01 23:35:29 | DEBUG    | nvd_fetch | Specific CVE: CVE-2026-0257
2026-07-01 23:35:30 | INFO     | nvd_fetch | Successfully fetched page at index 0, got 1 CVEs
2026-07-01 23:35:36 | DEBUG    | nvd_fetch | Fetching NVD page: startIndex=0, resultsPerPage=200
2026-07-01 23:35:36 | DEBUG    | nvd_fetch | Specific CVE: CVE-2026-48027
2026-07-01 23:35:37 | INFO     | nvd_fetch | Successfully fetched page at index 0, got 1 CVEs
2026-07-01 23:35:43 | DEBUG    | nvd_fetch | Fetching NVD page: startIndex=0, resultsPerPage=200
2026-07-01 23:35:43 | DEBUG    | nvd_fetch | Specific CVE: CVE-2026-45321
2026-07-01 23:35:44 | INFO     | nvd_fetch | Successfully fetched page at index 0, got 1 CVEs
2026-07-01 23:35:50 | DEBUG    | nvd_fetch | Fetching NVD page: startIndex=0, resultsPerPage=200
2026-07-01 23:35:50 | DEBUG    | nvd_fetch | Specific CVE: CVE-2026-8398
2026-07-01 23:35:50 | INFO     | nvd_fetch | Successfully fetched page at index 0, got 1 CVEs
2026-07-01 23:35:57 | DEBUG    | nvd_fetch | Fetching NVD page: startIndex=0, resultsPerPage=200
2026-07-01 23:35:57 | DEBUG    | nvd_fetch | Specific CVE: CVE-2026-48172
2026-07-01 23:35:57 | INFO     | nvd_fetch | Successfully fetched page at index 0, got 1 CVEs
2026-07-01 23:36:04 | DEBUG    | nvd_fetch | Fetching NVD page: startIndex=0, resultsPerPage=200
2026-07-01 23:36:04 | DEBUG    | nvd_fetch | Specific CVE: CVE-2026-9082
2026-07-01 23:36:04 | INFO     | nvd_fetch | Successfully fetched page at index 0, got 1 CVEs
2026-07-01 23:36:10 | DEBUG    | nvd_fetch | Fetching NVD page: startIndex=0, resultsPerPage=200
2026-07-01 23:36:10 | DEBUG    | nvd_fetch | Specific CVE: CVE-2025-34291
2026-07-01 23:36:11 | INFO     | nvd_fetch | Successfully fetched page at index 0, got 1 CVEs
2026-07-01 23:36:17 | DEBUG    | nvd_fetch | Fetching NVD page: startIndex=0, resultsPerPage=200
2026-07-01 23:36:17 | DEBUG    | nvd_fetch | Specific CVE: CVE-2026-34926
2026-07-01 23:36:18 | INFO     | nvd_fetch | Successfully fetched page at index 0, got 1 CVEs
2026-07-01 23:36:24 | DEBUG    | nvd_fetch | Fetching NVD page: startIndex=0, resultsPerPage=200
2026-07-01 23:36:24 | DEBUG    | nvd_fetch | Specific CVE: CVE-2008-4250
2026-07-01 23:36:24 | INFO     | nvd_fetch | Successfully fetched page at index 0, got 1 CVEs
2026-07-01 23:36:31 | DEBUG    | nvd_fetch | Fetching NVD page: startIndex=0, resultsPerPage=200
2026-07-01 23:36:31 | DEBUG    | nvd_fetch | Specific CVE: CVE-2009-1537
2026-07-01 23:36:31 | INFO     | nvd_fetch | Successfully fetched page at index 0, got 1 CVEs
2026-07-01 23:36:38 | DEBUG    | nvd_fetch | Fetching NVD page: startIndex=0, resultsPerPage=200
2026-07-01 23:36:38 | DEBUG    | nvd_fetch | Specific CVE: CVE-2009-3459
2026-07-01 23:36:38 | INFO     | nvd_fetch | Successfully fetched page at index 0, got 1 CVEs
2026-07-01 23:36:44 | DEBUG    | nvd_fetch | Fetching NVD page: startIndex=0, resultsPerPage=200
2026-07-01 23:36:44 | DEBUG    | nvd_fetch | Specific CVE: CVE-2010-0249
2026-07-01 23:36:45 | INFO     | nvd_fetch | Successfully fetched page at index 0, got 1 CVEs
2026-07-01 23:36:51 | DEBUG    | nvd_fetch | Fetching NVD page: startIndex=0, resultsPerPage=200
2026-07-01 23:36:51 | DEBUG    | nvd_fetch | Specific CVE: CVE-2010-0806
2026-07-01 23:36:51 | INFO     | nvd_fetch | Successfully fetched page at index 0, got 1 CVEs
2026-07-01 23:36:58 | DEBUG    | nvd_fetch | Fetching NVD page: startIndex=0, resultsPerPage=200
2026-07-01 23:36:58 | DEBUG    | nvd_fetch | Specific CVE: CVE-2026-41091
2026-07-01 23:36:58 | INFO     | nvd_fetch | Successfully fetched page at index 0, got 1 CVEs
2026-07-01 23:37:05 | DEBUG    | nvd_fetch | Fetching NVD page: startIndex=0, resultsPerPage=200
2026-07-01 23:37:05 | DEBUG    | nvd_fetch | Specific CVE: CVE-2026-45498
2026-07-01 23:37:05 | INFO     | nvd_fetch | Successfully fetched page at index 0, got 1 CVEs
2026-07-01 23:37:12 | DEBUG    | nvd_fetch | Fetching NVD page: startIndex=0, resultsPerPage=200
2026-07-01 23:37:12 | DEBUG    | nvd_fetch | Specific CVE: CVE-2026-42897
2026-07-01 23:37:13 | INFO     | nvd_fetch | Successfully fetched page at index 0, got 1 CVEs
2026-07-01 23:37:20 | DEBUG    | nvd_fetch | Fetching NVD page: startIndex=0, resultsPerPage=200
2026-07-01 23:37:20 | DEBUG    | nvd_fetch | Specific CVE: CVE-2026-20182
2026-07-01 23:37:20 | INFO     | nvd_fetch | Successfully fetched page at index 0, got 1 CVEs
2026-07-01 23:37:27 | DEBUG    | nvd_fetch | Fetching NVD page: startIndex=0, resultsPerPage=200
2026-07-01 23:37:27 | DEBUG    | nvd_fetch | Specific CVE: CVE-2026-42208
2026-07-01 23:37:27 | INFO     | nvd_fetch | Successfully fetched page at index 0, got 1 CVEs
2026-07-01 23:37:34 | DEBUG    | nvd_fetch | Fetching NVD page: startIndex=0, resultsPerPage=200
2026-07-01 23:37:34 | DEBUG    | nvd_fetch | Specific CVE: CVE-2026-6973
2026-07-01 23:37:34 | INFO     | nvd_fetch | Successfully fetched page at index 0, got 1 CVEs
2026-07-01 23:37:41 | DEBUG    | nvd_fetch | Fetching NVD page: startIndex=0, resultsPerPage=200
2026-07-01 23:37:41 | DEBUG    | nvd_fetch | Specific CVE: CVE-2026-0300
2026-07-01 23:37:41 | INFO     | nvd_fetch | Successfully fetched page at index 0, got 1 CVEs
2026-07-01 23:37:48 | DEBUG    | nvd_fetch | Fetching NVD page: startIndex=0, resultsPerPage=200
2026-07-01 23:37:48 | DEBUG    | nvd_fetch | Specific CVE: CVE-2026-31431
2026-07-01 23:37:48 | INFO     | nvd_fetch | Successfully fetched page at index 0, got 1 CVEs
2026-07-01 23:37:55 | DEBUG    | nvd_fetch | Fetching NVD page: startIndex=0, resultsPerPage=200
2026-07-01 23:37:55 | DEBUG    | nvd_fetch | Specific CVE: CVE-2026-41940
2026-07-01 23:37:55 | INFO     | nvd_fetch | Successfully fetched page at index 0, got 1 CVEs
2026-07-01 23:38:02 | DEBUG    | nvd_fetch | Fetching NVD page: startIndex=0, resultsPerPage=200
2026-07-01 23:38:02 | DEBUG    | nvd_fetch | Specific CVE: CVE-2024-1708
2026-07-01 23:38:03 | INFO     | nvd_fetch | Successfully fetched page at index 0, got 1 CVEs
2026-07-01 23:38:09 | DEBUG    | nvd_fetch | Fetching NVD page: startIndex=0, resultsPerPage=200
2026-07-01 23:38:09 | DEBUG    | nvd_fetch | Specific CVE: CVE-2026-32202
2026-07-01 23:38:10 | INFO     | nvd_fetch | Successfully fetched page at index 0, got 1 CVEs
2026-07-01 23:38:16 | DEBUG    | nvd_fetch | Fetching NVD page: startIndex=0, resultsPerPage=200
2026-07-01 23:38:16 | DEBUG    | nvd_fetch | Specific CVE: CVE-2025-29635
2026-07-01 23:38:16 | INFO     | nvd_fetch | Successfully fetched page at index 0, got 1 CVEs
2026-07-01 23:38:23 | DEBUG    | nvd_fetch | Fetching NVD page: startIndex=0, resultsPerPage=200
2026-07-01 23:38:23 | DEBUG    | nvd_fetch | Specific CVE: CVE-2024-7399
2026-07-01 23:38:23 | INFO     | nvd_fetch | Successfully fetched page at index 0, got 1 CVEs
2026-07-01 23:38:30 | DEBUG    | nvd_fetch | Fetching NVD page: startIndex=0, resultsPerPage=200
2026-07-01 23:38:30 | DEBUG    | nvd_fetch | Specific CVE: CVE-2024-57728
2026-07-01 23:38:30 | INFO     | nvd_fetch | Successfully fetched page at index 0, got 1 CVEs
2026-07-01 23:38:36 | DEBUG    | nvd_fetch | Fetching NVD page: startIndex=0, resultsPerPage=200
2026-07-01 23:38:36 | DEBUG    | nvd_fetch | Specific CVE: CVE-2024-57726
2026-07-01 23:38:37 | INFO     | nvd_fetch | Successfully fetched page at index 0, got 1 CVEs
2026-07-01 23:38:43 | DEBUG    | nvd_fetch | Fetching NVD page: startIndex=0, resultsPerPage=200
2026-07-01 23:38:43 | DEBUG    | nvd_fetch | Specific CVE: CVE-2026-39987
2026-07-01 23:38:43 | INFO     | nvd_fetch | Successfully fetched page at index 0, got 1 CVEs
2026-07-01 23:38:50 | DEBUG    | nvd_fetch | Fetching NVD page: startIndex=0, resultsPerPage=200
2026-07-01 23:38:50 | DEBUG    | nvd_fetch | Specific CVE: CVE-2026-33825
2026-07-01 23:38:50 | INFO     | nvd_fetch | Successfully fetched page at index 0, got 1 CVEs
2026-07-01 23:38:57 | DEBUG    | nvd_fetch | Fetching NVD page: startIndex=0, resultsPerPage=200
2026-07-01 23:38:57 | DEBUG    | nvd_fetch | Specific CVE: CVE-2026-20122
2026-07-01 23:38:57 | INFO     | nvd_fetch | Successfully fetched page at index 0, got 1 CVEs
2026-07-01 23:39:04 | DEBUG    | nvd_fetch | Fetching NVD page: startIndex=0, resultsPerPage=200
2026-07-01 23:39:04 | DEBUG    | nvd_fetch | Specific CVE: CVE-2026-20133
2026-07-01 23:39:04 | INFO     | nvd_fetch | Successfully fetched page at index 0, got 1 CVEs
2026-07-01 23:39:10 | DEBUG    | nvd_fetch | Fetching NVD page: startIndex=0, resultsPerPage=200
2026-07-01 23:39:10 | DEBUG    | nvd_fetch | Specific CVE: CVE-2025-2749
2026-07-01 23:39:11 | INFO     | nvd_fetch | Successfully fetched page at index 0, got 1 CVEs
2026-07-01 23:39:17 | DEBUG    | nvd_fetch | Fetching NVD page: startIndex=0, resultsPerPage=200
2026-07-01 23:39:17 | DEBUG    | nvd_fetch | Specific CVE: CVE-2023-27351
2026-07-01 23:39:17 | INFO     | nvd_fetch | Successfully fetched page at index 0, got 1 CVEs
2026-07-01 23:39:24 | DEBUG    | nvd_fetch | Fetching NVD page: startIndex=0, resultsPerPage=200
2026-07-01 23:39:24 | DEBUG    | nvd_fetch | Specific CVE: CVE-2025-48700
2026-07-01 23:39:24 | INFO     | nvd_fetch | Successfully fetched page at index 0, got 1 CVEs
2026-07-01 23:39:31 | DEBUG    | nvd_fetch | Fetching NVD page: startIndex=0, resultsPerPage=200
2026-07-01 23:39:31 | DEBUG    | nvd_fetch | Specific CVE: CVE-2026-20128
2026-07-01 23:39:32 | INFO     | nvd_fetch | Successfully fetched page at index 0, got 1 CVEs
2026-07-01 23:39:38 | DEBUG    | nvd_fetch | Fetching NVD page: startIndex=0, resultsPerPage=200
2026-07-01 23:39:38 | DEBUG    | nvd_fetch | Specific CVE: CVE-2025-32975
2026-07-01 23:39:38 | INFO     | nvd_fetch | Successfully fetched page at index 0, got 1 CVEs
2026-07-01 23:39:45 | DEBUG    | nvd_fetch | Fetching NVD page: startIndex=0, resultsPerPage=200
2026-07-01 23:39:45 | DEBUG    | nvd_fetch | Specific CVE: CVE-2024-27199
2026-07-01 23:39:45 | INFO     | nvd_fetch | Successfully fetched page at index 0, got 1 CVEs
2026-07-01 23:39:52 | DEBUG    | nvd_fetch | Fetching NVD page: startIndex=0, resultsPerPage=200
2026-07-01 23:39:52 | DEBUG    | nvd_fetch | Specific CVE: CVE-2026-34197
2026-07-01 23:39:52 | INFO     | nvd_fetch | Successfully fetched page at index 0, got 1 CVEs
2026-07-01 23:39:58 | DEBUG    | nvd_fetch | Fetching NVD page: startIndex=0, resultsPerPage=200
2026-07-01 23:39:58 | DEBUG    | nvd_fetch | Specific CVE: CVE-2009-0238
2026-07-01 23:39:59 | INFO     | nvd_fetch | Successfully fetched page at index 0, got 1 CVEs
2026-07-01 23:40:05 | DEBUG    | nvd_fetch | Fetching NVD page: startIndex=0, resultsPerPage=200
2026-07-01 23:40:05 | DEBUG    | nvd_fetch | Specific CVE: CVE-2026-32201
2026-07-01 23:40:05 | INFO     | nvd_fetch | Successfully fetched page at index 0, got 1 CVEs
2026-07-01 23:40:12 | DEBUG    | nvd_fetch | Fetching NVD page: startIndex=0, resultsPerPage=200
2026-07-01 23:40:12 | DEBUG    | nvd_fetch | Specific CVE: CVE-2012-1854
2026-07-01 23:40:12 | INFO     | nvd_fetch | Successfully fetched page at index 0, got 1 CVEs
2026-07-01 23:40:19 | DEBUG    | nvd_fetch | Fetching NVD page: startIndex=0, resultsPerPage=200
2026-07-01 23:40:19 | DEBUG    | nvd_fetch | Specific CVE: CVE-2025-60710
2026-07-01 23:40:19 | INFO     | nvd_fetch | Successfully fetched page at index 0, got 1 CVEs
2026-07-01 23:40:26 | DEBUG    | nvd_fetch | Fetching NVD page: startIndex=0, resultsPerPage=200
2026-07-01 23:40:26 | DEBUG    | nvd_fetch | Specific CVE: CVE-2023-21529
2026-07-01 23:40:26 | INFO     | nvd_fetch | Successfully fetched page at index 0, got 1 CVEs
2026-07-01 23:40:32 | DEBUG    | nvd_fetch | Fetching NVD page: startIndex=0, resultsPerPage=200
2026-07-01 23:40:32 | DEBUG    | nvd_fetch | Specific CVE: CVE-2023-36424
2026-07-01 23:40:33 | INFO     | nvd_fetch | Successfully fetched page at index 0, got 1 CVEs
2026-07-01 23:40:39 | DEBUG    | nvd_fetch | Fetching NVD page: startIndex=0, resultsPerPage=200
2026-07-01 23:40:39 | DEBUG    | nvd_fetch | Specific CVE: CVE-2020-9715
2026-07-01 23:40:39 | INFO     | nvd_fetch | Successfully fetched page at index 0, got 1 CVEs
2026-07-01 23:40:46 | DEBUG    | nvd_fetch | Fetching NVD page: startIndex=0, resultsPerPage=200
2026-07-01 23:40:46 | DEBUG    | nvd_fetch | Specific CVE: CVE-2026-21643
2026-07-01 23:40:46 | INFO     | nvd_fetch | Successfully fetched page at index 0, got 1 CVEs
2026-07-01 23:40:53 | DEBUG    | nvd_fetch | Fetching NVD page: startIndex=0, resultsPerPage=200
2026-07-01 23:40:53 | DEBUG    | nvd_fetch | Specific CVE: CVE-2026-34621
2026-07-01 23:40:53 | INFO     | nvd_fetch | Successfully fetched page at index 0, got 1 CVEs
2026-07-01 23:41:00 | DEBUG    | nvd_fetch | Fetching NVD page: startIndex=0, resultsPerPage=200
2026-07-01 23:41:00 | DEBUG    | nvd_fetch | Specific CVE: CVE-2026-1340
2026-07-01 23:41:00 | INFO     | nvd_fetch | Successfully fetched page at index 0, got 1 CVEs
2026-07-01 23:41:06 | DEBUG    | nvd_fetch | Fetching NVD page: startIndex=0, resultsPerPage=200
2026-07-01 23:41:06 | DEBUG    | nvd_fetch | Specific CVE: CVE-2026-35616
2026-07-01 23:41:07 | INFO     | nvd_fetch | Successfully fetched page at index 0, got 1 CVEs
2026-07-01 23:41:13 | DEBUG    | nvd_fetch | Fetching NVD page: startIndex=0, resultsPerPage=200
2026-07-01 23:41:13 | DEBUG    | nvd_fetch | Specific CVE: CVE-2026-3502
2026-07-01 23:41:14 | INFO     | nvd_fetch | Successfully fetched page at index 0, got 1 CVEs
2026-07-01 23:41:20 | DEBUG    | nvd_fetch | Fetching NVD page: startIndex=0, resultsPerPage=200
2026-07-01 23:41:20 | DEBUG    | nvd_fetch | Specific CVE: CVE-2026-5281
2026-07-01 23:41:20 | INFO     | nvd_fetch | Successfully fetched page at index 0, got 1 CVEs
2026-07-01 23:41:27 | DEBUG    | nvd_fetch | Fetching NVD page: startIndex=0, resultsPerPage=200
2026-07-01 23:41:27 | DEBUG    | nvd_fetch | Specific CVE: CVE-2026-3055
2026-07-01 23:41:27 | INFO     | nvd_fetch | Successfully fetched page at index 0, got 1 CVEs
2026-07-01 23:41:34 | DEBUG    | nvd_fetch | Fetching NVD page: startIndex=0, resultsPerPage=200
2026-07-01 23:41:34 | DEBUG    | nvd_fetch | Specific CVE: CVE-2025-53521
2026-07-01 23:41:34 | INFO     | nvd_fetch | Successfully fetched page at index 0, got 1 CVEs
2026-07-01 23:41:41 | DEBUG    | nvd_fetch | Fetching NVD page: startIndex=0, resultsPerPage=200
2026-07-01 23:41:41 | DEBUG    | nvd_fetch | Specific CVE: CVE-2026-33634
2026-07-01 23:41:41 | INFO     | nvd_fetch | Successfully fetched page at index 0, got 1 CVEs
2026-07-01 23:41:48 | DEBUG    | nvd_fetch | Fetching NVD page: startIndex=0, resultsPerPage=200
2026-07-01 23:41:48 | DEBUG    | nvd_fetch | Specific CVE: CVE-2026-33017
2026-07-01 23:41:48 | INFO     | nvd_fetch | Successfully fetched page at index 0, got 1 CVEs
2026-07-01 23:41:55 | DEBUG    | nvd_fetch | Fetching NVD page: startIndex=0, resultsPerPage=200
2026-07-01 23:41:55 | DEBUG    | nvd_fetch | Specific CVE: CVE-2025-32432
2026-07-01 23:41:55 | INFO     | nvd_fetch | Successfully fetched page at index 0, got 1 CVEs
2026-07-01 23:42:02 | DEBUG    | nvd_fetch | Fetching NVD page: startIndex=0, resultsPerPage=200
2026-07-01 23:42:02 | DEBUG    | nvd_fetch | Specific CVE: CVE-2025-54068
2026-07-01 23:42:02 | INFO     | nvd_fetch | Successfully fetched page at index 0, got 1 CVEs
2026-07-01 23:42:09 | DEBUG    | nvd_fetch | Fetching NVD page: startIndex=0, resultsPerPage=200
2026-07-01 23:42:09 | DEBUG    | nvd_fetch | Specific CVE: CVE-2025-43510
2026-07-01 23:42:09 | INFO     | nvd_fetch | Successfully fetched page at index 0, got 1 CVEs
2026-07-02 00:44:25 | DEBUG    | nvd_fetch | Fetching NVD page: startIndex=0, resultsPerPage=200
2026-07-02 00:44:25 | DEBUG    | nvd_fetch | Specific CVE: CVE-2026-45659
2026-07-02 00:44:26 | INFO     | nvd_fetch | Successfully fetched page at index 0, got 1 CVEs
2026-07-02 00:44:32 | DEBUG    | nvd_fetch | Fetching NVD page: startIndex=0, resultsPerPage=200
2026-07-02 00:44:32 | DEBUG    | nvd_fetch | Specific CVE: CVE-2026-48558
2026-07-02 00:44:33 | INFO     | nvd_fetch | Successfully fetched page at index 0, got 1 CVEs
2026-07-02 00:44:39 | DEBUG    | nvd_fetch | Fetching NVD page: startIndex=0, resultsPerPage=200
2026-07-02 00:44:39 | DEBUG    | nvd_fetch | Specific CVE: CVE-2026-12569
2026-07-02 00:44:40 | INFO     | nvd_fetch | Successfully fetched page at index 0, got 1 CVEs
2026-07-02 00:44:46 | DEBUG    | nvd_fetch | Fetching NVD page: startIndex=0, resultsPerPage=200
2026-07-02 00:44:46 | DEBUG    | nvd_fetch | Specific CVE: CVE-2026-20230
2026-07-02 00:44:47 | INFO     | nvd_fetch | Successfully fetched page at index 0, got 1 CVEs
2026-07-02 00:44:53 | DEBUG    | nvd_fetch | Fetching NVD page: startIndex=0, resultsPerPage=200
2026-07-02 00:44:53 | DEBUG    | nvd_fetch | Specific CVE: CVE-2025-67038
2026-07-02 00:44:54 | INFO     | nvd_fetch | Successfully fetched page at index 0, got 1 CVEs
2026-07-02 00:45:00 | DEBUG    | nvd_fetch | Fetching NVD page: startIndex=0, resultsPerPage=200
2026-07-02 00:45:00 | DEBUG    | nvd_fetch | Specific CVE: CVE-2026-34910
2026-07-02 00:45:01 | INFO     | nvd_fetch | Successfully fetched page at index 0, got 1 CVEs
2026-07-02 00:45:07 | DEBUG    | nvd_fetch | Fetching NVD page: startIndex=0, resultsPerPage=200
2026-07-02 00:45:07 | DEBUG    | nvd_fetch | Specific CVE: CVE-2026-34909
2026-07-02 00:45:07 | INFO     | nvd_fetch | Successfully fetched page at index 0, got 1 CVEs
2026-07-02 00:45:14 | DEBUG    | nvd_fetch | Fetching NVD page: startIndex=0, resultsPerPage=200
2026-07-02 00:45:14 | DEBUG    | nvd_fetch | Specific CVE: CVE-2026-34908
2026-07-02 00:45:14 | INFO     | nvd_fetch | Successfully fetched page at index 0, got 1 CVEs
2026-07-02 00:45:21 | DEBUG    | nvd_fetch | Fetching NVD page: startIndex=0, resultsPerPage=200
2026-07-02 00:45:21 | DEBUG    | nvd_fetch | Specific CVE: CVE-2026-20253
2026-07-02 00:45:23 | INFO     | nvd_fetch | Successfully fetched page at index 0, got 1 CVEs
2026-07-02 00:45:30 | DEBUG    | nvd_fetch | Fetching NVD page: startIndex=0, resultsPerPage=200
2026-07-02 00:45:30 | DEBUG    | nvd_fetch | Specific CVE: CVE-2026-48907
2026-07-02 00:45:30 | INFO     | nvd_fetch | Successfully fetched page at index 0, got 1 CVEs
2026-07-02 00:45:37 | DEBUG    | nvd_fetch | Fetching NVD page: startIndex=0, resultsPerPage=200
2026-07-02 00:45:37 | DEBUG    | nvd_fetch | Specific CVE: CVE-2026-54420
2026-07-02 00:45:37 | INFO     | nvd_fetch | Successfully fetched page at index 0, got 1 CVEs
2026-07-02 00:45:44 | DEBUG    | nvd_fetch | Fetching NVD page: startIndex=0, resultsPerPage=200
2026-07-02 00:45:44 | DEBUG    | nvd_fetch | Specific CVE: CVE-2026-20262
2026-07-02 00:45:44 | INFO     | nvd_fetch | Successfully fetched page at index 0, got 1 CVEs
2026-07-02 00:45:51 | DEBUG    | nvd_fetch | Fetching NVD page: startIndex=0, resultsPerPage=200
2026-07-02 00:45:51 | DEBUG    | nvd_fetch | Specific CVE: CVE-2026-35273
2026-07-02 00:45:51 | INFO     | nvd_fetch | Successfully fetched page at index 0, got 1 CVEs
2026-07-02 00:45:58 | DEBUG    | nvd_fetch | Fetching NVD page: startIndex=0, resultsPerPage=200
2026-07-02 00:45:58 | DEBUG    | nvd_fetch | Specific CVE: CVE-2026-10520
2026-07-02 00:45:58 | INFO     | nvd_fetch | Successfully fetched page at index 0, got 1 CVEs
2026-07-02 00:46:05 | DEBUG    | nvd_fetch | Fetching NVD page: startIndex=0, resultsPerPage=200
2026-07-02 00:46:05 | DEBUG    | nvd_fetch | Specific CVE: CVE-2026-11645
2026-07-02 00:46:05 | INFO     | nvd_fetch | Successfully fetched page at index 0, got 1 CVEs
2026-07-02 00:46:12 | DEBUG    | nvd_fetch | Fetching NVD page: startIndex=0, resultsPerPage=200
2026-07-02 00:46:12 | DEBUG    | nvd_fetch | Specific CVE: CVE-2026-7473
2026-07-02 00:46:12 | INFO     | nvd_fetch | Successfully fetched page at index 0, got 1 CVEs
2026-07-02 00:46:19 | DEBUG    | nvd_fetch | Fetching NVD page: startIndex=0, resultsPerPage=200
2026-07-02 00:46:19 | DEBUG    | nvd_fetch | Specific CVE: CVE-2026-20245
2026-07-02 00:46:19 | INFO     | nvd_fetch | Successfully fetched page at index 0, got 1 CVEs
2026-07-02 00:46:25 | DEBUG    | nvd_fetch | Fetching NVD page: startIndex=0, resultsPerPage=200
2026-07-02 00:46:25 | DEBUG    | nvd_fetch | Specific CVE: CVE-2026-42271
2026-07-02 00:46:26 | INFO     | nvd_fetch | Successfully fetched page at index 0, got 1 CVEs
2026-07-02 00:46:32 | DEBUG    | nvd_fetch | Fetching NVD page: startIndex=0, resultsPerPage=200
2026-07-02 00:46:32 | DEBUG    | nvd_fetch | Specific CVE: CVE-2026-50751
2026-07-02 00:46:33 | INFO     | nvd_fetch | Successfully fetched page at index 0, got 1 CVEs
2026-07-02 00:46:39 | DEBUG    | nvd_fetch | Fetching NVD page: startIndex=0, resultsPerPage=200
2026-07-02 00:46:39 | DEBUG    | nvd_fetch | Specific CVE: CVE-2026-28318
2026-07-02 00:46:39 | INFO     | nvd_fetch | Successfully fetched page at index 0, got 1 CVEs
2026-07-02 00:46:46 | DEBUG    | nvd_fetch | Fetching NVD page: startIndex=0, resultsPerPage=200
2026-07-02 00:46:46 | DEBUG    | nvd_fetch | Specific CVE: CVE-2026-45247
2026-07-02 00:46:46 | INFO     | nvd_fetch | Successfully fetched page at index 0, got 1 CVEs
2026-07-02 00:46:53 | DEBUG    | nvd_fetch | Fetching NVD page: startIndex=0, resultsPerPage=200
2026-07-02 00:46:53 | DEBUG    | nvd_fetch | Specific CVE: CVE-2022-0492
2026-07-02 00:46:53 | INFO     | nvd_fetch | Successfully fetched page at index 0, got 1 CVEs
2026-07-02 00:46:59 | DEBUG    | nvd_fetch | Fetching NVD page: startIndex=0, resultsPerPage=200
2026-07-02 00:46:59 | DEBUG    | nvd_fetch | Specific CVE: CVE-2025-48595
2026-07-02 00:47:00 | INFO     | nvd_fetch | Successfully fetched page at index 0, got 1 CVEs
2026-07-02 00:47:06 | DEBUG    | nvd_fetch | Fetching NVD page: startIndex=0, resultsPerPage=200
2026-07-02 00:47:06 | DEBUG    | nvd_fetch | Specific CVE: CVE-2024-21182
2026-07-02 00:47:06 | INFO     | nvd_fetch | Successfully fetched page at index 0, got 1 CVEs
2026-07-02 00:47:13 | DEBUG    | nvd_fetch | Fetching NVD page: startIndex=0, resultsPerPage=200
2026-07-02 00:47:13 | DEBUG    | nvd_fetch | Specific CVE: CVE-2026-0257
2026-07-02 00:47:13 | INFO     | nvd_fetch | Successfully fetched page at index 0, got 1 CVEs
2026-07-02 00:47:20 | DEBUG    | nvd_fetch | Fetching NVD page: startIndex=0, resultsPerPage=200
2026-07-02 00:47:20 | DEBUG    | nvd_fetch | Specific CVE: CVE-2026-48027
2026-07-02 00:47:20 | INFO     | nvd_fetch | Successfully fetched page at index 0, got 1 CVEs
2026-07-02 00:47:27 | DEBUG    | nvd_fetch | Fetching NVD page: startIndex=0, resultsPerPage=200
2026-07-02 00:47:27 | DEBUG    | nvd_fetch | Specific CVE: CVE-2026-45321
2026-07-02 00:47:27 | INFO     | nvd_fetch | Successfully fetched page at index 0, got 1 CVEs
2026-07-02 00:47:34 | DEBUG    | nvd_fetch | Fetching NVD page: startIndex=0, resultsPerPage=200
2026-07-02 00:47:34 | DEBUG    | nvd_fetch | Specific CVE: CVE-2026-8398
2026-07-02 00:47:34 | INFO     | nvd_fetch | Successfully fetched page at index 0, got 1 CVEs
2026-07-02 00:47:41 | DEBUG    | nvd_fetch | Fetching NVD page: startIndex=0, resultsPerPage=200
2026-07-02 00:47:41 | DEBUG    | nvd_fetch | Specific CVE: CVE-2026-48172
2026-07-02 00:47:41 | INFO     | nvd_fetch | Successfully fetched page at index 0, got 1 CVEs
2026-07-02 00:47:47 | DEBUG    | nvd_fetch | Fetching NVD page: startIndex=0, resultsPerPage=200
2026-07-02 00:47:47 | DEBUG    | nvd_fetch | Specific CVE: CVE-2026-9082
2026-07-02 00:47:48 | INFO     | nvd_fetch | Successfully fetched page at index 0, got 1 CVEs
2026-07-02 00:47:54 | DEBUG    | nvd_fetch | Fetching NVD page: startIndex=0, resultsPerPage=200
2026-07-02 00:47:54 | DEBUG    | nvd_fetch | Specific CVE: CVE-2025-34291
2026-07-02 00:47:55 | INFO     | nvd_fetch | Successfully fetched page at index 0, got 1 CVEs
2026-07-02 00:48:01 | DEBUG    | nvd_fetch | Fetching NVD page: startIndex=0, resultsPerPage=200
2026-07-02 00:48:01 | DEBUG    | nvd_fetch | Specific CVE: CVE-2026-34926
2026-07-02 00:48:02 | INFO     | nvd_fetch | Successfully fetched page at index 0, got 1 CVEs
2026-07-02 00:48:08 | DEBUG    | nvd_fetch | Fetching NVD page: startIndex=0, resultsPerPage=200
2026-07-02 00:48:08 | DEBUG    | nvd_fetch | Specific CVE: CVE-2008-4250
2026-07-02 00:48:08 | INFO     | nvd_fetch | Successfully fetched page at index 0, got 1 CVEs
2026-07-02 00:48:15 | DEBUG    | nvd_fetch | Fetching NVD page: startIndex=0, resultsPerPage=200
2026-07-02 00:48:15 | DEBUG    | nvd_fetch | Specific CVE: CVE-2009-1537
2026-07-02 00:48:15 | INFO     | nvd_fetch | Successfully fetched page at index 0, got 1 CVEs
2026-07-02 00:48:22 | DEBUG    | nvd_fetch | Fetching NVD page: startIndex=0, resultsPerPage=200
2026-07-02 00:48:22 | DEBUG    | nvd_fetch | Specific CVE: CVE-2009-3459
2026-07-02 00:48:22 | INFO     | nvd_fetch | Successfully fetched page at index 0, got 1 CVEs
2026-07-02 00:48:28 | DEBUG    | nvd_fetch | Fetching NVD page: startIndex=0, resultsPerPage=200
2026-07-02 00:48:28 | DEBUG    | nvd_fetch | Specific CVE: CVE-2010-0249
2026-07-02 00:48:29 | INFO     | nvd_fetch | Successfully fetched page at index 0, got 1 CVEs
2026-07-02 00:48:35 | DEBUG    | nvd_fetch | Fetching NVD page: startIndex=0, resultsPerPage=200
2026-07-02 00:48:35 | DEBUG    | nvd_fetch | Specific CVE: CVE-2010-0806
2026-07-02 00:48:36 | INFO     | nvd_fetch | Successfully fetched page at index 0, got 1 CVEs
2026-07-02 00:48:42 | DEBUG    | nvd_fetch | Fetching NVD page: startIndex=0, resultsPerPage=200
2026-07-02 00:48:42 | DEBUG    | nvd_fetch | Specific CVE: CVE-2026-41091
2026-07-02 00:48:42 | INFO     | nvd_fetch | Successfully fetched page at index 0, got 1 CVEs
2026-07-02 00:48:49 | DEBUG    | nvd_fetch | Fetching NVD page: startIndex=0, resultsPerPage=200
2026-07-02 00:48:49 | DEBUG    | nvd_fetch | Specific CVE: CVE-2026-45498
2026-07-02 00:48:49 | INFO     | nvd_fetch | Successfully fetched page at index 0, got 1 CVEs
2026-07-02 00:48:56 | DEBUG    | nvd_fetch | Fetching NVD page: startIndex=0, resultsPerPage=200
2026-07-02 00:48:56 | DEBUG    | nvd_fetch | Specific CVE: CVE-2026-42897
2026-07-02 00:48:56 | INFO     | nvd_fetch | Successfully fetched page at index 0, got 1 CVEs
2026-07-02 00:49:02 | DEBUG    | nvd_fetch | Fetching NVD page: startIndex=0, resultsPerPage=200
2026-07-02 00:49:02 | DEBUG    | nvd_fetch | Specific CVE: CVE-2026-20182
2026-07-02 00:49:03 | INFO     | nvd_fetch | Successfully fetched page at index 0, got 1 CVEs
2026-07-02 00:49:09 | DEBUG    | nvd_fetch | Fetching NVD page: startIndex=0, resultsPerPage=200
2026-07-02 00:49:09 | DEBUG    | nvd_fetch | Specific CVE: CVE-2026-42208
2026-07-02 00:49:10 | INFO     | nvd_fetch | Successfully fetched page at index 0, got 1 CVEs
2026-07-02 00:49:16 | DEBUG    | nvd_fetch | Fetching NVD page: startIndex=0, resultsPerPage=200
2026-07-02 00:49:16 | DEBUG    | nvd_fetch | Specific CVE: CVE-2026-6973
2026-07-02 00:49:17 | INFO     | nvd_fetch | Successfully fetched page at index 0, got 1 CVEs
2026-07-02 00:49:23 | DEBUG    | nvd_fetch | Fetching NVD page: startIndex=0, resultsPerPage=200
2026-07-02 00:49:23 | DEBUG    | nvd_fetch | Specific CVE: CVE-2026-0300
2026-07-02 00:49:24 | INFO     | nvd_fetch | Successfully fetched page at index 0, got 1 CVEs
2026-07-02 00:49:30 | DEBUG    | nvd_fetch | Fetching NVD page: startIndex=0, resultsPerPage=200
2026-07-02 00:49:30 | DEBUG    | nvd_fetch | Specific CVE: CVE-2026-31431
2026-07-02 00:49:30 | INFO     | nvd_fetch | Successfully fetched page at index 0, got 1 CVEs
2026-07-02 01:15:08 | DEBUG    | nvd_fetch | Fetching NVD page: startIndex=0, resultsPerPage=200
2026-07-02 01:15:08 | DEBUG    | nvd_fetch | Specific CVE: CVE-2026-41940
2026-07-02 01:15:45 | DEBUG    | nvd_fetch | Fetching NVD page: startIndex=0, resultsPerPage=200
2026-07-02 01:15:45 | DEBUG    | nvd_fetch | Specific CVE: CVE-2026-45659
2026-07-02 01:15:46 | INFO     | nvd_fetch | Successfully fetched page at index 0, got 1 CVEs
2026-07-02 01:15:53 | DEBUG    | nvd_fetch | Fetching NVD page: startIndex=0, resultsPerPage=200
2026-07-02 01:15:53 | DEBUG    | nvd_fetch | Specific CVE: CVE-2026-48558
2026-07-02 01:15:53 | INFO     | nvd_fetch | Successfully fetched page at index 0, got 1 CVEs
2026-07-02 01:15:59 | DEBUG    | nvd_fetch | Fetching NVD page: startIndex=0, resultsPerPage=200
2026-07-02 01:15:59 | DEBUG    | nvd_fetch | Specific CVE: CVE-2026-12569
2026-07-02 01:16:00 | INFO     | nvd_fetch | Successfully fetched page at index 0, got 1 CVEs
2026-07-02 01:16:06 | DEBUG    | nvd_fetch | Fetching NVD page: startIndex=0, resultsPerPage=200
2026-07-02 01:16:06 | DEBUG    | nvd_fetch | Specific CVE: CVE-2026-20230
2026-07-02 01:16:06 | INFO     | nvd_fetch | Successfully fetched page at index 0, got 1 CVEs
2026-07-02 01:16:13 | DEBUG    | nvd_fetch | Fetching NVD page: startIndex=0, resultsPerPage=200
2026-07-02 01:16:13 | DEBUG    | nvd_fetch | Specific CVE: CVE-2025-67038
2026-07-02 01:16:13 | INFO     | nvd_fetch | Successfully fetched page at index 0, got 1 CVEs
2026-07-02 01:16:20 | DEBUG    | nvd_fetch | Fetching NVD page: startIndex=0, resultsPerPage=200
2026-07-02 01:16:20 | DEBUG    | nvd_fetch | Specific CVE: CVE-2026-34910
2026-07-02 01:16:20 | INFO     | nvd_fetch | Successfully fetched page at index 0, got 1 CVEs
2026-07-02 01:16:27 | DEBUG    | nvd_fetch | Fetching NVD page: startIndex=0, resultsPerPage=200
2026-07-02 01:16:27 | DEBUG    | nvd_fetch | Specific CVE: CVE-2026-34909
2026-07-02 01:16:27 | INFO     | nvd_fetch | Successfully fetched page at index 0, got 1 CVEs
2026-07-02 01:16:34 | DEBUG    | nvd_fetch | Fetching NVD page: startIndex=0, resultsPerPage=200
2026-07-02 01:16:34 | DEBUG    | nvd_fetch | Specific CVE: CVE-2026-34908
2026-07-02 01:16:34 | INFO     | nvd_fetch | Successfully fetched page at index 0, got 1 CVEs
2026-07-02 01:16:41 | DEBUG    | nvd_fetch | Fetching NVD page: startIndex=0, resultsPerPage=200
2026-07-02 01:16:41 | DEBUG    | nvd_fetch | Specific CVE: CVE-2026-20253
2026-07-02 01:16:41 | INFO     | nvd_fetch | Successfully fetched page at index 0, got 1 CVEs
2026-07-02 01:16:48 | DEBUG    | nvd_fetch | Fetching NVD page: startIndex=0, resultsPerPage=200
2026-07-02 01:16:48 | DEBUG    | nvd_fetch | Specific CVE: CVE-2026-48907
2026-07-02 01:16:48 | INFO     | nvd_fetch | Successfully fetched page at index 0, got 1 CVEs
2026-07-02 01:16:55 | DEBUG    | nvd_fetch | Fetching NVD page: startIndex=0, resultsPerPage=200
2026-07-02 01:16:55 | DEBUG    | nvd_fetch | Specific CVE: CVE-2026-54420
2026-07-02 01:16:55 | INFO     | nvd_fetch | Successfully fetched page at index 0, got 1 CVEs
2026-07-02 01:17:02 | DEBUG    | nvd_fetch | Fetching NVD page: startIndex=0, resultsPerPage=200
2026-07-02 01:17:02 | DEBUG    | nvd_fetch | Specific CVE: CVE-2026-20262
2026-07-02 01:17:02 | INFO     | nvd_fetch | Successfully fetched page at index 0, got 1 CVEs
2026-07-02 01:17:09 | DEBUG    | nvd_fetch | Fetching NVD page: startIndex=0, resultsPerPage=200
2026-07-02 01:17:09 | DEBUG    | nvd_fetch | Specific CVE: CVE-2026-35273
2026-07-02 01:17:09 | INFO     | nvd_fetch | Successfully fetched page at index 0, got 1 CVEs
2026-07-02 01:17:16 | DEBUG    | nvd_fetch | Fetching NVD page: startIndex=0, resultsPerPage=200
2026-07-02 01:17:16 | DEBUG    | nvd_fetch | Specific CVE: CVE-2026-10520
2026-07-02 01:17:16 | INFO     | nvd_fetch | Successfully fetched page at index 0, got 1 CVEs
2026-07-02 01:17:22 | DEBUG    | nvd_fetch | Fetching NVD page: startIndex=0, resultsPerPage=200
2026-07-02 01:17:22 | DEBUG    | nvd_fetch | Specific CVE: CVE-2026-11645
2026-07-02 01:17:23 | INFO     | nvd_fetch | Successfully fetched page at index 0, got 1 CVEs
2026-07-02 01:17:29 | DEBUG    | nvd_fetch | Fetching NVD page: startIndex=0, resultsPerPage=200
2026-07-02 01:17:29 | DEBUG    | nvd_fetch | Specific CVE: CVE-2026-7473
2026-07-02 01:17:30 | INFO     | nvd_fetch | Successfully fetched page at index 0, got 1 CVEs
2026-07-02 01:17:36 | DEBUG    | nvd_fetch | Fetching NVD page: startIndex=0, resultsPerPage=200
2026-07-02 01:17:36 | DEBUG    | nvd_fetch | Specific CVE: CVE-2026-20245
2026-07-02 01:17:36 | INFO     | nvd_fetch | Successfully fetched page at index 0, got 1 CVEs
2026-07-02 01:17:43 | DEBUG    | nvd_fetch | Fetching NVD page: startIndex=0, resultsPerPage=200
2026-07-02 01:17:43 | DEBUG    | nvd_fetch | Specific CVE: CVE-2026-42271
2026-07-02 01:17:43 | INFO     | nvd_fetch | Successfully fetched page at index 0, got 1 CVEs
2026-07-02 01:17:50 | DEBUG    | nvd_fetch | Fetching NVD page: startIndex=0, resultsPerPage=200
2026-07-02 01:17:50 | DEBUG    | nvd_fetch | Specific CVE: CVE-2026-50751
2026-07-02 01:17:50 | INFO     | nvd_fetch | Successfully fetched page at index 0, got 1 CVEs
2026-07-02 01:17:57 | DEBUG    | nvd_fetch | Fetching NVD page: startIndex=0, resultsPerPage=200
2026-07-02 01:17:57 | DEBUG    | nvd_fetch | Specific CVE: CVE-2026-28318
2026-07-02 01:17:57 | INFO     | nvd_fetch | Successfully fetched page at index 0, got 1 CVEs
2026-07-02 01:18:03 | DEBUG    | nvd_fetch | Fetching NVD page: startIndex=0, resultsPerPage=200
2026-07-02 01:18:04 | DEBUG    | nvd_fetch | Specific CVE: CVE-2026-45247
2026-07-02 01:18:04 | INFO     | nvd_fetch | Successfully fetched page at index 0, got 1 CVEs
2026-07-02 01:18:10 | DEBUG    | nvd_fetch | Fetching NVD page: startIndex=0, resultsPerPage=200
2026-07-02 01:18:10 | DEBUG    | nvd_fetch | Specific CVE: CVE-2022-0492
2026-07-02 01:18:11 | INFO     | nvd_fetch | Successfully fetched page at index 0, got 1 CVEs
2026-07-02 01:18:17 | DEBUG    | nvd_fetch | Fetching NVD page: startIndex=0, resultsPerPage=200
2026-07-02 01:18:17 | DEBUG    | nvd_fetch | Specific CVE: CVE-2025-48595
2026-07-02 01:18:18 | INFO     | nvd_fetch | Successfully fetched page at index 0, got 1 CVEs
2026-07-02 01:18:24 | DEBUG    | nvd_fetch | Fetching NVD page: startIndex=0, resultsPerPage=200
2026-07-02 01:18:24 | DEBUG    | nvd_fetch | Specific CVE: CVE-2024-21182
2026-07-02 01:18:24 | INFO     | nvd_fetch | Successfully fetched page at index 0, got 1 CVEs
2026-07-02 01:18:31 | DEBUG    | nvd_fetch | Fetching NVD page: startIndex=0, resultsPerPage=200
2026-07-02 01:18:31 | DEBUG    | nvd_fetch | Specific CVE: CVE-2026-0257
2026-07-02 01:18:31 | INFO     | nvd_fetch | Successfully fetched page at index 0, got 1 CVEs
2026-07-02 01:18:38 | DEBUG    | nvd_fetch | Fetching NVD page: startIndex=0, resultsPerPage=200
2026-07-02 01:18:38 | DEBUG    | nvd_fetch | Specific CVE: CVE-2026-48027
2026-07-02 01:18:38 | INFO     | nvd_fetch | Successfully fetched page at index 0, got 1 CVEs
2026-07-02 01:18:45 | DEBUG    | nvd_fetch | Fetching NVD page: startIndex=0, resultsPerPage=200
2026-07-02 01:18:45 | DEBUG    | nvd_fetch | Specific CVE: CVE-2026-45321
2026-07-02 01:18:45 | INFO     | nvd_fetch | Successfully fetched page at index 0, got 1 CVEs
2026-07-02 01:18:52 | DEBUG    | nvd_fetch | Fetching NVD page: startIndex=0, resultsPerPage=200
2026-07-02 01:18:52 | DEBUG    | nvd_fetch | Specific CVE: CVE-2026-8398
2026-07-02 01:18:52 | INFO     | nvd_fetch | Successfully fetched page at index 0, got 1 CVEs
2026-07-02 01:18:59 | DEBUG    | nvd_fetch | Fetching NVD page: startIndex=0, resultsPerPage=200
2026-07-02 01:18:59 | DEBUG    | nvd_fetch | Specific CVE: CVE-2026-48172
2026-07-02 01:19:01 | INFO     | nvd_fetch | Successfully fetched page at index 0, got 1 CVEs
2026-07-02 01:19:07 | DEBUG    | nvd_fetch | Fetching NVD page: startIndex=0, resultsPerPage=200
2026-07-02 01:19:07 | DEBUG    | nvd_fetch | Specific CVE: CVE-2026-9082
2026-07-02 01:19:07 | INFO     | nvd_fetch | Successfully fetched page at index 0, got 1 CVEs
2026-07-02 01:19:14 | DEBUG    | nvd_fetch | Fetching NVD page: startIndex=0, resultsPerPage=200
2026-07-02 01:19:14 | DEBUG    | nvd_fetch | Specific CVE: CVE-2025-34291
2026-07-02 01:19:14 | INFO     | nvd_fetch | Successfully fetched page at index 0, got 1 CVEs
2026-07-02 01:19:21 | DEBUG    | nvd_fetch | Fetching NVD page: startIndex=0, resultsPerPage=200
2026-07-02 01:19:21 | DEBUG    | nvd_fetch | Specific CVE: CVE-2026-34926
2026-07-02 01:19:21 | INFO     | nvd_fetch | Successfully fetched page at index 0, got 1 CVEs
2026-07-02 01:19:27 | DEBUG    | nvd_fetch | Fetching NVD page: startIndex=0, resultsPerPage=200
2026-07-02 01:19:27 | DEBUG    | nvd_fetch | Specific CVE: CVE-2008-4250
2026-07-02 01:19:28 | INFO     | nvd_fetch | Successfully fetched page at index 0, got 1 CVEs
2026-07-02 01:19:34 | DEBUG    | nvd_fetch | Fetching NVD page: startIndex=0, resultsPerPage=200
2026-07-02 01:19:34 | DEBUG    | nvd_fetch | Specific CVE: CVE-2009-1537
2026-07-02 01:19:35 | INFO     | nvd_fetch | Successfully fetched page at index 0, got 1 CVEs
2026-07-02 01:19:41 | DEBUG    | nvd_fetch | Fetching NVD page: startIndex=0, resultsPerPage=200
2026-07-02 01:19:41 | DEBUG    | nvd_fetch | Specific CVE: CVE-2009-3459
2026-07-02 01:19:41 | INFO     | nvd_fetch | Successfully fetched page at index 0, got 1 CVEs
2026-07-02 01:19:48 | DEBUG    | nvd_fetch | Fetching NVD page: startIndex=0, resultsPerPage=200
2026-07-02 01:19:48 | DEBUG    | nvd_fetch | Specific CVE: CVE-2010-0249
2026-07-02 01:19:48 | INFO     | nvd_fetch | Successfully fetched page at index 0, got 1 CVEs
2026-07-02 01:19:55 | DEBUG    | nvd_fetch | Fetching NVD page: startIndex=0, resultsPerPage=200
2026-07-02 01:19:55 | DEBUG    | nvd_fetch | Specific CVE: CVE-2010-0806
2026-07-02 01:19:55 | INFO     | nvd_fetch | Successfully fetched page at index 0, got 1 CVEs
2026-07-02 01:20:02 | DEBUG    | nvd_fetch | Fetching NVD page: startIndex=0, resultsPerPage=200
2026-07-02 01:20:02 | DEBUG    | nvd_fetch | Specific CVE: CVE-2026-41091
2026-07-02 01:20:02 | INFO     | nvd_fetch | Successfully fetched page at index 0, got 1 CVEs
2026-07-02 01:20:09 | DEBUG    | nvd_fetch | Fetching NVD page: startIndex=0, resultsPerPage=200
2026-07-02 01:20:09 | DEBUG    | nvd_fetch | Specific CVE: CVE-2026-45498
2026-07-02 01:20:09 | INFO     | nvd_fetch | Successfully fetched page at index 0, got 1 CVEs
2026-07-02 01:20:16 | DEBUG    | nvd_fetch | Fetching NVD page: startIndex=0, resultsPerPage=200
2026-07-02 01:20:16 | DEBUG    | nvd_fetch | Specific CVE: CVE-2026-42897
2026-07-02 01:20:16 | INFO     | nvd_fetch | Successfully fetched page at index 0, got 1 CVEs
2026-07-02 01:20:23 | DEBUG    | nvd_fetch | Fetching NVD page: startIndex=0, resultsPerPage=200
2026-07-02 01:20:23 | DEBUG    | nvd_fetch | Specific CVE: CVE-2026-20182
2026-07-02 01:20:23 | INFO     | nvd_fetch | Successfully fetched page at index 0, got 1 CVEs
2026-07-02 01:20:30 | DEBUG    | nvd_fetch | Fetching NVD page: startIndex=0, resultsPerPage=200
2026-07-02 01:20:30 | DEBUG    | nvd_fetch | Specific CVE: CVE-2026-42208
2026-07-02 01:20:30 | INFO     | nvd_fetch | Successfully fetched page at index 0, got 1 CVEs
2026-07-02 01:20:36 | DEBUG    | nvd_fetch | Fetching NVD page: startIndex=0, resultsPerPage=200
2026-07-02 01:20:36 | DEBUG    | nvd_fetch | Specific CVE: CVE-2026-6973
2026-07-02 01:20:37 | INFO     | nvd_fetch | Successfully fetched page at index 0, got 1 CVEs
2026-07-02 01:20:43 | DEBUG    | nvd_fetch | Fetching NVD page: startIndex=0, resultsPerPage=200
2026-07-02 01:20:43 | DEBUG    | nvd_fetch | Specific CVE: CVE-2026-0300
2026-07-02 01:20:44 | INFO     | nvd_fetch | Successfully fetched page at index 0, got 1 CVEs
2026-07-02 01:20:50 | DEBUG    | nvd_fetch | Fetching NVD page: startIndex=0, resultsPerPage=200
2026-07-02 01:20:50 | DEBUG    | nvd_fetch | Specific CVE: CVE-2026-31431
2026-07-02 01:20:50 | INFO     | nvd_fetch | Successfully fetched page at index 0, got 1 CVEs
2026-07-02 01:20:57 | DEBUG    | nvd_fetch | Fetching NVD page: startIndex=0, resultsPerPage=200
2026-07-02 01:20:57 | DEBUG    | nvd_fetch | Specific CVE: CVE-2026-41940
2026-07-02 01:20:57 | INFO     | nvd_fetch | Successfully fetched page at index 0, got 1 CVEs
2026-07-02 01:21:04 | DEBUG    | nvd_fetch | Fetching NVD page: startIndex=0, resultsPerPage=200
2026-07-02 01:21:04 | DEBUG    | nvd_fetch | Specific CVE: CVE-2024-1708
2026-07-02 01:21:04 | INFO     | nvd_fetch | Successfully fetched page at index 0, got 1 CVEs
2026-07-02 01:21:11 | DEBUG    | nvd_fetch | Fetching NVD page: startIndex=0, resultsPerPage=200
2026-07-02 01:21:11 | DEBUG    | nvd_fetch | Specific CVE: CVE-2026-32202
2026-07-02 01:21:11 | INFO     | nvd_fetch | Successfully fetched page at index 0, got 1 CVEs
2026-07-02 01:21:18 | DEBUG    | nvd_fetch | Fetching NVD page: startIndex=0, resultsPerPage=200
2026-07-02 01:21:18 | DEBUG    | nvd_fetch | Specific CVE: CVE-2025-29635
2026-07-02 01:21:18 | INFO     | nvd_fetch | Successfully fetched page at index 0, got 1 CVEs
2026-07-02 01:21:24 | DEBUG    | nvd_fetch | Fetching NVD page: startIndex=0, resultsPerPage=200
2026-07-02 01:21:24 | DEBUG    | nvd_fetch | Specific CVE: CVE-2024-7399
2026-07-02 01:21:25 | INFO     | nvd_fetch | Successfully fetched page at index 0, got 1 CVEs
2026-07-02 01:21:31 | DEBUG    | nvd_fetch | Fetching NVD page: startIndex=0, resultsPerPage=200
2026-07-02 01:21:31 | DEBUG    | nvd_fetch | Specific CVE: CVE-2024-57728
2026-07-02 01:21:32 | INFO     | nvd_fetch | Successfully fetched page at index 0, got 1 CVEs
2026-07-02 01:21:38 | DEBUG    | nvd_fetch | Fetching NVD page: startIndex=0, resultsPerPage=200
2026-07-02 01:21:38 | DEBUG    | nvd_fetch | Specific CVE: CVE-2024-57726
2026-07-02 01:21:39 | INFO     | nvd_fetch | Successfully fetched page at index 0, got 1 CVEs
2026-07-02 01:21:45 | DEBUG    | nvd_fetch | Fetching NVD page: startIndex=0, resultsPerPage=200
2026-07-02 01:21:45 | DEBUG    | nvd_fetch | Specific CVE: CVE-2026-39987
2026-07-02 01:21:46 | INFO     | nvd_fetch | Successfully fetched page at index 0, got 1 CVEs
2026-07-02 01:21:52 | DEBUG    | nvd_fetch | Fetching NVD page: startIndex=0, resultsPerPage=200
2026-07-02 01:21:52 | DEBUG    | nvd_fetch | Specific CVE: CVE-2026-33825
2026-07-02 01:21:52 | INFO     | nvd_fetch | Successfully fetched page at index 0, got 1 CVEs
2026-07-02 01:21:59 | DEBUG    | nvd_fetch | Fetching NVD page: startIndex=0, resultsPerPage=200
2026-07-02 01:21:59 | DEBUG    | nvd_fetch | Specific CVE: CVE-2026-20122
2026-07-02 01:21:59 | INFO     | nvd_fetch | Successfully fetched page at index 0, got 1 CVEs
2026-07-02 01:22:06 | DEBUG    | nvd_fetch | Fetching NVD page: startIndex=0, resultsPerPage=200
2026-07-02 01:22:06 | DEBUG    | nvd_fetch | Specific CVE: CVE-2026-20133
2026-07-02 01:22:06 | INFO     | nvd_fetch | Successfully fetched page at index 0, got 1 CVEs
2026-07-02 01:22:13 | DEBUG    | nvd_fetch | Fetching NVD page: startIndex=0, resultsPerPage=200
2026-07-02 01:22:13 | DEBUG    | nvd_fetch | Specific CVE: CVE-2025-2749
2026-07-02 01:22:13 | INFO     | nvd_fetch | Successfully fetched page at index 0, got 1 CVEs
2026-07-02 01:22:20 | DEBUG    | nvd_fetch | Fetching NVD page: startIndex=0, resultsPerPage=200
2026-07-02 01:22:20 | DEBUG    | nvd_fetch | Specific CVE: CVE-2023-27351
2026-07-02 01:22:20 | INFO     | nvd_fetch | Successfully fetched page at index 0, got 1 CVEs
2026-07-02 01:22:27 | DEBUG    | nvd_fetch | Fetching NVD page: startIndex=0, resultsPerPage=200
2026-07-02 01:22:27 | DEBUG    | nvd_fetch | Specific CVE: CVE-2025-48700
2026-07-02 01:22:27 | INFO     | nvd_fetch | Successfully fetched page at index 0, got 1 CVEs
2026-07-02 01:22:34 | DEBUG    | nvd_fetch | Fetching NVD page: startIndex=0, resultsPerPage=200
2026-07-02 01:22:34 | DEBUG    | nvd_fetch | Specific CVE: CVE-2026-20128
2026-07-02 01:22:34 | INFO     | nvd_fetch | Successfully fetched page at index 0, got 1 CVEs
2026-07-02 01:22:41 | DEBUG    | nvd_fetch | Fetching NVD page: startIndex=0, resultsPerPage=200
2026-07-02 01:22:41 | DEBUG    | nvd_fetch | Specific CVE: CVE-2025-32975
2026-07-02 01:22:41 | INFO     | nvd_fetch | Successfully fetched page at index 0, got 1 CVEs
2026-07-02 01:22:48 | DEBUG    | nvd_fetch | Fetching NVD page: startIndex=0, resultsPerPage=200
2026-07-02 01:22:48 | DEBUG    | nvd_fetch | Specific CVE: CVE-2024-27199
2026-07-02 01:22:48 | INFO     | nvd_fetch | Successfully fetched page at index 0, got 1 CVEs
2026-07-02 01:22:54 | DEBUG    | nvd_fetch | Fetching NVD page: startIndex=0, resultsPerPage=200
2026-07-02 01:22:54 | DEBUG    | nvd_fetch | Specific CVE: CVE-2026-34197
2026-07-02 01:22:55 | INFO     | nvd_fetch | Successfully fetched page at index 0, got 1 CVEs
2026-07-02 01:23:01 | DEBUG    | nvd_fetch | Fetching NVD page: startIndex=0, resultsPerPage=200
2026-07-02 01:23:01 | DEBUG    | nvd_fetch | Specific CVE: CVE-2009-0238
2026-07-02 01:23:02 | INFO     | nvd_fetch | Successfully fetched page at index 0, got 1 CVEs
2026-07-02 01:23:08 | DEBUG    | nvd_fetch | Fetching NVD page: startIndex=0, resultsPerPage=200
2026-07-02 01:23:08 | DEBUG    | nvd_fetch | Specific CVE: CVE-2026-32201
2026-07-02 01:23:08 | INFO     | nvd_fetch | Successfully fetched page at index 0, got 1 CVEs
2026-07-02 01:23:15 | DEBUG    | nvd_fetch | Fetching NVD page: startIndex=0, resultsPerPage=200
2026-07-02 01:23:15 | DEBUG    | nvd_fetch | Specific CVE: CVE-2012-1854
2026-07-02 01:23:15 | INFO     | nvd_fetch | Successfully fetched page at index 0, got 1 CVEs
2026-07-02 01:23:22 | DEBUG    | nvd_fetch | Fetching NVD page: startIndex=0, resultsPerPage=200
2026-07-02 01:23:22 | DEBUG    | nvd_fetch | Specific CVE: CVE-2025-60710
2026-07-02 01:23:22 | INFO     | nvd_fetch | Successfully fetched page at index 0, got 1 CVEs
2026-07-02 01:23:29 | DEBUG    | nvd_fetch | Fetching NVD page: startIndex=0, resultsPerPage=200
2026-07-02 01:23:29 | DEBUG    | nvd_fetch | Specific CVE: CVE-2023-21529
2026-07-02 01:23:29 | INFO     | nvd_fetch | Successfully fetched page at index 0, got 1 CVEs
2026-07-02 01:23:35 | DEBUG    | nvd_fetch | Fetching NVD page: startIndex=0, resultsPerPage=200
2026-07-02 01:23:35 | DEBUG    | nvd_fetch | Specific CVE: CVE-2023-36424
2026-07-02 01:23:36 | INFO     | nvd_fetch | Successfully fetched page at index 0, got 1 CVEs
2026-07-02 01:23:42 | DEBUG    | nvd_fetch | Fetching NVD page: startIndex=0, resultsPerPage=200
2026-07-02 01:23:42 | DEBUG    | nvd_fetch | Specific CVE: CVE-2020-9715
2026-07-02 01:23:42 | INFO     | nvd_fetch | Successfully fetched page at index 0, got 1 CVEs
2026-07-02 01:23:49 | DEBUG    | nvd_fetch | Fetching NVD page: startIndex=0, resultsPerPage=200
2026-07-02 01:23:49 | DEBUG    | nvd_fetch | Specific CVE: CVE-2026-21643
2026-07-02 01:23:49 | INFO     | nvd_fetch | Successfully fetched page at index 0, got 1 CVEs
2026-07-02 01:23:56 | DEBUG    | nvd_fetch | Fetching NVD page: startIndex=0, resultsPerPage=200
2026-07-02 01:23:56 | DEBUG    | nvd_fetch | Specific CVE: CVE-2026-34621
2026-07-02 01:23:56 | INFO     | nvd_fetch | Successfully fetched page at index 0, got 1 CVEs
2026-07-02 01:24:03 | DEBUG    | nvd_fetch | Fetching NVD page: startIndex=0, resultsPerPage=200
2026-07-02 01:24:03 | DEBUG    | nvd_fetch | Specific CVE: CVE-2026-1340
2026-07-02 01:24:03 | INFO     | nvd_fetch | Successfully fetched page at index 0, got 1 CVEs
2026-07-02 01:24:09 | DEBUG    | nvd_fetch | Fetching NVD page: startIndex=0, resultsPerPage=200
2026-07-02 01:24:09 | DEBUG    | nvd_fetch | Specific CVE: CVE-2026-35616
2026-07-02 01:24:10 | INFO     | nvd_fetch | Successfully fetched page at index 0, got 1 CVEs
2026-07-02 01:24:16 | DEBUG    | nvd_fetch | Fetching NVD page: startIndex=0, resultsPerPage=200
2026-07-02 01:24:16 | DEBUG    | nvd_fetch | Specific CVE: CVE-2026-3502
2026-07-02 01:24:16 | INFO     | nvd_fetch | Successfully fetched page at index 0, got 1 CVEs
2026-07-02 01:24:23 | DEBUG    | nvd_fetch | Fetching NVD page: startIndex=0, resultsPerPage=200
2026-07-02 01:24:23 | DEBUG    | nvd_fetch | Specific CVE: CVE-2026-5281
2026-07-02 01:24:23 | INFO     | nvd_fetch | Successfully fetched page at index 0, got 1 CVEs
2026-07-02 01:24:30 | DEBUG    | nvd_fetch | Fetching NVD page: startIndex=0, resultsPerPage=200
2026-07-02 01:24:30 | DEBUG    | nvd_fetch | Specific CVE: CVE-2026-3055
2026-07-02 01:24:30 | INFO     | nvd_fetch | Successfully fetched page at index 0, got 1 CVEs
2026-07-02 01:24:36 | DEBUG    | nvd_fetch | Fetching NVD page: startIndex=0, resultsPerPage=200
2026-07-02 01:24:36 | DEBUG    | nvd_fetch | Specific CVE: CVE-2025-53521
2026-07-02 01:24:37 | INFO     | nvd_fetch | Successfully fetched page at index 0, got 1 CVEs
2026-07-02 01:24:43 | DEBUG    | nvd_fetch | Fetching NVD page: startIndex=0, resultsPerPage=200
2026-07-02 01:24:43 | DEBUG    | nvd_fetch | Specific CVE: CVE-2026-33634
2026-07-02 01:24:44 | INFO     | nvd_fetch | Successfully fetched page at index 0, got 1 CVEs
2026-07-02 01:24:50 | DEBUG    | nvd_fetch | Fetching NVD page: startIndex=0, resultsPerPage=200
2026-07-02 01:24:50 | DEBUG    | nvd_fetch | Specific CVE: CVE-2026-33017
2026-07-02 01:24:50 | INFO     | nvd_fetch | Successfully fetched page at index 0, got 1 CVEs
2026-07-02 01:24:57 | DEBUG    | nvd_fetch | Fetching NVD page: startIndex=0, resultsPerPage=200
2026-07-02 01:24:57 | DEBUG    | nvd_fetch | Specific CVE: CVE-2025-32432
2026-07-02 01:24:57 | INFO     | nvd_fetch | Successfully fetched page at index 0, got 1 CVEs
2026-07-02 01:25:04 | DEBUG    | nvd_fetch | Fetching NVD page: startIndex=0, resultsPerPage=200
2026-07-02 01:25:04 | DEBUG    | nvd_fetch | Specific CVE: CVE-2025-54068
2026-07-02 01:25:04 | INFO     | nvd_fetch | Successfully fetched page at index 0, got 1 CVEs
2026-07-02 01:25:11 | DEBUG    | nvd_fetch | Fetching NVD page: startIndex=0, resultsPerPage=200
2026-07-02 01:25:11 | DEBUG    | nvd_fetch | Specific CVE: CVE-2025-43510
2026-07-02 01:25:11 | INFO     | nvd_fetch | Successfully fetched page at index 0, got 1 CVEs
2026-07-02 01:25:17 | DEBUG    | nvd_fetch | Fetching NVD page: startIndex=0, resultsPerPage=200
2026-07-02 01:25:17 | DEBUG    | nvd_fetch | Specific CVE: CVE-2025-43520
2026-07-02 01:25:18 | INFO     | nvd_fetch | Successfully fetched page at index 0, got 1 CVEs
2026-07-02 01:25:24 | DEBUG    | nvd_fetch | Fetching NVD page: startIndex=0, resultsPerPage=200
2026-07-02 01:25:24 | DEBUG    | nvd_fetch | Specific CVE: CVE-2025-31277
2026-07-02 01:25:25 | INFO     | nvd_fetch | Successfully fetched page at index 0, got 1 CVEs
2026-07-02 01:25:31 | DEBUG    | nvd_fetch | Fetching NVD page: startIndex=0, resultsPerPage=200
2026-07-02 01:25:31 | DEBUG    | nvd_fetch | Specific CVE: CVE-2026-20131
2026-07-02 01:25:32 | INFO     | nvd_fetch | Successfully fetched page at index 0, got 1 CVEs
2026-07-02 01:25:38 | DEBUG    | nvd_fetch | Fetching NVD page: startIndex=0, resultsPerPage=200
2026-07-02 01:25:38 | DEBUG    | nvd_fetch | Specific CVE: CVE-2025-66376
2026-07-02 01:25:39 | INFO     | nvd_fetch | Successfully fetched page at index 0, got 1 CVEs
2026-07-02 01:25:45 | DEBUG    | nvd_fetch | Fetching NVD page: startIndex=0, resultsPerPage=200
2026-07-02 01:25:45 | DEBUG    | nvd_fetch | Specific CVE: CVE-2026-20963
2026-07-02 01:25:45 | INFO     | nvd_fetch | Successfully fetched page at index 0, got 1 CVEs
2026-07-02 01:25:52 | DEBUG    | nvd_fetch | Fetching NVD page: startIndex=0, resultsPerPage=200
2026-07-02 01:25:52 | DEBUG    | nvd_fetch | Specific CVE: CVE-2025-47813
2026-07-02 01:25:52 | INFO     | nvd_fetch | Successfully fetched page at index 0, got 1 CVEs
2026-07-02 01:25:59 | DEBUG    | nvd_fetch | Fetching NVD page: startIndex=0, resultsPerPage=200
2026-07-02 01:25:59 | DEBUG    | nvd_fetch | Specific CVE: CVE-2026-3910
2026-07-02 01:25:59 | INFO     | nvd_fetch | Successfully fetched page at index 0, got 1 CVEs
2026-07-02 01:26:05 | DEBUG    | nvd_fetch | Fetching NVD page: startIndex=0, resultsPerPage=200
2026-07-02 01:26:06 | DEBUG    | nvd_fetch | Specific CVE: CVE-2026-3909
2026-07-02 01:26:06 | INFO     | nvd_fetch | Successfully fetched page at index 0, got 1 CVEs
2026-07-02 01:26:13 | DEBUG    | nvd_fetch | Fetching NVD page: startIndex=0, resultsPerPage=200
2026-07-02 01:26:13 | DEBUG    | nvd_fetch | Specific CVE: CVE-2025-68613
2026-07-02 01:26:13 | INFO     | nvd_fetch | Successfully fetched page at index 0, got 1 CVEs
2026-07-02 01:26:20 | DEBUG    | nvd_fetch | Fetching NVD page: startIndex=0, resultsPerPage=200
2026-07-02 01:26:20 | DEBUG    | nvd_fetch | Specific CVE: CVE-2021-22054
2026-07-02 01:26:20 | INFO     | nvd_fetch | Successfully fetched page at index 0, got 1 CVEs
2026-07-02 01:26:26 | DEBUG    | nvd_fetch | Fetching NVD page: startIndex=0, resultsPerPage=200
2026-07-02 01:26:26 | DEBUG    | nvd_fetch | Specific CVE: CVE-2025-26399
2026-07-02 01:26:27 | INFO     | nvd_fetch | Successfully fetched page at index 0, got 1 CVEs
2026-07-02 01:26:33 | DEBUG    | nvd_fetch | Fetching NVD page: startIndex=0, resultsPerPage=200
2026-07-02 01:26:33 | DEBUG    | nvd_fetch | Specific CVE: CVE-2026-1603
2026-07-02 01:26:34 | INFO     | nvd_fetch | Successfully fetched page at index 0, got 1 CVEs
2026-07-02 01:26:40 | DEBUG    | nvd_fetch | Fetching NVD page: startIndex=0, resultsPerPage=200
2026-07-02 01:26:40 | DEBUG    | nvd_fetch | Specific CVE: CVE-2017-7921
2026-07-02 01:26:40 | INFO     | nvd_fetch | Successfully fetched page at index 0, got 1 CVEs
2026-07-02 01:26:47 | DEBUG    | nvd_fetch | Fetching NVD page: startIndex=0, resultsPerPage=200
2026-07-02 01:26:47 | DEBUG    | nvd_fetch | Specific CVE: CVE-2021-22681
2026-07-02 01:26:47 | INFO     | nvd_fetch | Successfully fetched page at index 0, got 1 CVEs
2026-07-02 01:26:54 | DEBUG    | nvd_fetch | Fetching NVD page: startIndex=0, resultsPerPage=200
2026-07-02 01:26:54 | DEBUG    | nvd_fetch | Specific CVE: CVE-2023-43000
2026-07-02 01:26:54 | INFO     | nvd_fetch | Successfully fetched page at index 0, got 1 CVEs
2026-07-02 01:27:01 | DEBUG    | nvd_fetch | Fetching NVD page: startIndex=0, resultsPerPage=200
2026-07-02 01:27:01 | DEBUG    | nvd_fetch | Specific CVE: CVE-2021-30952
2026-07-02 01:27:01 | INFO     | nvd_fetch | Successfully fetched page at index 0, got 1 CVEs
2026-07-02 01:27:08 | DEBUG    | nvd_fetch | Fetching NVD page: startIndex=0, resultsPerPage=200
2026-07-02 01:27:08 | DEBUG    | nvd_fetch | Specific CVE: CVE-2023-41974
2026-07-02 01:27:08 | INFO     | nvd_fetch | Successfully fetched page at index 0, got 1 CVEs
2026-07-02 01:27:14 | DEBUG    | nvd_fetch | Fetching NVD page: startIndex=0, resultsPerPage=200
2026-07-02 01:27:14 | DEBUG    | nvd_fetch | Specific CVE: CVE-2026-22719
2026-07-02 01:27:15 | INFO     | nvd_fetch | Successfully fetched page at index 0, got 1 CVEs
2026-07-02 01:27:21 | DEBUG    | nvd_fetch | Fetching NVD page: startIndex=0, resultsPerPage=200
2026-07-02 01:27:21 | DEBUG    | nvd_fetch | Specific CVE: CVE-2026-21385
2026-07-02 01:27:22 | INFO     | nvd_fetch | Successfully fetched page at index 0, got 1 CVEs
2026-07-02 01:27:28 | DEBUG    | nvd_fetch | Fetching NVD page: startIndex=0, resultsPerPage=200
2026-07-02 01:27:28 | DEBUG    | nvd_fetch | Specific CVE: CVE-2022-20775
2026-07-02 01:27:28 | INFO     | nvd_fetch | Successfully fetched page at index 0, got 1 CVEs
2026-07-02 01:27:35 | DEBUG    | nvd_fetch | Fetching NVD page: startIndex=0, resultsPerPage=200
2026-07-02 01:27:35 | DEBUG    | nvd_fetch | Specific CVE: CVE-2026-20127
2026-07-02 01:27:35 | INFO     | nvd_fetch | Successfully fetched page at index 0, got 1 CVEs
2026-07-02 01:27:42 | DEBUG    | nvd_fetch | Fetching NVD page: startIndex=0, resultsPerPage=200
2026-07-02 01:27:42 | DEBUG    | nvd_fetch | Specific CVE: CVE-2026-25108
2026-07-02 01:27:42 | INFO     | nvd_fetch | Successfully fetched page at index 0, got 1 CVEs
2026-07-02 01:27:49 | DEBUG    | nvd_fetch | Fetching NVD page: startIndex=0, resultsPerPage=200
2026-07-02 01:27:49 | DEBUG    | nvd_fetch | Specific CVE: CVE-2025-49113
2026-07-02 01:27:49 | INFO     | nvd_fetch | Successfully fetched page at index 0, got 1 CVEs
2026-07-02 01:27:55 | DEBUG    | nvd_fetch | Fetching NVD page: startIndex=0, resultsPerPage=200
2026-07-02 01:27:55 | DEBUG    | nvd_fetch | Specific CVE: CVE-2025-68461
2026-07-02 01:27:56 | INFO     | nvd_fetch | Successfully fetched page at index 0, got 1 CVEs
2026-07-02 01:28:02 | DEBUG    | nvd_fetch | Fetching NVD page: startIndex=0, resultsPerPage=200
2026-07-02 01:28:02 | DEBUG    | nvd_fetch | Specific CVE: CVE-2021-22175
2026-07-02 01:28:03 | INFO     | nvd_fetch | Successfully fetched page at index 0, got 1 CVEs
2026-07-02 01:28:09 | DEBUG    | nvd_fetch | Fetching NVD page: startIndex=0, resultsPerPage=200
2026-07-02 01:28:09 | DEBUG    | nvd_fetch | Specific CVE: CVE-2026-22769
2026-07-02 01:28:09 | INFO     | nvd_fetch | Successfully fetched page at index 0, got 1 CVEs
2026-07-02 01:28:16 | DEBUG    | nvd_fetch | Fetching NVD page: startIndex=0, resultsPerPage=200
2026-07-02 01:28:16 | DEBUG    | nvd_fetch | Specific CVE: CVE-2020-7796
2026-07-02 01:28:17 | INFO     | nvd_fetch | Successfully fetched page at index 0, got 1 CVEs
2026-07-02 01:28:23 | DEBUG    | nvd_fetch | Fetching NVD page: startIndex=0, resultsPerPage=200
2026-07-02 01:28:23 | DEBUG    | nvd_fetch | Specific CVE: CVE-2024-7694
2026-07-02 01:28:23 | INFO     | nvd_fetch | Successfully fetched page at index 0, got 1 CVEs
2026-07-02 01:28:30 | DEBUG    | nvd_fetch | Fetching NVD page: startIndex=0, resultsPerPage=200
2026-07-02 01:28:30 | DEBUG    | nvd_fetch | Specific CVE: CVE-2008-0015
2026-07-02 01:28:30 | INFO     | nvd_fetch | Successfully fetched page at index 0, got 1 CVEs
2026-07-02 01:28:37 | DEBUG    | nvd_fetch | Fetching NVD page: startIndex=0, resultsPerPage=200
2026-07-02 01:28:37 | DEBUG    | nvd_fetch | Specific CVE: CVE-2026-2441
2026-07-02 01:28:37 | INFO     | nvd_fetch | Successfully fetched page at index 0, got 1 CVEs
2026-07-02 01:28:44 | DEBUG    | nvd_fetch | Fetching NVD page: startIndex=0, resultsPerPage=200
2026-07-02 01:28:44 | DEBUG    | nvd_fetch | Specific CVE: CVE-2026-1731
2026-07-02 01:28:44 | INFO     | nvd_fetch | Successfully fetched page at index 0, got 1 CVEs
2026-07-02 01:28:51 | DEBUG    | nvd_fetch | Fetching NVD page: startIndex=0, resultsPerPage=200
2026-07-02 01:28:51 | DEBUG    | nvd_fetch | Specific CVE: CVE-2026-20700
2026-07-02 01:28:51 | INFO     | nvd_fetch | Successfully fetched page at index 0, got 1 CVEs
2026-07-02 01:28:58 | DEBUG    | nvd_fetch | Fetching NVD page: startIndex=0, resultsPerPage=200
2026-07-02 01:28:58 | DEBUG    | nvd_fetch | Specific CVE: CVE-2024-43468
2026-07-02 01:28:58 | INFO     | nvd_fetch | Successfully fetched page at index 0, got 1 CVEs
2026-07-02 01:29:04 | DEBUG    | nvd_fetch | Fetching NVD page: startIndex=0, resultsPerPage=200
2026-07-02 01:29:04 | DEBUG    | nvd_fetch | Specific CVE: CVE-2025-15556
2026-07-02 01:29:05 | INFO     | nvd_fetch | Successfully fetched page at index 0, got 1 CVEs
2026-07-02 01:29:11 | DEBUG    | nvd_fetch | Fetching NVD page: startIndex=0, resultsPerPage=200
2026-07-02 01:29:11 | DEBUG    | nvd_fetch | Specific CVE: CVE-2025-40536
2026-07-02 01:29:12 | INFO     | nvd_fetch | Successfully fetched page at index 0, got 1 CVEs
2026-07-02 01:29:18 | DEBUG    | nvd_fetch | Fetching NVD page: startIndex=0, resultsPerPage=200
2026-07-02 01:29:18 | DEBUG    | nvd_fetch | Specific CVE: CVE-2026-21513
2026-07-02 01:29:19 | INFO     | nvd_fetch | Successfully fetched page at index 0, got 1 CVEs
2026-07-02 01:29:25 | DEBUG    | nvd_fetch | Fetching NVD page: startIndex=0, resultsPerPage=200
2026-07-02 01:29:25 | DEBUG    | nvd_fetch | Specific CVE: CVE-2026-21525
2026-07-02 01:29:25 | INFO     | nvd_fetch | Successfully fetched page at index 0, got 1 CVEs
2026-07-02 01:29:32 | DEBUG    | nvd_fetch | Fetching NVD page: startIndex=0, resultsPerPage=200
2026-07-02 01:29:32 | DEBUG    | nvd_fetch | Specific CVE: CVE-2026-21510
2026-07-02 01:29:32 | INFO     | nvd_fetch | Successfully fetched page at index 0, got 1 CVEs
2026-07-02 01:29:39 | DEBUG    | nvd_fetch | Fetching NVD page: startIndex=0, resultsPerPage=200
2026-07-02 01:29:39 | DEBUG    | nvd_fetch | Specific CVE: CVE-2026-21533
2026-07-02 01:29:39 | INFO     | nvd_fetch | Successfully fetched page at index 0, got 1 CVEs
2026-07-02 01:29:46 | DEBUG    | nvd_fetch | Fetching NVD page: startIndex=0, resultsPerPage=200
2026-07-02 01:29:46 | DEBUG    | nvd_fetch | Specific CVE: CVE-2026-21519
2026-07-02 01:29:46 | INFO     | nvd_fetch | Successfully fetched page at index 0, got 1 CVEs
2026-07-02 01:29:53 | DEBUG    | nvd_fetch | Fetching NVD page: startIndex=0, resultsPerPage=200
2026-07-02 01:29:53 | DEBUG    | nvd_fetch | Specific CVE: CVE-2026-21514
2026-07-02 01:29:53 | INFO     | nvd_fetch | Successfully fetched page at index 0, got 1 CVEs
2026-07-02 01:30:00 | DEBUG    | nvd_fetch | Fetching NVD page: startIndex=0, resultsPerPage=200
2026-07-02 01:30:00 | DEBUG    | nvd_fetch | Specific CVE: CVE-2025-11953
2026-07-02 01:30:00 | INFO     | nvd_fetch | Successfully fetched page at index 0, got 1 CVEs
2026-07-02 01:30:06 | DEBUG    | nvd_fetch | Fetching NVD page: startIndex=0, resultsPerPage=200
2026-07-02 01:30:06 | DEBUG    | nvd_fetch | Specific CVE: CVE-2026-24423
2026-07-02 01:30:07 | INFO     | nvd_fetch | Successfully fetched page at index 0, got 1 CVEs
2026-07-02 01:32:28 | DEBUG    | nvd_fetch | Fetching NVD page: startIndex=0, resultsPerPage=200
2026-07-02 01:32:28 | DEBUG    | nvd_fetch | Specific CVE: CVE-2026-45659
2026-07-02 01:32:29 | INFO     | nvd_fetch | Successfully fetched page at index 0, got 1 CVEs
2026-07-02 01:32:36 | DEBUG    | nvd_fetch | Fetching NVD page: startIndex=0, resultsPerPage=200
2026-07-02 01:32:36 | DEBUG    | nvd_fetch | Specific CVE: CVE-2026-48558
2026-07-02 01:32:36 | INFO     | nvd_fetch | Successfully fetched page at index 0, got 1 CVEs
2026-07-02 01:32:43 | DEBUG    | nvd_fetch | Fetching NVD page: startIndex=0, resultsPerPage=200
2026-07-02 01:32:43 | DEBUG    | nvd_fetch | Specific CVE: CVE-2026-12569
2026-07-02 01:32:43 | INFO     | nvd_fetch | Successfully fetched page at index 0, got 1 CVEs
2026-07-02 01:32:50 | DEBUG    | nvd_fetch | Fetching NVD page: startIndex=0, resultsPerPage=200
2026-07-02 01:32:50 | DEBUG    | nvd_fetch | Specific CVE: CVE-2026-20230
2026-07-02 01:32:50 | INFO     | nvd_fetch | Successfully fetched page at index 0, got 1 CVEs
2026-07-02 01:32:57 | DEBUG    | nvd_fetch | Fetching NVD page: startIndex=0, resultsPerPage=200
2026-07-02 01:32:57 | DEBUG    | nvd_fetch | Specific CVE: CVE-2025-67038
2026-07-02 01:32:57 | INFO     | nvd_fetch | Successfully fetched page at index 0, got 1 CVEs
2026-07-02 01:33:03 | DEBUG    | nvd_fetch | Fetching NVD page: startIndex=0, resultsPerPage=200
2026-07-02 01:33:03 | DEBUG    | nvd_fetch | Specific CVE: CVE-2026-34910
2026-07-02 01:33:04 | INFO     | nvd_fetch | Successfully fetched page at index 0, got 1 CVEs
2026-07-02 01:33:11 | DEBUG    | nvd_fetch | Fetching NVD page: startIndex=0, resultsPerPage=200
2026-07-02 01:33:11 | DEBUG    | nvd_fetch | Specific CVE: CVE-2026-34909
2026-07-02 01:33:11 | INFO     | nvd_fetch | Successfully fetched page at index 0, got 1 CVEs
2026-07-02 01:33:17 | DEBUG    | nvd_fetch | Fetching NVD page: startIndex=0, resultsPerPage=200
2026-07-02 01:33:17 | DEBUG    | nvd_fetch | Specific CVE: CVE-2026-34908
2026-07-02 01:33:18 | INFO     | nvd_fetch | Successfully fetched page at index 0, got 1 CVEs
2026-07-02 01:33:25 | DEBUG    | nvd_fetch | Fetching NVD page: startIndex=0, resultsPerPage=200
2026-07-02 01:33:25 | DEBUG    | nvd_fetch | Specific CVE: CVE-2026-20253
2026-07-02 01:33:25 | INFO     | nvd_fetch | Successfully fetched page at index 0, got 1 CVEs
2026-07-02 01:33:31 | DEBUG    | nvd_fetch | Fetching NVD page: startIndex=0, resultsPerPage=200
2026-07-02 01:33:31 | DEBUG    | nvd_fetch | Specific CVE: CVE-2026-48907
2026-07-02 01:33:32 | INFO     | nvd_fetch | Successfully fetched page at index 0, got 1 CVEs
2026-07-02 01:33:38 | DEBUG    | nvd_fetch | Fetching NVD page: startIndex=0, resultsPerPage=200
2026-07-02 01:33:38 | DEBUG    | nvd_fetch | Specific CVE: CVE-2026-54420
2026-07-02 01:33:38 | INFO     | nvd_fetch | Successfully fetched page at index 0, got 1 CVEs
2026-07-02 01:33:45 | DEBUG    | nvd_fetch | Fetching NVD page: startIndex=0, resultsPerPage=200
2026-07-02 01:33:45 | DEBUG    | nvd_fetch | Specific CVE: CVE-2026-20262
2026-07-02 01:33:45 | INFO     | nvd_fetch | Successfully fetched page at index 0, got 1 CVEs
2026-07-02 01:33:52 | DEBUG    | nvd_fetch | Fetching NVD page: startIndex=0, resultsPerPage=200
2026-07-02 01:33:52 | DEBUG    | nvd_fetch | Specific CVE: CVE-2026-35273
2026-07-02 01:33:52 | INFO     | nvd_fetch | Successfully fetched page at index 0, got 1 CVEs
2026-07-02 01:33:59 | DEBUG    | nvd_fetch | Fetching NVD page: startIndex=0, resultsPerPage=200
2026-07-02 01:33:59 | DEBUG    | nvd_fetch | Specific CVE: CVE-2026-10520
2026-07-02 01:33:59 | INFO     | nvd_fetch | Successfully fetched page at index 0, got 1 CVEs
2026-07-02 01:34:06 | DEBUG    | nvd_fetch | Fetching NVD page: startIndex=0, resultsPerPage=200
2026-07-02 01:34:06 | DEBUG    | nvd_fetch | Specific CVE: CVE-2026-11645
2026-07-02 01:34:06 | INFO     | nvd_fetch | Successfully fetched page at index 0, got 1 CVEs
2026-07-02 01:34:12 | DEBUG    | nvd_fetch | Fetching NVD page: startIndex=0, resultsPerPage=200
2026-07-02 01:34:12 | DEBUG    | nvd_fetch | Specific CVE: CVE-2026-7473
2026-07-02 01:34:13 | INFO     | nvd_fetch | Successfully fetched page at index 0, got 1 CVEs
2026-07-02 01:34:19 | DEBUG    | nvd_fetch | Fetching NVD page: startIndex=0, resultsPerPage=200
2026-07-02 01:34:19 | DEBUG    | nvd_fetch | Specific CVE: CVE-2026-20245
2026-07-02 01:34:19 | INFO     | nvd_fetch | Successfully fetched page at index 0, got 1 CVEs
2026-07-02 01:34:26 | DEBUG    | nvd_fetch | Fetching NVD page: startIndex=0, resultsPerPage=200
2026-07-02 01:34:26 | DEBUG    | nvd_fetch | Specific CVE: CVE-2026-42271
2026-07-02 01:34:26 | INFO     | nvd_fetch | Successfully fetched page at index 0, got 1 CVEs
2026-07-02 01:34:33 | DEBUG    | nvd_fetch | Fetching NVD page: startIndex=0, resultsPerPage=200
2026-07-02 01:34:33 | DEBUG    | nvd_fetch | Specific CVE: CVE-2026-50751
2026-07-02 01:34:33 | INFO     | nvd_fetch | Successfully fetched page at index 0, got 1 CVEs
2026-07-02 01:34:40 | DEBUG    | nvd_fetch | Fetching NVD page: startIndex=0, resultsPerPage=200
2026-07-02 01:34:40 | DEBUG    | nvd_fetch | Specific CVE: CVE-2026-28318
2026-07-02 01:34:40 | INFO     | nvd_fetch | Successfully fetched page at index 0, got 1 CVEs
2026-07-02 01:34:46 | DEBUG    | nvd_fetch | Fetching NVD page: startIndex=0, resultsPerPage=200
2026-07-02 01:34:46 | DEBUG    | nvd_fetch | Specific CVE: CVE-2026-45247
2026-07-02 01:34:47 | INFO     | nvd_fetch | Successfully fetched page at index 0, got 1 CVEs
2026-07-02 01:34:53 | DEBUG    | nvd_fetch | Fetching NVD page: startIndex=0, resultsPerPage=200
2026-07-02 01:34:53 | DEBUG    | nvd_fetch | Specific CVE: CVE-2022-0492
2026-07-02 01:34:53 | INFO     | nvd_fetch | Successfully fetched page at index 0, got 1 CVEs
2026-07-02 01:35:00 | DEBUG    | nvd_fetch | Fetching NVD page: startIndex=0, resultsPerPage=200
2026-07-02 01:35:00 | DEBUG    | nvd_fetch | Specific CVE: CVE-2025-48595
2026-07-02 01:35:00 | INFO     | nvd_fetch | Successfully fetched page at index 0, got 1 CVEs
2026-07-02 01:35:07 | DEBUG    | nvd_fetch | Fetching NVD page: startIndex=0, resultsPerPage=200
2026-07-02 01:35:07 | DEBUG    | nvd_fetch | Specific CVE: CVE-2024-21182
2026-07-02 01:35:07 | INFO     | nvd_fetch | Successfully fetched page at index 0, got 1 CVEs
2026-07-02 01:35:14 | DEBUG    | nvd_fetch | Fetching NVD page: startIndex=0, resultsPerPage=200
2026-07-02 01:35:14 | DEBUG    | nvd_fetch | Specific CVE: CVE-2026-0257
2026-07-02 01:35:14 | INFO     | nvd_fetch | Successfully fetched page at index 0, got 1 CVEs
2026-07-02 01:35:21 | DEBUG    | nvd_fetch | Fetching NVD page: startIndex=0, resultsPerPage=200
2026-07-02 01:35:21 | DEBUG    | nvd_fetch | Specific CVE: CVE-2026-48027
2026-07-02 01:35:21 | INFO     | nvd_fetch | Successfully fetched page at index 0, got 1 CVEs
2026-07-02 01:35:27 | DEBUG    | nvd_fetch | Fetching NVD page: startIndex=0, resultsPerPage=200
2026-07-02 01:35:27 | DEBUG    | nvd_fetch | Specific CVE: CVE-2026-45321
2026-07-02 01:35:28 | INFO     | nvd_fetch | Successfully fetched page at index 0, got 1 CVEs
2026-07-02 01:35:34 | DEBUG    | nvd_fetch | Fetching NVD page: startIndex=0, resultsPerPage=200
2026-07-02 01:35:34 | DEBUG    | nvd_fetch | Specific CVE: CVE-2026-8398
2026-07-02 01:35:34 | INFO     | nvd_fetch | Successfully fetched page at index 0, got 1 CVEs
2026-07-02 01:35:41 | DEBUG    | nvd_fetch | Fetching NVD page: startIndex=0, resultsPerPage=200
2026-07-02 01:35:41 | DEBUG    | nvd_fetch | Specific CVE: CVE-2026-48172
2026-07-02 01:35:42 | INFO     | nvd_fetch | Successfully fetched page at index 0, got 1 CVEs
2026-07-02 01:35:48 | DEBUG    | nvd_fetch | Fetching NVD page: startIndex=0, resultsPerPage=200
2026-07-02 01:35:48 | DEBUG    | nvd_fetch | Specific CVE: CVE-2026-9082
2026-07-02 01:35:48 | INFO     | nvd_fetch | Successfully fetched page at index 0, got 1 CVEs
2026-07-02 01:35:55 | DEBUG    | nvd_fetch | Fetching NVD page: startIndex=0, resultsPerPage=200
2026-07-02 01:35:55 | DEBUG    | nvd_fetch | Specific CVE: CVE-2025-34291
2026-07-02 01:35:55 | INFO     | nvd_fetch | Successfully fetched page at index 0, got 1 CVEs
2026-07-02 01:36:02 | DEBUG    | nvd_fetch | Fetching NVD page: startIndex=0, resultsPerPage=200
2026-07-02 01:36:02 | DEBUG    | nvd_fetch | Specific CVE: CVE-2026-34926
2026-07-02 01:36:02 | INFO     | nvd_fetch | Successfully fetched page at index 0, got 1 CVEs
2026-07-02 01:36:08 | DEBUG    | nvd_fetch | Fetching NVD page: startIndex=0, resultsPerPage=200
2026-07-02 01:36:08 | DEBUG    | nvd_fetch | Specific CVE: CVE-2008-4250
2026-07-02 01:36:09 | INFO     | nvd_fetch | Successfully fetched page at index 0, got 1 CVEs
2026-07-02 01:36:16 | DEBUG    | nvd_fetch | Fetching NVD page: startIndex=0, resultsPerPage=200
2026-07-02 01:36:16 | DEBUG    | nvd_fetch | Specific CVE: CVE-2009-1537
2026-07-02 01:36:16 | INFO     | nvd_fetch | Successfully fetched page at index 0, got 1 CVEs
2026-07-02 01:36:23 | DEBUG    | nvd_fetch | Fetching NVD page: startIndex=0, resultsPerPage=200
2026-07-02 01:36:23 | DEBUG    | nvd_fetch | Specific CVE: CVE-2009-3459
2026-07-02 01:36:23 | INFO     | nvd_fetch | Successfully fetched page at index 0, got 1 CVEs
2026-07-02 01:36:29 | DEBUG    | nvd_fetch | Fetching NVD page: startIndex=0, resultsPerPage=200
2026-07-02 01:36:29 | DEBUG    | nvd_fetch | Specific CVE: CVE-2010-0249
2026-07-02 01:36:30 | INFO     | nvd_fetch | Successfully fetched page at index 0, got 1 CVEs
2026-07-02 01:36:36 | DEBUG    | nvd_fetch | Fetching NVD page: startIndex=0, resultsPerPage=200
2026-07-02 01:36:36 | DEBUG    | nvd_fetch | Specific CVE: CVE-2010-0806
2026-07-02 01:36:36 | INFO     | nvd_fetch | Successfully fetched page at index 0, got 1 CVEs
2026-07-02 01:36:43 | DEBUG    | nvd_fetch | Fetching NVD page: startIndex=0, resultsPerPage=200
2026-07-02 01:36:43 | DEBUG    | nvd_fetch | Specific CVE: CVE-2026-41091
2026-07-02 01:36:43 | INFO     | nvd_fetch | Successfully fetched page at index 0, got 1 CVEs
2026-07-02 01:36:50 | DEBUG    | nvd_fetch | Fetching NVD page: startIndex=0, resultsPerPage=200
2026-07-02 01:36:50 | DEBUG    | nvd_fetch | Specific CVE: CVE-2026-45498
2026-07-02 01:36:50 | INFO     | nvd_fetch | Successfully fetched page at index 0, got 1 CVEs
2026-07-02 01:36:57 | DEBUG    | nvd_fetch | Fetching NVD page: startIndex=0, resultsPerPage=200
2026-07-02 01:36:57 | DEBUG    | nvd_fetch | Specific CVE: CVE-2026-42897
2026-07-02 01:36:57 | INFO     | nvd_fetch | Successfully fetched page at index 0, got 1 CVEs
2026-07-02 01:37:03 | DEBUG    | nvd_fetch | Fetching NVD page: startIndex=0, resultsPerPage=200
2026-07-02 01:37:03 | DEBUG    | nvd_fetch | Specific CVE: CVE-2026-20182
2026-07-02 01:37:04 | INFO     | nvd_fetch | Successfully fetched page at index 0, got 1 CVEs
2026-07-02 01:37:10 | DEBUG    | nvd_fetch | Fetching NVD page: startIndex=0, resultsPerPage=200
2026-07-02 01:37:10 | DEBUG    | nvd_fetch | Specific CVE: CVE-2026-42208
2026-07-02 01:37:10 | INFO     | nvd_fetch | Successfully fetched page at index 0, got 1 CVEs
2026-07-02 01:37:17 | DEBUG    | nvd_fetch | Fetching NVD page: startIndex=0, resultsPerPage=200
2026-07-02 01:37:17 | DEBUG    | nvd_fetch | Specific CVE: CVE-2026-6973
2026-07-02 01:37:17 | INFO     | nvd_fetch | Successfully fetched page at index 0, got 1 CVEs
2026-07-02 01:37:24 | DEBUG    | nvd_fetch | Fetching NVD page: startIndex=0, resultsPerPage=200
2026-07-02 01:37:24 | DEBUG    | nvd_fetch | Specific CVE: CVE-2026-0300
2026-07-02 01:37:24 | INFO     | nvd_fetch | Successfully fetched page at index 0, got 1 CVEs
2026-07-02 01:37:31 | DEBUG    | nvd_fetch | Fetching NVD page: startIndex=0, resultsPerPage=200
2026-07-02 01:37:31 | DEBUG    | nvd_fetch | Specific CVE: CVE-2026-31431
2026-07-02 01:37:31 | INFO     | nvd_fetch | Successfully fetched page at index 0, got 1 CVEs
2026-07-02 01:37:38 | DEBUG    | nvd_fetch | Fetching NVD page: startIndex=0, resultsPerPage=200
2026-07-02 01:37:38 | DEBUG    | nvd_fetch | Specific CVE: CVE-2026-41940
2026-07-02 01:37:38 | INFO     | nvd_fetch | Successfully fetched page at index 0, got 1 CVEs
2026-07-02 01:37:45 | DEBUG    | nvd_fetch | Fetching NVD page: startIndex=0, resultsPerPage=200
2026-07-02 01:37:45 | DEBUG    | nvd_fetch | Specific CVE: CVE-2024-1708
2026-07-02 01:37:45 | INFO     | nvd_fetch | Successfully fetched page at index 0, got 1 CVEs
2026-07-02 01:37:52 | DEBUG    | nvd_fetch | Fetching NVD page: startIndex=0, resultsPerPage=200
2026-07-02 01:37:52 | DEBUG    | nvd_fetch | Specific CVE: CVE-2026-32202
2026-07-02 01:37:52 | INFO     | nvd_fetch | Successfully fetched page at index 0, got 1 CVEs
2026-07-02 01:37:58 | DEBUG    | nvd_fetch | Fetching NVD page: startIndex=0, resultsPerPage=200
2026-07-02 01:37:58 | DEBUG    | nvd_fetch | Specific CVE: CVE-2025-29635
2026-07-02 01:37:59 | INFO     | nvd_fetch | Successfully fetched page at index 0, got 1 CVEs
2026-07-02 01:38:05 | DEBUG    | nvd_fetch | Fetching NVD page: startIndex=0, resultsPerPage=200
2026-07-02 01:38:05 | DEBUG    | nvd_fetch | Specific CVE: CVE-2024-7399
2026-07-02 01:38:05 | INFO     | nvd_fetch | Successfully fetched page at index 0, got 1 CVEs
2026-07-02 01:38:12 | DEBUG    | nvd_fetch | Fetching NVD page: startIndex=0, resultsPerPage=200
2026-07-02 01:38:12 | DEBUG    | nvd_fetch | Specific CVE: CVE-2024-57728
2026-07-02 01:38:12 | INFO     | nvd_fetch | Successfully fetched page at index 0, got 1 CVEs
2026-07-02 01:38:19 | DEBUG    | nvd_fetch | Fetching NVD page: startIndex=0, resultsPerPage=200
2026-07-02 01:38:19 | DEBUG    | nvd_fetch | Specific CVE: CVE-2024-57726
2026-07-02 01:38:19 | INFO     | nvd_fetch | Successfully fetched page at index 0, got 1 CVEs
2026-07-02 01:38:26 | DEBUG    | nvd_fetch | Fetching NVD page: startIndex=0, resultsPerPage=200
2026-07-02 01:38:26 | DEBUG    | nvd_fetch | Specific CVE: CVE-2026-39987
2026-07-02 01:38:26 | INFO     | nvd_fetch | Successfully fetched page at index 0, got 1 CVEs
2026-07-02 01:38:32 | DEBUG    | nvd_fetch | Fetching NVD page: startIndex=0, resultsPerPage=200
2026-07-02 01:38:32 | DEBUG    | nvd_fetch | Specific CVE: CVE-2026-33825
2026-07-02 01:38:33 | INFO     | nvd_fetch | Successfully fetched page at index 0, got 1 CVEs
2026-07-02 01:38:39 | DEBUG    | nvd_fetch | Fetching NVD page: startIndex=0, resultsPerPage=200
2026-07-02 01:38:39 | DEBUG    | nvd_fetch | Specific CVE: CVE-2026-20122
2026-07-02 01:38:39 | INFO     | nvd_fetch | Successfully fetched page at index 0, got 1 CVEs
2026-07-02 01:38:46 | DEBUG    | nvd_fetch | Fetching NVD page: startIndex=0, resultsPerPage=200
2026-07-02 01:38:46 | DEBUG    | nvd_fetch | Specific CVE: CVE-2026-20133
2026-07-02 01:38:47 | INFO     | nvd_fetch | Successfully fetched page at index 0, got 1 CVEs
2026-07-02 01:38:53 | DEBUG    | nvd_fetch | Fetching NVD page: startIndex=0, resultsPerPage=200
2026-07-02 01:38:53 | DEBUG    | nvd_fetch | Specific CVE: CVE-2025-2749
2026-07-02 01:38:53 | INFO     | nvd_fetch | Successfully fetched page at index 0, got 1 CVEs
2026-07-02 01:39:00 | DEBUG    | nvd_fetch | Fetching NVD page: startIndex=0, resultsPerPage=200
2026-07-02 01:39:00 | DEBUG    | nvd_fetch | Specific CVE: CVE-2023-27351
2026-07-02 01:39:00 | INFO     | nvd_fetch | Successfully fetched page at index 0, got 1 CVEs
2026-07-02 01:39:07 | DEBUG    | nvd_fetch | Fetching NVD page: startIndex=0, resultsPerPage=200
2026-07-02 01:39:07 | DEBUG    | nvd_fetch | Specific CVE: CVE-2025-48700
2026-07-02 01:39:07 | INFO     | nvd_fetch | Successfully fetched page at index 0, got 1 CVEs
2026-07-02 01:39:14 | DEBUG    | nvd_fetch | Fetching NVD page: startIndex=0, resultsPerPage=200
2026-07-02 01:39:14 | DEBUG    | nvd_fetch | Specific CVE: CVE-2026-20128
2026-07-02 01:39:14 | INFO     | nvd_fetch | Successfully fetched page at index 0, got 1 CVEs
2026-07-02 01:39:20 | DEBUG    | nvd_fetch | Fetching NVD page: startIndex=0, resultsPerPage=200
2026-07-02 01:39:20 | DEBUG    | nvd_fetch | Specific CVE: CVE-2025-32975
2026-07-02 01:39:21 | INFO     | nvd_fetch | Successfully fetched page at index 0, got 1 CVEs
2026-07-02 01:39:27 | DEBUG    | nvd_fetch | Fetching NVD page: startIndex=0, resultsPerPage=200
2026-07-02 01:39:27 | DEBUG    | nvd_fetch | Specific CVE: CVE-2024-27199
2026-07-02 01:39:27 | INFO     | nvd_fetch | Successfully fetched page at index 0, got 1 CVEs
2026-07-02 01:39:34 | DEBUG    | nvd_fetch | Fetching NVD page: startIndex=0, resultsPerPage=200
2026-07-02 01:39:34 | DEBUG    | nvd_fetch | Specific CVE: CVE-2026-34197
2026-07-02 01:39:34 | INFO     | nvd_fetch | Successfully fetched page at index 0, got 1 CVEs
2026-07-02 01:39:41 | DEBUG    | nvd_fetch | Fetching NVD page: startIndex=0, resultsPerPage=200
2026-07-02 01:39:41 | DEBUG    | nvd_fetch | Specific CVE: CVE-2009-0238
2026-07-02 01:39:41 | INFO     | nvd_fetch | Successfully fetched page at index 0, got 1 CVEs
2026-07-02 01:39:47 | DEBUG    | nvd_fetch | Fetching NVD page: startIndex=0, resultsPerPage=200
2026-07-02 01:39:47 | DEBUG    | nvd_fetch | Specific CVE: CVE-2026-32201
2026-07-02 01:39:48 | INFO     | nvd_fetch | Successfully fetched page at index 0, got 1 CVEs
2026-07-02 01:39:54 | DEBUG    | nvd_fetch | Fetching NVD page: startIndex=0, resultsPerPage=200
2026-07-02 01:39:54 | DEBUG    | nvd_fetch | Specific CVE: CVE-2012-1854
2026-07-02 01:39:55 | INFO     | nvd_fetch | Successfully fetched page at index 0, got 1 CVEs
2026-07-02 01:40:01 | DEBUG    | nvd_fetch | Fetching NVD page: startIndex=0, resultsPerPage=200
2026-07-02 01:40:01 | DEBUG    | nvd_fetch | Specific CVE: CVE-2025-60710
2026-07-02 01:40:01 | INFO     | nvd_fetch | Successfully fetched page at index 0, got 1 CVEs
2026-07-02 01:40:08 | DEBUG    | nvd_fetch | Fetching NVD page: startIndex=0, resultsPerPage=200
2026-07-02 01:40:08 | DEBUG    | nvd_fetch | Specific CVE: CVE-2023-21529
2026-07-02 01:40:08 | INFO     | nvd_fetch | Successfully fetched page at index 0, got 1 CVEs
2026-07-02 01:40:15 | DEBUG    | nvd_fetch | Fetching NVD page: startIndex=0, resultsPerPage=200
2026-07-02 01:40:15 | DEBUG    | nvd_fetch | Specific CVE: CVE-2023-36424
2026-07-02 01:40:15 | INFO     | nvd_fetch | Successfully fetched page at index 0, got 1 CVEs
2026-07-02 01:40:22 | DEBUG    | nvd_fetch | Fetching NVD page: startIndex=0, resultsPerPage=200
2026-07-02 01:40:22 | DEBUG    | nvd_fetch | Specific CVE: CVE-2020-9715
2026-07-02 01:40:23 | INFO     | nvd_fetch | Successfully fetched page at index 0, got 1 CVEs
2026-07-02 01:40:29 | DEBUG    | nvd_fetch | Fetching NVD page: startIndex=0, resultsPerPage=200
2026-07-02 01:40:29 | DEBUG    | nvd_fetch | Specific CVE: CVE-2026-21643
2026-07-02 01:40:29 | INFO     | nvd_fetch | Successfully fetched page at index 0, got 1 CVEs
2026-07-02 01:40:36 | DEBUG    | nvd_fetch | Fetching NVD page: startIndex=0, resultsPerPage=200
2026-07-02 01:40:36 | DEBUG    | nvd_fetch | Specific CVE: CVE-2026-34621
2026-07-02 01:40:36 | INFO     | nvd_fetch | Successfully fetched page at index 0, got 1 CVEs
2026-07-02 01:40:43 | DEBUG    | nvd_fetch | Fetching NVD page: startIndex=0, resultsPerPage=200
2026-07-02 01:40:43 | DEBUG    | nvd_fetch | Specific CVE: CVE-2026-1340
2026-07-02 01:40:43 | INFO     | nvd_fetch | Successfully fetched page at index 0, got 1 CVEs
2026-07-02 01:40:50 | DEBUG    | nvd_fetch | Fetching NVD page: startIndex=0, resultsPerPage=200
2026-07-02 01:40:50 | DEBUG    | nvd_fetch | Specific CVE: CVE-2026-35616
2026-07-02 01:40:50 | INFO     | nvd_fetch | Successfully fetched page at index 0, got 1 CVEs
2026-07-02 01:40:56 | DEBUG    | nvd_fetch | Fetching NVD page: startIndex=0, resultsPerPage=200
2026-07-02 01:40:56 | DEBUG    | nvd_fetch | Specific CVE: CVE-2026-3502
2026-07-02 01:40:57 | INFO     | nvd_fetch | Successfully fetched page at index 0, got 1 CVEs
2026-07-02 01:41:03 | DEBUG    | nvd_fetch | Fetching NVD page: startIndex=0, resultsPerPage=200
2026-07-02 01:41:03 | DEBUG    | nvd_fetch | Specific CVE: CVE-2026-5281
2026-07-02 01:41:03 | INFO     | nvd_fetch | Successfully fetched page at index 0, got 1 CVEs
2026-07-02 01:41:10 | DEBUG    | nvd_fetch | Fetching NVD page: startIndex=0, resultsPerPage=200
2026-07-02 01:41:10 | DEBUG    | nvd_fetch | Specific CVE: CVE-2026-3055
2026-07-02 01:41:11 | INFO     | nvd_fetch | Successfully fetched page at index 0, got 1 CVEs
2026-07-02 01:41:17 | DEBUG    | nvd_fetch | Fetching NVD page: startIndex=0, resultsPerPage=200
2026-07-02 01:41:17 | DEBUG    | nvd_fetch | Specific CVE: CVE-2025-53521
2026-07-02 01:41:18 | INFO     | nvd_fetch | Successfully fetched page at index 0, got 1 CVEs
2026-07-02 01:41:25 | DEBUG    | nvd_fetch | Fetching NVD page: startIndex=0, resultsPerPage=200
2026-07-02 01:41:25 | DEBUG    | nvd_fetch | Specific CVE: CVE-2026-33634
2026-07-02 01:41:25 | INFO     | nvd_fetch | Successfully fetched page at index 0, got 1 CVEs
2026-07-02 01:41:32 | DEBUG    | nvd_fetch | Fetching NVD page: startIndex=0, resultsPerPage=200
2026-07-02 01:41:32 | DEBUG    | nvd_fetch | Specific CVE: CVE-2026-33017
2026-07-02 01:41:32 | INFO     | nvd_fetch | Successfully fetched page at index 0, got 1 CVEs
2026-07-02 01:41:39 | DEBUG    | nvd_fetch | Fetching NVD page: startIndex=0, resultsPerPage=200
2026-07-02 01:41:39 | DEBUG    | nvd_fetch | Specific CVE: CVE-2025-32432
2026-07-02 01:41:39 | INFO     | nvd_fetch | Successfully fetched page at index 0, got 1 CVEs
2026-07-02 01:41:45 | DEBUG    | nvd_fetch | Fetching NVD page: startIndex=0, resultsPerPage=200
2026-07-02 01:41:45 | DEBUG    | nvd_fetch | Specific CVE: CVE-2025-54068
2026-07-02 01:41:46 | INFO     | nvd_fetch | Successfully fetched page at index 0, got 1 CVEs
2026-07-02 01:41:52 | DEBUG    | nvd_fetch | Fetching NVD page: startIndex=0, resultsPerPage=200
2026-07-02 01:41:52 | DEBUG    | nvd_fetch | Specific CVE: CVE-2025-43510
2026-07-02 01:41:52 | INFO     | nvd_fetch | Successfully fetched page at index 0, got 1 CVEs
2026-07-02 01:41:59 | DEBUG    | nvd_fetch | Fetching NVD page: startIndex=0, resultsPerPage=200
2026-07-02 01:41:59 | DEBUG    | nvd_fetch | Specific CVE: CVE-2025-43520
2026-07-02 01:41:59 | INFO     | nvd_fetch | Successfully fetched page at index 0, got 1 CVEs
2026-07-02 01:42:06 | DEBUG    | nvd_fetch | Fetching NVD page: startIndex=0, resultsPerPage=200
2026-07-02 01:42:06 | DEBUG    | nvd_fetch | Specific CVE: CVE-2025-31277
2026-07-02 01:42:06 | INFO     | nvd_fetch | Successfully fetched page at index 0, got 1 CVEs
2026-07-02 01:42:13 | DEBUG    | nvd_fetch | Fetching NVD page: startIndex=0, resultsPerPage=200
2026-07-02 01:42:13 | DEBUG    | nvd_fetch | Specific CVE: CVE-2026-20131
2026-07-02 01:42:13 | INFO     | nvd_fetch | Successfully fetched page at index 0, got 1 CVEs
2026-07-02 01:42:20 | DEBUG    | nvd_fetch | Fetching NVD page: startIndex=0, resultsPerPage=200
2026-07-02 01:42:20 | DEBUG    | nvd_fetch | Specific CVE: CVE-2025-66376
2026-07-02 01:42:20 | INFO     | nvd_fetch | Successfully fetched page at index 0, got 1 CVEs
2026-07-02 01:42:26 | DEBUG    | nvd_fetch | Fetching NVD page: startIndex=0, resultsPerPage=200
2026-07-02 01:42:26 | DEBUG    | nvd_fetch | Specific CVE: CVE-2026-20963
2026-07-02 01:42:27 | INFO     | nvd_fetch | Successfully fetched page at index 0, got 1 CVEs
2026-07-02 01:42:33 | DEBUG    | nvd_fetch | Fetching NVD page: startIndex=0, resultsPerPage=200
2026-07-02 01:42:33 | DEBUG    | nvd_fetch | Specific CVE: CVE-2025-47813
2026-07-02 01:42:34 | INFO     | nvd_fetch | Successfully fetched page at index 0, got 1 CVEs
2026-07-02 01:42:40 | DEBUG    | nvd_fetch | Fetching NVD page: startIndex=0, resultsPerPage=200
2026-07-02 01:42:40 | DEBUG    | nvd_fetch | Specific CVE: CVE-2026-3910
2026-07-02 01:42:40 | INFO     | nvd_fetch | Successfully fetched page at index 0, got 1 CVEs
2026-07-02 01:42:47 | DEBUG    | nvd_fetch | Fetching NVD page: startIndex=0, resultsPerPage=200
2026-07-02 01:42:47 | DEBUG    | nvd_fetch | Specific CVE: CVE-2026-3909
2026-07-02 01:42:47 | INFO     | nvd_fetch | Successfully fetched page at index 0, got 1 CVEs
2026-07-02 01:42:54 | DEBUG    | nvd_fetch | Fetching NVD page: startIndex=0, resultsPerPage=200
2026-07-02 01:42:54 | DEBUG    | nvd_fetch | Specific CVE: CVE-2025-68613
2026-07-02 01:43:02 | INFO     | nvd_fetch | Successfully fetched page at index 0, got 1 CVEs
2026-07-02 01:43:08 | DEBUG    | nvd_fetch | Fetching NVD page: startIndex=0, resultsPerPage=200
2026-07-02 01:43:08 | DEBUG    | nvd_fetch | Specific CVE: CVE-2021-22054
2026-07-02 01:43:20 | INFO     | nvd_fetch | Successfully fetched page at index 0, got 1 CVEs
2026-07-02 01:43:26 | DEBUG    | nvd_fetch | Fetching NVD page: startIndex=0, resultsPerPage=200
2026-07-02 01:43:26 | DEBUG    | nvd_fetch | Specific CVE: CVE-2025-26399
2026-07-02 01:43:27 | INFO     | nvd_fetch | Successfully fetched page at index 0, got 1 CVEs
2026-07-02 01:43:33 | DEBUG    | nvd_fetch | Fetching NVD page: startIndex=0, resultsPerPage=200
2026-07-02 01:43:33 | DEBUG    | nvd_fetch | Specific CVE: CVE-2026-1603
2026-07-02 01:43:34 | INFO     | nvd_fetch | Successfully fetched page at index 0, got 1 CVEs
2026-07-02 01:43:40 | DEBUG    | nvd_fetch | Fetching NVD page: startIndex=0, resultsPerPage=200
2026-07-02 01:43:40 | DEBUG    | nvd_fetch | Specific CVE: CVE-2017-7921
2026-07-02 01:43:40 | INFO     | nvd_fetch | Successfully fetched page at index 0, got 1 CVEs
2026-07-02 01:43:47 | DEBUG    | nvd_fetch | Fetching NVD page: startIndex=0, resultsPerPage=200
2026-07-02 01:43:47 | DEBUG    | nvd_fetch | Specific CVE: CVE-2021-22681
2026-07-02 01:43:47 | INFO     | nvd_fetch | Successfully fetched page at index 0, got 1 CVEs
2026-07-02 01:43:54 | DEBUG    | nvd_fetch | Fetching NVD page: startIndex=0, resultsPerPage=200
2026-07-02 01:43:54 | DEBUG    | nvd_fetch | Specific CVE: CVE-2023-43000
2026-07-02 01:43:54 | INFO     | nvd_fetch | Successfully fetched page at index 0, got 1 CVEs
2026-07-02 01:44:01 | DEBUG    | nvd_fetch | Fetching NVD page: startIndex=0, resultsPerPage=200
2026-07-02 01:44:01 | DEBUG    | nvd_fetch | Specific CVE: CVE-2021-30952
2026-07-02 01:44:01 | INFO     | nvd_fetch | Successfully fetched page at index 0, got 1 CVEs
2026-07-02 01:44:08 | DEBUG    | nvd_fetch | Fetching NVD page: startIndex=0, resultsPerPage=200
2026-07-02 01:44:08 | DEBUG    | nvd_fetch | Specific CVE: CVE-2023-41974
2026-07-02 01:44:08 | INFO     | nvd_fetch | Successfully fetched page at index 0, got 1 CVEs
2026-07-02 01:44:14 | DEBUG    | nvd_fetch | Fetching NVD page: startIndex=0, resultsPerPage=200
2026-07-02 01:44:14 | DEBUG    | nvd_fetch | Specific CVE: CVE-2026-22719
2026-07-02 01:44:20 | INFO     | nvd_fetch | Successfully fetched page at index 0, got 1 CVEs
2026-07-02 01:44:26 | DEBUG    | nvd_fetch | Fetching NVD page: startIndex=0, resultsPerPage=200
2026-07-02 01:44:26 | DEBUG    | nvd_fetch | Specific CVE: CVE-2026-21385
2026-07-02 01:44:27 | INFO     | nvd_fetch | Successfully fetched page at index 0, got 1 CVEs
2026-07-02 01:44:34 | DEBUG    | nvd_fetch | Fetching NVD page: startIndex=0, resultsPerPage=200
2026-07-02 01:44:34 | DEBUG    | nvd_fetch | Specific CVE: CVE-2022-20775
2026-07-02 01:44:34 | INFO     | nvd_fetch | Successfully fetched page at index 0, got 1 CVEs
2026-07-02 01:44:41 | DEBUG    | nvd_fetch | Fetching NVD page: startIndex=0, resultsPerPage=200
2026-07-02 01:44:41 | DEBUG    | nvd_fetch | Specific CVE: CVE-2026-20127
2026-07-02 01:44:41 | INFO     | nvd_fetch | Successfully fetched page at index 0, got 1 CVEs
2026-07-02 01:44:47 | DEBUG    | nvd_fetch | Fetching NVD page: startIndex=0, resultsPerPage=200
2026-07-02 01:44:47 | DEBUG    | nvd_fetch | Specific CVE: CVE-2026-25108
2026-07-02 01:44:48 | INFO     | nvd_fetch | Successfully fetched page at index 0, got 1 CVEs
2026-07-02 01:44:54 | DEBUG    | nvd_fetch | Fetching NVD page: startIndex=0, resultsPerPage=200
2026-07-02 01:44:54 | DEBUG    | nvd_fetch | Specific CVE: CVE-2025-49113
2026-07-02 01:44:55 | INFO     | nvd_fetch | Successfully fetched page at index 0, got 1 CVEs
2026-07-02 01:45:01 | DEBUG    | nvd_fetch | Fetching NVD page: startIndex=0, resultsPerPage=200
2026-07-02 01:45:01 | DEBUG    | nvd_fetch | Specific CVE: CVE-2025-68461
2026-07-02 01:45:02 | INFO     | nvd_fetch | Successfully fetched page at index 0, got 1 CVEs
2026-07-02 01:45:08 | DEBUG    | nvd_fetch | Fetching NVD page: startIndex=0, resultsPerPage=200
2026-07-02 01:45:08 | DEBUG    | nvd_fetch | Specific CVE: CVE-2021-22175
2026-07-02 01:45:09 | INFO     | nvd_fetch | Successfully fetched page at index 0, got 1 CVEs
2026-07-02 01:45:15 | DEBUG    | nvd_fetch | Fetching NVD page: startIndex=0, resultsPerPage=200
2026-07-02 01:45:15 | DEBUG    | nvd_fetch | Specific CVE: CVE-2026-22769
2026-07-02 01:45:15 | INFO     | nvd_fetch | Successfully fetched page at index 0, got 1 CVEs
2026-07-02 01:45:22 | DEBUG    | nvd_fetch | Fetching NVD page: startIndex=0, resultsPerPage=200
2026-07-02 01:45:22 | DEBUG    | nvd_fetch | Specific CVE: CVE-2020-7796
2026-07-02 01:45:22 | INFO     | nvd_fetch | Successfully fetched page at index 0, got 1 CVEs
2026-07-02 01:45:29 | DEBUG    | nvd_fetch | Fetching NVD page: startIndex=0, resultsPerPage=200
2026-07-02 01:45:29 | DEBUG    | nvd_fetch | Specific CVE: CVE-2024-7694
2026-07-02 01:45:29 | INFO     | nvd_fetch | Successfully fetched page at index 0, got 1 CVEs
2026-07-02 01:45:35 | DEBUG    | nvd_fetch | Fetching NVD page: startIndex=0, resultsPerPage=200
2026-07-02 01:45:35 | DEBUG    | nvd_fetch | Specific CVE: CVE-2008-0015
2026-07-02 01:45:36 | INFO     | nvd_fetch | Successfully fetched page at index 0, got 1 CVEs
2026-07-02 01:45:42 | DEBUG    | nvd_fetch | Fetching NVD page: startIndex=0, resultsPerPage=200
2026-07-02 01:45:42 | DEBUG    | nvd_fetch | Specific CVE: CVE-2026-2441
2026-07-02 01:45:43 | INFO     | nvd_fetch | Successfully fetched page at index 0, got 1 CVEs
2026-07-02 01:45:49 | DEBUG    | nvd_fetch | Fetching NVD page: startIndex=0, resultsPerPage=200
2026-07-02 01:45:49 | DEBUG    | nvd_fetch | Specific CVE: CVE-2026-1731
2026-07-02 01:45:50 | INFO     | nvd_fetch | Successfully fetched page at index 0, got 1 CVEs
2026-07-02 01:45:56 | DEBUG    | nvd_fetch | Fetching NVD page: startIndex=0, resultsPerPage=200
2026-07-02 01:45:56 | DEBUG    | nvd_fetch | Specific CVE: CVE-2026-20700
2026-07-02 01:45:57 | INFO     | nvd_fetch | Successfully fetched page at index 0, got 1 CVEs
2026-07-02 01:46:04 | DEBUG    | nvd_fetch | Fetching NVD page: startIndex=0, resultsPerPage=200
2026-07-02 01:46:04 | DEBUG    | nvd_fetch | Specific CVE: CVE-2024-43468
2026-07-02 01:46:04 | INFO     | nvd_fetch | Successfully fetched page at index 0, got 1 CVEs
2026-07-02 01:46:10 | DEBUG    | nvd_fetch | Fetching NVD page: startIndex=0, resultsPerPage=200
2026-07-02 01:46:10 | DEBUG    | nvd_fetch | Specific CVE: CVE-2025-15556
2026-07-02 01:46:11 | INFO     | nvd_fetch | Successfully fetched page at index 0, got 1 CVEs
2026-07-02 01:46:17 | DEBUG    | nvd_fetch | Fetching NVD page: startIndex=0, resultsPerPage=200
2026-07-02 01:46:17 | DEBUG    | nvd_fetch | Specific CVE: CVE-2025-40536
2026-07-02 01:46:17 | INFO     | nvd_fetch | Successfully fetched page at index 0, got 1 CVEs
2026-07-02 01:46:24 | DEBUG    | nvd_fetch | Fetching NVD page: startIndex=0, resultsPerPage=200
2026-07-02 01:46:24 | DEBUG    | nvd_fetch | Specific CVE: CVE-2026-21513
2026-07-02 01:46:24 | INFO     | nvd_fetch | Successfully fetched page at index 0, got 1 CVEs
2026-07-02 01:46:31 | DEBUG    | nvd_fetch | Fetching NVD page: startIndex=0, resultsPerPage=200
2026-07-02 01:46:31 | DEBUG    | nvd_fetch | Specific CVE: CVE-2026-21525
2026-07-02 01:46:31 | INFO     | nvd_fetch | Successfully fetched page at index 0, got 1 CVEs
2026-07-02 01:46:38 | DEBUG    | nvd_fetch | Fetching NVD page: startIndex=0, resultsPerPage=200
2026-07-02 01:46:38 | DEBUG    | nvd_fetch | Specific CVE: CVE-2026-21510
2026-07-02 01:46:38 | INFO     | nvd_fetch | Successfully fetched page at index 0, got 1 CVEs
2026-07-02 01:46:44 | DEBUG    | nvd_fetch | Fetching NVD page: startIndex=0, resultsPerPage=200
2026-07-02 01:46:44 | DEBUG    | nvd_fetch | Specific CVE: CVE-2026-21533
2026-07-02 01:46:45 | INFO     | nvd_fetch | Successfully fetched page at index 0, got 1 CVEs
2026-07-02 01:46:51 | DEBUG    | nvd_fetch | Fetching NVD page: startIndex=0, resultsPerPage=200
2026-07-02 01:46:51 | DEBUG    | nvd_fetch | Specific CVE: CVE-2026-21519
2026-07-02 01:46:52 | INFO     | nvd_fetch | Successfully fetched page at index 0, got 1 CVEs
2026-07-02 01:46:58 | DEBUG    | nvd_fetch | Fetching NVD page: startIndex=0, resultsPerPage=200
2026-07-02 01:46:58 | DEBUG    | nvd_fetch | Specific CVE: CVE-2026-21514
2026-07-02 01:46:58 | INFO     | nvd_fetch | Successfully fetched page at index 0, got 1 CVEs
2026-07-02 01:47:05 | DEBUG    | nvd_fetch | Fetching NVD page: startIndex=0, resultsPerPage=200
2026-07-02 01:47:05 | DEBUG    | nvd_fetch | Specific CVE: CVE-2025-11953
2026-07-02 01:47:05 | INFO     | nvd_fetch | Successfully fetched page at index 0, got 1 CVEs
2026-07-02 01:47:12 | DEBUG    | nvd_fetch | Fetching NVD page: startIndex=0, resultsPerPage=200
2026-07-02 01:47:12 | DEBUG    | nvd_fetch | Specific CVE: CVE-2026-24423
2026-07-02 01:47:12 | INFO     | nvd_fetch | Successfully fetched page at index 0, got 1 CVEs
2026-07-02 01:47:19 | DEBUG    | nvd_fetch | Fetching NVD page: startIndex=0, resultsPerPage=200
2026-07-02 01:47:19 | DEBUG    | nvd_fetch | Specific CVE: CVE-2021-39935
2026-07-02 01:47:19 | INFO     | nvd_fetch | Successfully fetched page at index 0, got 1 CVEs
2026-07-02 01:47:26 | DEBUG    | nvd_fetch | Fetching NVD page: startIndex=0, resultsPerPage=200
2026-07-02 01:47:26 | DEBUG    | nvd_fetch | Specific CVE: CVE-2025-64328
2026-07-02 01:47:26 | INFO     | nvd_fetch | Successfully fetched page at index 0, got 1 CVEs
2026-07-02 01:47:32 | DEBUG    | nvd_fetch | Fetching NVD page: startIndex=0, resultsPerPage=200
2026-07-02 01:47:32 | DEBUG    | nvd_fetch | Specific CVE: CVE-2019-19006
2026-07-02 01:47:33 | INFO     | nvd_fetch | Successfully fetched page at index 0, got 1 CVEs
2026-07-02 01:47:39 | DEBUG    | nvd_fetch | Fetching NVD page: startIndex=0, resultsPerPage=200
2026-07-02 01:47:39 | DEBUG    | nvd_fetch | Specific CVE: CVE-2025-40551
2026-07-02 01:47:39 | INFO     | nvd_fetch | Successfully fetched page at index 0, got 1 CVEs
2026-07-02 01:47:46 | DEBUG    | nvd_fetch | Fetching NVD page: startIndex=0, resultsPerPage=200
2026-07-02 01:47:46 | DEBUG    | nvd_fetch | Specific CVE: CVE-2026-1281
2026-07-02 01:47:46 | INFO     | nvd_fetch | Successfully fetched page at index 0, got 1 CVEs
2026-07-02 01:47:53 | DEBUG    | nvd_fetch | Fetching NVD page: startIndex=0, resultsPerPage=200
2026-07-02 01:47:53 | DEBUG    | nvd_fetch | Specific CVE: CVE-2026-24858
2026-07-02 01:47:53 | INFO     | nvd_fetch | Successfully fetched page at index 0, got 1 CVEs
2026-07-02 01:48:00 | DEBUG    | nvd_fetch | Fetching NVD page: startIndex=0, resultsPerPage=200
2026-07-02 01:48:00 | DEBUG    | nvd_fetch | Specific CVE: CVE-2018-14634
2026-07-02 01:48:00 | INFO     | nvd_fetch | Successfully fetched page at index 0, got 1 CVEs
2026-07-02 01:48:06 | DEBUG    | nvd_fetch | Fetching NVD page: startIndex=0, resultsPerPage=200
2026-07-02 01:48:06 | DEBUG    | nvd_fetch | Specific CVE: CVE-2025-52691
2026-07-02 01:48:07 | INFO     | nvd_fetch | Successfully fetched page at index 0, got 1 CVEs
2026-07-02 01:48:13 | DEBUG    | nvd_fetch | Fetching NVD page: startIndex=0, resultsPerPage=200
2026-07-02 01:48:13 | DEBUG    | nvd_fetch | Specific CVE: CVE-2026-23760
2026-07-02 01:48:13 | INFO     | nvd_fetch | Successfully fetched page at index 0, got 1 CVEs
2026-07-02 01:48:20 | DEBUG    | nvd_fetch | Fetching NVD page: startIndex=0, resultsPerPage=200
2026-07-02 01:48:20 | DEBUG    | nvd_fetch | Specific CVE: CVE-2026-24061
2026-07-02 01:48:20 | INFO     | nvd_fetch | Successfully fetched page at index 0, got 1 CVEs
2026-07-02 01:48:27 | DEBUG    | nvd_fetch | Fetching NVD page: startIndex=0, resultsPerPage=200
2026-07-02 01:48:27 | DEBUG    | nvd_fetch | Specific CVE: CVE-2026-21509
2026-07-02 01:48:27 | INFO     | nvd_fetch | Successfully fetched page at index 0, got 1 CVEs
2026-07-02 01:48:34 | DEBUG    | nvd_fetch | Fetching NVD page: startIndex=0, resultsPerPage=200
2026-07-02 01:48:34 | DEBUG    | nvd_fetch | Specific CVE: CVE-2024-37079
2026-07-02 01:48:34 | INFO     | nvd_fetch | Successfully fetched page at index 0, got 1 CVEs
2026-07-02 01:48:40 | DEBUG    | nvd_fetch | Fetching NVD page: startIndex=0, resultsPerPage=200
2026-07-02 01:48:40 | DEBUG    | nvd_fetch | Specific CVE: CVE-2025-68645
2026-07-02 01:48:41 | INFO     | nvd_fetch | Successfully fetched page at index 0, got 1 CVEs
2026-07-02 01:48:47 | DEBUG    | nvd_fetch | Fetching NVD page: startIndex=0, resultsPerPage=200
2026-07-02 01:48:47 | DEBUG    | nvd_fetch | Specific CVE: CVE-2025-34026
2026-07-02 01:48:47 | INFO     | nvd_fetch | Successfully fetched page at index 0, got 1 CVEs
2026-07-02 01:48:54 | DEBUG    | nvd_fetch | Fetching NVD page: startIndex=0, resultsPerPage=200
2026-07-02 01:48:54 | DEBUG    | nvd_fetch | Specific CVE: CVE-2025-31125
2026-07-02 01:48:54 | INFO     | nvd_fetch | Successfully fetched page at index 0, got 1 CVEs
2026-07-02 01:49:01 | DEBUG    | nvd_fetch | Fetching NVD page: startIndex=0, resultsPerPage=200
2026-07-02 01:49:01 | DEBUG    | nvd_fetch | Specific CVE: CVE-2025-54313
2026-07-02 01:49:01 | INFO     | nvd_fetch | Successfully fetched page at index 0, got 1 CVEs
2026-07-02 01:49:08 | DEBUG    | nvd_fetch | Fetching NVD page: startIndex=0, resultsPerPage=200
2026-07-02 01:49:08 | DEBUG    | nvd_fetch | Specific CVE: CVE-2026-20045
2026-07-02 01:49:08 | INFO     | nvd_fetch | Successfully fetched page at index 0, got 1 CVEs
2026-07-02 01:49:14 | DEBUG    | nvd_fetch | Fetching NVD page: startIndex=0, resultsPerPage=200
2026-07-02 01:49:14 | DEBUG    | nvd_fetch | Specific CVE: CVE-2026-20805
2026-07-02 01:49:15 | INFO     | nvd_fetch | Successfully fetched page at index 0, got 1 CVEs
2026-07-02 01:49:21 | DEBUG    | nvd_fetch | Fetching NVD page: startIndex=0, resultsPerPage=200
2026-07-02 01:49:21 | DEBUG    | nvd_fetch | Specific CVE: CVE-2025-8110
2026-07-02 01:49:21 | INFO     | nvd_fetch | Successfully fetched page at index 0, got 1 CVEs
2026-07-02 01:49:28 | DEBUG    | nvd_fetch | Fetching NVD page: startIndex=0, resultsPerPage=200
2026-07-02 01:49:28 | DEBUG    | nvd_fetch | Specific CVE: CVE-2009-0556
2026-07-02 01:49:29 | INFO     | nvd_fetch | Successfully fetched page at index 0, got 1 CVEs
2026-07-02 01:49:35 | DEBUG    | nvd_fetch | Fetching NVD page: startIndex=0, resultsPerPage=200
2026-07-02 01:49:35 | DEBUG    | nvd_fetch | Specific CVE: CVE-2025-37164
2026-07-02 01:49:35 | INFO     | nvd_fetch | Successfully fetched page at index 0, got 1 CVEs
2026-07-02 01:49:42 | DEBUG    | nvd_fetch | Fetching NVD page: startIndex=0, resultsPerPage=200
2026-07-02 01:49:42 | DEBUG    | nvd_fetch | Specific CVE: CVE-2025-14847
2026-07-02 01:49:42 | INFO     | nvd_fetch | Successfully fetched page at index 0, got 1 CVEs
2026-07-02 01:49:49 | DEBUG    | nvd_fetch | Fetching NVD page: startIndex=0, resultsPerPage=200
2026-07-02 01:49:49 | DEBUG    | nvd_fetch | Specific CVE: CVE-2023-52163
2026-07-02 01:49:49 | INFO     | nvd_fetch | Successfully fetched page at index 0, got 1 CVEs
2026-07-02 01:49:55 | DEBUG    | nvd_fetch | Fetching NVD page: startIndex=0, resultsPerPage=200
2026-07-02 01:49:55 | DEBUG    | nvd_fetch | Specific CVE: CVE-2025-14733
2026-07-02 01:49:56 | INFO     | nvd_fetch | Successfully fetched page at index 0, got 1 CVEs
2026-07-02 01:50:02 | DEBUG    | nvd_fetch | Fetching NVD page: startIndex=0, resultsPerPage=200
2026-07-02 01:50:02 | DEBUG    | nvd_fetch | Specific CVE: CVE-2025-59374
2026-07-02 01:50:02 | INFO     | nvd_fetch | Successfully fetched page at index 0, got 1 CVEs
2026-07-02 01:50:09 | DEBUG    | nvd_fetch | Fetching NVD page: startIndex=0, resultsPerPage=200
2026-07-02 01:50:09 | DEBUG    | nvd_fetch | Specific CVE: CVE-2025-40602
2026-07-02 01:50:09 | INFO     | nvd_fetch | Successfully fetched page at index 0, got 1 CVEs
2026-07-02 01:50:16 | DEBUG    | nvd_fetch | Fetching NVD page: startIndex=0, resultsPerPage=200
2026-07-02 01:50:16 | DEBUG    | nvd_fetch | Specific CVE: CVE-2025-20393
2026-07-02 01:50:16 | INFO     | nvd_fetch | Successfully fetched page at index 0, got 1 CVEs
2026-07-02 01:50:23 | DEBUG    | nvd_fetch | Fetching NVD page: startIndex=0, resultsPerPage=200
2026-07-02 01:50:23 | DEBUG    | nvd_fetch | Specific CVE: CVE-2025-59718
2026-07-02 19:49:22 | DEBUG    | nvd_fetch | Fetching NVD page: startIndex=0, resultsPerPage=200
2026-07-02 19:49:22 | DEBUG    | nvd_fetch | Specific CVE: CVE-2026-45659
2026-07-02 19:49:23 | INFO     | nvd_fetch | Successfully fetched page at index 0, got 1 CVEs
2026-07-02 19:49:29 | DEBUG    | nvd_fetch | Fetching NVD page: startIndex=0, resultsPerPage=200
2026-07-02 19:49:29 | DEBUG    | nvd_fetch | Specific CVE: CVE-2026-48558
2026-07-02 19:49:29 | INFO     | nvd_fetch | Successfully fetched page at index 0, got 1 CVEs
2026-07-02 19:49:36 | DEBUG    | nvd_fetch | Fetching NVD page: startIndex=0, resultsPerPage=200
2026-07-02 19:49:36 | DEBUG    | nvd_fetch | Specific CVE: CVE-2026-12569
2026-07-02 19:49:36 | INFO     | nvd_fetch | Successfully fetched page at index 0, got 1 CVEs
2026-07-02 20:31:32 | DEBUG    | nvd_fetch | Fetching NVD page: startIndex=0, resultsPerPage=200
2026-07-02 20:31:32 | DEBUG    | nvd_fetch | Specific CVE: CVE-2026-45659
2026-07-02 20:31:34 | INFO     | nvd_fetch | Successfully fetched page at index 0, got 1 CVEs
2026-07-02 20:31:40 | DEBUG    | nvd_fetch | Fetching NVD page: startIndex=0, resultsPerPage=200
2026-07-02 20:31:40 | DEBUG    | nvd_fetch | Specific CVE: CVE-2026-48558
2026-07-02 20:31:41 | INFO     | nvd_fetch | Successfully fetched page at index 0, got 1 CVEs
2026-07-02 20:31:47 | DEBUG    | nvd_fetch | Fetching NVD page: startIndex=0, resultsPerPage=200
2026-07-02 20:31:47 | DEBUG    | nvd_fetch | Specific CVE: CVE-2026-12569
2026-07-02 20:31:48 | INFO     | nvd_fetch | Successfully fetched page at index 0, got 1 CVEs
2026-07-02 20:31:54 | DEBUG    | nvd_fetch | Fetching NVD page: startIndex=0, resultsPerPage=200
2026-07-02 20:31:54 | DEBUG    | nvd_fetch | Specific CVE: CVE-2026-20230
2026-07-02 20:31:54 | INFO     | nvd_fetch | Successfully fetched page at index 0, got 1 CVEs
2026-07-02 20:32:01 | DEBUG    | nvd_fetch | Fetching NVD page: startIndex=0, resultsPerPage=200
2026-07-02 20:32:01 | DEBUG    | nvd_fetch | Specific CVE: CVE-2025-67038
2026-07-02 20:32:01 | INFO     | nvd_fetch | Successfully fetched page at index 0, got 1 CVEs
2026-07-02 20:32:08 | DEBUG    | nvd_fetch | Fetching NVD page: startIndex=0, resultsPerPage=200
2026-07-02 20:32:08 | DEBUG    | nvd_fetch | Specific CVE: CVE-2026-34910
2026-07-02 20:32:08 | INFO     | nvd_fetch | Successfully fetched page at index 0, got 1 CVEs
2026-07-02 20:32:14 | DEBUG    | nvd_fetch | Fetching NVD page: startIndex=0, resultsPerPage=200
2026-07-02 20:32:14 | DEBUG    | nvd_fetch | Specific CVE: CVE-2026-34909
2026-07-02 20:32:15 | INFO     | nvd_fetch | Successfully fetched page at index 0, got 1 CVEs
2026-07-02 20:32:21 | DEBUG    | nvd_fetch | Fetching NVD page: startIndex=0, resultsPerPage=200
2026-07-02 20:32:21 | DEBUG    | nvd_fetch | Specific CVE: CVE-2026-34908
2026-07-02 20:32:21 | INFO     | nvd_fetch | Successfully fetched page at index 0, got 1 CVEs
2026-07-02 20:32:28 | DEBUG    | nvd_fetch | Fetching NVD page: startIndex=0, resultsPerPage=200
2026-07-02 20:32:28 | DEBUG    | nvd_fetch | Specific CVE: CVE-2026-20253
2026-07-02 20:32:28 | INFO     | nvd_fetch | Successfully fetched page at index 0, got 1 CVEs
2026-07-02 20:32:35 | DEBUG    | nvd_fetch | Fetching NVD page: startIndex=0, resultsPerPage=200
2026-07-02 20:32:35 | DEBUG    | nvd_fetch | Specific CVE: CVE-2026-48907
2026-07-02 20:32:35 | INFO     | nvd_fetch | Successfully fetched page at index 0, got 1 CVEs
2026-07-02 20:32:42 | DEBUG    | nvd_fetch | Fetching NVD page: startIndex=0, resultsPerPage=200
2026-07-02 20:32:42 | DEBUG    | nvd_fetch | Specific CVE: CVE-2026-54420
2026-07-02 20:32:42 | INFO     | nvd_fetch | Successfully fetched page at index 0, got 1 CVEs
2026-07-02 20:32:48 | DEBUG    | nvd_fetch | Fetching NVD page: startIndex=0, resultsPerPage=200
2026-07-02 20:32:48 | DEBUG    | nvd_fetch | Specific CVE: CVE-2026-20262
2026-07-02 20:32:49 | INFO     | nvd_fetch | Successfully fetched page at index 0, got 1 CVEs
2026-07-02 20:32:55 | DEBUG    | nvd_fetch | Fetching NVD page: startIndex=0, resultsPerPage=200
2026-07-02 20:32:55 | DEBUG    | nvd_fetch | Specific CVE: CVE-2026-35273
2026-07-02 20:32:55 | INFO     | nvd_fetch | Successfully fetched page at index 0, got 1 CVEs
2026-07-02 20:33:02 | DEBUG    | nvd_fetch | Fetching NVD page: startIndex=0, resultsPerPage=200
2026-07-02 20:33:02 | DEBUG    | nvd_fetch | Specific CVE: CVE-2026-10520
2026-07-02 20:33:02 | INFO     | nvd_fetch | Successfully fetched page at index 0, got 1 CVEs
2026-07-02 20:33:09 | DEBUG    | nvd_fetch | Fetching NVD page: startIndex=0, resultsPerPage=200
2026-07-02 20:33:09 | DEBUG    | nvd_fetch | Specific CVE: CVE-2026-11645
2026-07-02 20:33:09 | INFO     | nvd_fetch | Successfully fetched page at index 0, got 1 CVEs
2026-07-02 20:33:16 | DEBUG    | nvd_fetch | Fetching NVD page: startIndex=0, resultsPerPage=200
2026-07-02 20:33:16 | DEBUG    | nvd_fetch | Specific CVE: CVE-2026-7473
2026-07-02 20:33:16 | INFO     | nvd_fetch | Successfully fetched page at index 0, got 1 CVEs
2026-07-02 20:33:22 | DEBUG    | nvd_fetch | Fetching NVD page: startIndex=0, resultsPerPage=200
2026-07-02 20:33:22 | DEBUG    | nvd_fetch | Specific CVE: CVE-2026-20245
2026-07-02 20:33:23 | INFO     | nvd_fetch | Successfully fetched page at index 0, got 1 CVEs
2026-07-02 20:33:29 | DEBUG    | nvd_fetch | Fetching NVD page: startIndex=0, resultsPerPage=200
2026-07-02 20:33:29 | DEBUG    | nvd_fetch | Specific CVE: CVE-2026-42271
2026-07-02 20:33:30 | INFO     | nvd_fetch | Successfully fetched page at index 0, got 1 CVEs
2026-07-02 20:33:36 | DEBUG    | nvd_fetch | Fetching NVD page: startIndex=0, resultsPerPage=200
2026-07-02 20:33:36 | DEBUG    | nvd_fetch | Specific CVE: CVE-2026-50751
2026-07-02 20:33:37 | INFO     | nvd_fetch | Successfully fetched page at index 0, got 1 CVEs
2026-07-02 20:33:43 | DEBUG    | nvd_fetch | Fetching NVD page: startIndex=0, resultsPerPage=200
2026-07-02 20:33:43 | DEBUG    | nvd_fetch | Specific CVE: CVE-2026-28318
2026-07-02 20:33:43 | INFO     | nvd_fetch | Successfully fetched page at index 0, got 1 CVEs
2026-07-02 20:33:50 | DEBUG    | nvd_fetch | Fetching NVD page: startIndex=0, resultsPerPage=200
2026-07-02 20:33:50 | DEBUG    | nvd_fetch | Specific CVE: CVE-2026-45247
2026-07-02 20:33:50 | INFO     | nvd_fetch | Successfully fetched page at index 0, got 1 CVEs
2026-07-02 20:33:57 | DEBUG    | nvd_fetch | Fetching NVD page: startIndex=0, resultsPerPage=200
2026-07-02 20:33:57 | DEBUG    | nvd_fetch | Specific CVE: CVE-2022-0492
2026-07-02 20:33:57 | INFO     | nvd_fetch | Successfully fetched page at index 0, got 1 CVEs
2026-07-02 20:34:04 | DEBUG    | nvd_fetch | Fetching NVD page: startIndex=0, resultsPerPage=200
2026-07-02 20:34:04 | DEBUG    | nvd_fetch | Specific CVE: CVE-2025-48595
2026-07-02 20:34:04 | INFO     | nvd_fetch | Successfully fetched page at index 0, got 1 CVEs
2026-07-02 20:34:11 | DEBUG    | nvd_fetch | Fetching NVD page: startIndex=0, resultsPerPage=200
2026-07-02 20:34:11 | DEBUG    | nvd_fetch | Specific CVE: CVE-2024-21182
2026-07-02 20:34:11 | INFO     | nvd_fetch | Successfully fetched page at index 0, got 1 CVEs
2026-07-02 20:34:17 | DEBUG    | nvd_fetch | Fetching NVD page: startIndex=0, resultsPerPage=200
2026-07-02 20:34:17 | DEBUG    | nvd_fetch | Specific CVE: CVE-2026-0257
2026-07-02 20:34:18 | INFO     | nvd_fetch | Successfully fetched page at index 0, got 1 CVEs
2026-07-02 20:34:24 | DEBUG    | nvd_fetch | Fetching NVD page: startIndex=0, resultsPerPage=200
2026-07-02 20:34:24 | DEBUG    | nvd_fetch | Specific CVE: CVE-2026-48027
2026-07-02 20:34:25 | INFO     | nvd_fetch | Successfully fetched page at index 0, got 1 CVEs
2026-07-02 20:34:31 | DEBUG    | nvd_fetch | Fetching NVD page: startIndex=0, resultsPerPage=200
2026-07-02 20:34:31 | DEBUG    | nvd_fetch | Specific CVE: CVE-2026-45321
2026-07-02 20:34:31 | INFO     | nvd_fetch | Successfully fetched page at index 0, got 1 CVEs
2026-07-02 20:34:38 | DEBUG    | nvd_fetch | Fetching NVD page: startIndex=0, resultsPerPage=200
2026-07-02 20:34:38 | DEBUG    | nvd_fetch | Specific CVE: CVE-2026-8398
2026-07-02 20:34:38 | INFO     | nvd_fetch | Successfully fetched page at index 0, got 1 CVEs
2026-07-02 20:34:45 | DEBUG    | nvd_fetch | Fetching NVD page: startIndex=0, resultsPerPage=200
2026-07-02 20:34:45 | DEBUG    | nvd_fetch | Specific CVE: CVE-2026-48172
2026-07-02 20:34:45 | INFO     | nvd_fetch | Successfully fetched page at index 0, got 1 CVEs
2026-07-02 20:34:51 | DEBUG    | nvd_fetch | Fetching NVD page: startIndex=0, resultsPerPage=200
2026-07-02 20:34:51 | DEBUG    | nvd_fetch | Specific CVE: CVE-2026-9082
2026-07-02 20:34:52 | INFO     | nvd_fetch | Successfully fetched page at index 0, got 1 CVEs
2026-07-02 20:34:58 | DEBUG    | nvd_fetch | Fetching NVD page: startIndex=0, resultsPerPage=200
2026-07-02 20:34:58 | DEBUG    | nvd_fetch | Specific CVE: CVE-2025-34291
2026-07-02 20:34:58 | INFO     | nvd_fetch | Successfully fetched page at index 0, got 1 CVEs
2026-07-02 20:35:05 | DEBUG    | nvd_fetch | Fetching NVD page: startIndex=0, resultsPerPage=200
2026-07-02 20:35:05 | DEBUG    | nvd_fetch | Specific CVE: CVE-2026-34926
2026-07-02 20:35:05 | INFO     | nvd_fetch | Successfully fetched page at index 0, got 1 CVEs
2026-07-02 20:35:12 | DEBUG    | nvd_fetch | Fetching NVD page: startIndex=0, resultsPerPage=200
2026-07-02 20:35:12 | DEBUG    | nvd_fetch | Specific CVE: CVE-2008-4250
2026-07-02 20:35:12 | INFO     | nvd_fetch | Successfully fetched page at index 0, got 1 CVEs
2026-07-02 20:35:18 | DEBUG    | nvd_fetch | Fetching NVD page: startIndex=0, resultsPerPage=200
2026-07-02 20:35:18 | DEBUG    | nvd_fetch | Specific CVE: CVE-2009-1537
2026-07-02 20:35:19 | INFO     | nvd_fetch | Successfully fetched page at index 0, got 1 CVEs
2026-07-02 20:35:25 | DEBUG    | nvd_fetch | Fetching NVD page: startIndex=0, resultsPerPage=200
2026-07-02 20:35:25 | DEBUG    | nvd_fetch | Specific CVE: CVE-2009-3459
2026-07-02 20:35:25 | INFO     | nvd_fetch | Successfully fetched page at index 0, got 1 CVEs
2026-07-02 20:35:32 | DEBUG    | nvd_fetch | Fetching NVD page: startIndex=0, resultsPerPage=200
2026-07-02 20:35:32 | DEBUG    | nvd_fetch | Specific CVE: CVE-2010-0249
2026-07-02 20:35:32 | INFO     | nvd_fetch | Successfully fetched page at index 0, got 1 CVEs
2026-07-02 20:35:39 | DEBUG    | nvd_fetch | Fetching NVD page: startIndex=0, resultsPerPage=200
2026-07-02 20:35:39 | DEBUG    | nvd_fetch | Specific CVE: CVE-2010-0806
2026-07-02 20:35:39 | INFO     | nvd_fetch | Successfully fetched page at index 0, got 1 CVEs
2026-07-02 20:35:45 | DEBUG    | nvd_fetch | Fetching NVD page: startIndex=0, resultsPerPage=200
2026-07-02 20:35:45 | DEBUG    | nvd_fetch | Specific CVE: CVE-2026-41091
2026-07-02 20:35:46 | INFO     | nvd_fetch | Successfully fetched page at index 0, got 1 CVEs
2026-07-02 20:35:52 | DEBUG    | nvd_fetch | Fetching NVD page: startIndex=0, resultsPerPage=200
2026-07-02 20:35:52 | DEBUG    | nvd_fetch | Specific CVE: CVE-2026-45498
2026-07-02 20:35:52 | INFO     | nvd_fetch | Successfully fetched page at index 0, got 1 CVEs
2026-07-02 20:35:59 | DEBUG    | nvd_fetch | Fetching NVD page: startIndex=0, resultsPerPage=200
2026-07-02 20:35:59 | DEBUG    | nvd_fetch | Specific CVE: CVE-2026-42897
2026-07-02 20:35:59 | INFO     | nvd_fetch | Successfully fetched page at index 0, got 1 CVEs
2026-07-02 20:36:06 | DEBUG    | nvd_fetch | Fetching NVD page: startIndex=0, resultsPerPage=200
2026-07-02 20:36:06 | DEBUG    | nvd_fetch | Specific CVE: CVE-2026-20182
2026-07-02 20:36:06 | INFO     | nvd_fetch | Successfully fetched page at index 0, got 1 CVEs
2026-07-02 20:36:13 | DEBUG    | nvd_fetch | Fetching NVD page: startIndex=0, resultsPerPage=200
2026-07-02 20:36:13 | DEBUG    | nvd_fetch | Specific CVE: CVE-2026-42208
2026-07-02 20:36:13 | INFO     | nvd_fetch | Successfully fetched page at index 0, got 1 CVEs
2026-07-02 20:36:19 | DEBUG    | nvd_fetch | Fetching NVD page: startIndex=0, resultsPerPage=200
2026-07-02 20:36:19 | DEBUG    | nvd_fetch | Specific CVE: CVE-2026-6973
2026-07-02 20:36:20 | INFO     | nvd_fetch | Successfully fetched page at index 0, got 1 CVEs
2026-07-02 20:36:26 | DEBUG    | nvd_fetch | Fetching NVD page: startIndex=0, resultsPerPage=200
2026-07-02 20:36:26 | DEBUG    | nvd_fetch | Specific CVE: CVE-2026-0300
2026-07-02 20:36:26 | INFO     | nvd_fetch | Successfully fetched page at index 0, got 1 CVEs
2026-07-02 20:36:33 | DEBUG    | nvd_fetch | Fetching NVD page: startIndex=0, resultsPerPage=200
2026-07-02 20:36:33 | DEBUG    | nvd_fetch | Specific CVE: CVE-2026-31431
2026-07-02 20:36:33 | INFO     | nvd_fetch | Successfully fetched page at index 0, got 1 CVEs
2026-07-02 20:36:40 | DEBUG    | nvd_fetch | Fetching NVD page: startIndex=0, resultsPerPage=200
2026-07-02 20:36:40 | DEBUG    | nvd_fetch | Specific CVE: CVE-2026-41940
2026-07-02 20:36:40 | INFO     | nvd_fetch | Successfully fetched page at index 0, got 1 CVEs
2026-07-02 20:36:46 | DEBUG    | nvd_fetch | Fetching NVD page: startIndex=0, resultsPerPage=200
2026-07-02 20:36:46 | DEBUG    | nvd_fetch | Specific CVE: CVE-2024-1708
2026-07-02 20:36:47 | INFO     | nvd_fetch | Successfully fetched page at index 0, got 1 CVEs
2026-07-02 20:36:53 | DEBUG    | nvd_fetch | Fetching NVD page: startIndex=0, resultsPerPage=200
2026-07-02 20:36:53 | DEBUG    | nvd_fetch | Specific CVE: CVE-2026-32202
2026-07-02 20:36:53 | INFO     | nvd_fetch | Successfully fetched page at index 0, got 1 CVEs
2026-07-02 20:37:00 | DEBUG    | nvd_fetch | Fetching NVD page: startIndex=0, resultsPerPage=200
2026-07-02 20:37:00 | DEBUG    | nvd_fetch | Specific CVE: CVE-2025-29635
2026-07-02 20:37:00 | INFO     | nvd_fetch | Successfully fetched page at index 0, got 1 CVEs
2026-07-02 20:37:07 | DEBUG    | nvd_fetch | Fetching NVD page: startIndex=0, resultsPerPage=200
2026-07-02 20:37:07 | DEBUG    | nvd_fetch | Specific CVE: CVE-2024-7399
2026-07-02 20:37:07 | INFO     | nvd_fetch | Successfully fetched page at index 0, got 1 CVEs
2026-07-02 20:37:14 | DEBUG    | nvd_fetch | Fetching NVD page: startIndex=0, resultsPerPage=200
2026-07-02 20:37:14 | DEBUG    | nvd_fetch | Specific CVE: CVE-2024-57728
2026-07-02 20:37:14 | INFO     | nvd_fetch | Successfully fetched page at index 0, got 1 CVEs
2026-07-02 20:37:20 | DEBUG    | nvd_fetch | Fetching NVD page: startIndex=0, resultsPerPage=200
2026-07-02 20:37:20 | DEBUG    | nvd_fetch | Specific CVE: CVE-2024-57726
2026-07-02 20:37:21 | INFO     | nvd_fetch | Successfully fetched page at index 0, got 1 CVEs
2026-07-02 20:37:27 | DEBUG    | nvd_fetch | Fetching NVD page: startIndex=0, resultsPerPage=200
2026-07-02 20:37:27 | DEBUG    | nvd_fetch | Specific CVE: CVE-2026-39987
2026-07-02 20:37:27 | INFO     | nvd_fetch | Successfully fetched page at index 0, got 1 CVEs
2026-07-02 20:37:34 | DEBUG    | nvd_fetch | Fetching NVD page: startIndex=0, resultsPerPage=200
2026-07-02 20:37:34 | DEBUG    | nvd_fetch | Specific CVE: CVE-2026-33825
2026-07-02 20:37:34 | INFO     | nvd_fetch | Successfully fetched page at index 0, got 1 CVEs
2026-07-02 20:37:41 | DEBUG    | nvd_fetch | Fetching NVD page: startIndex=0, resultsPerPage=200
2026-07-02 20:37:41 | DEBUG    | nvd_fetch | Specific CVE: CVE-2026-20122
2026-07-02 20:37:41 | INFO     | nvd_fetch | Successfully fetched page at index 0, got 1 CVEs
2026-07-02 20:37:47 | DEBUG    | nvd_fetch | Fetching NVD page: startIndex=0, resultsPerPage=200
2026-07-02 20:37:47 | DEBUG    | nvd_fetch | Specific CVE: CVE-2026-20133
2026-07-02 20:37:48 | INFO     | nvd_fetch | Successfully fetched page at index 0, got 1 CVEs
2026-07-02 20:37:54 | DEBUG    | nvd_fetch | Fetching NVD page: startIndex=0, resultsPerPage=200
2026-07-02 20:37:54 | DEBUG    | nvd_fetch | Specific CVE: CVE-2025-2749
2026-07-02 20:37:54 | INFO     | nvd_fetch | Successfully fetched page at index 0, got 1 CVEs
2026-07-02 20:38:01 | DEBUG    | nvd_fetch | Fetching NVD page: startIndex=0, resultsPerPage=200
2026-07-02 20:38:01 | DEBUG    | nvd_fetch | Specific CVE: CVE-2023-27351
2026-07-02 20:38:01 | INFO     | nvd_fetch | Successfully fetched page at index 0, got 1 CVEs
2026-07-02 20:38:08 | DEBUG    | nvd_fetch | Fetching NVD page: startIndex=0, resultsPerPage=200
2026-07-02 20:38:08 | DEBUG    | nvd_fetch | Specific CVE: CVE-2025-48700
2026-07-02 20:38:08 | INFO     | nvd_fetch | Successfully fetched page at index 0, got 1 CVEs
2026-07-02 20:38:14 | DEBUG    | nvd_fetch | Fetching NVD page: startIndex=0, resultsPerPage=200
2026-07-02 20:38:14 | DEBUG    | nvd_fetch | Specific CVE: CVE-2026-20128
2026-07-02 20:38:15 | INFO     | nvd_fetch | Successfully fetched page at index 0, got 1 CVEs
2026-07-02 20:38:21 | DEBUG    | nvd_fetch | Fetching NVD page: startIndex=0, resultsPerPage=200
2026-07-02 20:38:21 | DEBUG    | nvd_fetch | Specific CVE: CVE-2025-32975
2026-07-02 20:38:21 | INFO     | nvd_fetch | Successfully fetched page at index 0, got 1 CVEs
2026-07-02 20:38:28 | DEBUG    | nvd_fetch | Fetching NVD page: startIndex=0, resultsPerPage=200
2026-07-02 20:38:28 | DEBUG    | nvd_fetch | Specific CVE: CVE-2024-27199
2026-07-02 20:38:28 | INFO     | nvd_fetch | Successfully fetched page at index 0, got 1 CVEs
2026-07-02 20:38:35 | DEBUG    | nvd_fetch | Fetching NVD page: startIndex=0, resultsPerPage=200
2026-07-02 20:38:35 | DEBUG    | nvd_fetch | Specific CVE: CVE-2026-34197
2026-07-02 20:38:35 | INFO     | nvd_fetch | Successfully fetched page at index 0, got 1 CVEs
2026-07-02 20:38:42 | DEBUG    | nvd_fetch | Fetching NVD page: startIndex=0, resultsPerPage=200
2026-07-02 20:38:42 | DEBUG    | nvd_fetch | Specific CVE: CVE-2009-0238
2026-07-02 20:38:42 | INFO     | nvd_fetch | Successfully fetched page at index 0, got 1 CVEs
2026-07-02 20:38:48 | DEBUG    | nvd_fetch | Fetching NVD page: startIndex=0, resultsPerPage=200
2026-07-02 20:38:48 | DEBUG    | nvd_fetch | Specific CVE: CVE-2026-32201
2026-07-02 20:38:49 | INFO     | nvd_fetch | Successfully fetched page at index 0, got 1 CVEs
2026-07-02 20:38:55 | DEBUG    | nvd_fetch | Fetching NVD page: startIndex=0, resultsPerPage=200
2026-07-02 20:38:55 | DEBUG    | nvd_fetch | Specific CVE: CVE-2012-1854
2026-07-02 20:38:55 | INFO     | nvd_fetch | Successfully fetched page at index 0, got 1 CVEs
2026-07-02 20:39:02 | DEBUG    | nvd_fetch | Fetching NVD page: startIndex=0, resultsPerPage=200
2026-07-02 20:39:02 | DEBUG    | nvd_fetch | Specific CVE: CVE-2025-60710
2026-07-02 20:39:02 | INFO     | nvd_fetch | Successfully fetched page at index 0, got 1 CVEs
2026-07-02 20:39:09 | DEBUG    | nvd_fetch | Fetching NVD page: startIndex=0, resultsPerPage=200
2026-07-02 20:39:09 | DEBUG    | nvd_fetch | Specific CVE: CVE-2023-21529
2026-07-02 20:39:09 | INFO     | nvd_fetch | Successfully fetched page at index 0, got 1 CVEs
2026-07-02 20:39:16 | DEBUG    | nvd_fetch | Fetching NVD page: startIndex=0, resultsPerPage=200
2026-07-02 20:39:16 | DEBUG    | nvd_fetch | Specific CVE: CVE-2023-36424
2026-07-02 20:39:16 | INFO     | nvd_fetch | Successfully fetched page at index 0, got 1 CVEs
2026-07-02 20:39:22 | DEBUG    | nvd_fetch | Fetching NVD page: startIndex=0, resultsPerPage=200
2026-07-02 20:39:22 | DEBUG    | nvd_fetch | Specific CVE: CVE-2020-9715
2026-07-02 20:39:23 | INFO     | nvd_fetch | Successfully fetched page at index 0, got 1 CVEs
2026-07-02 20:39:29 | DEBUG    | nvd_fetch | Fetching NVD page: startIndex=0, resultsPerPage=200
2026-07-02 20:39:29 | DEBUG    | nvd_fetch | Specific CVE: CVE-2026-21643
2026-07-02 20:39:30 | INFO     | nvd_fetch | Successfully fetched page at index 0, got 1 CVEs
2026-07-02 20:39:36 | DEBUG    | nvd_fetch | Fetching NVD page: startIndex=0, resultsPerPage=200
2026-07-02 20:39:36 | DEBUG    | nvd_fetch | Specific CVE: CVE-2026-34621
2026-07-02 20:39:36 | INFO     | nvd_fetch | Successfully fetched page at index 0, got 1 CVEs
2026-07-02 20:39:43 | DEBUG    | nvd_fetch | Fetching NVD page: startIndex=0, resultsPerPage=200
2026-07-02 20:39:43 | DEBUG    | nvd_fetch | Specific CVE: CVE-2026-1340
2026-07-02 20:39:43 | INFO     | nvd_fetch | Successfully fetched page at index 0, got 1 CVEs
2026-07-02 20:39:50 | DEBUG    | nvd_fetch | Fetching NVD page: startIndex=0, resultsPerPage=200
2026-07-02 20:39:50 | DEBUG    | nvd_fetch | Specific CVE: CVE-2026-35616
2026-07-02 20:39:50 | INFO     | nvd_fetch | Successfully fetched page at index 0, got 1 CVEs
2026-07-02 20:39:57 | DEBUG    | nvd_fetch | Fetching NVD page: startIndex=0, resultsPerPage=200
2026-07-02 20:39:57 | DEBUG    | nvd_fetch | Specific CVE: CVE-2026-3502
2026-07-02 20:39:57 | INFO     | nvd_fetch | Successfully fetched page at index 0, got 1 CVEs
2026-07-02 20:40:03 | DEBUG    | nvd_fetch | Fetching NVD page: startIndex=0, resultsPerPage=200
2026-07-02 20:40:03 | DEBUG    | nvd_fetch | Specific CVE: CVE-2026-5281
2026-07-02 20:40:04 | INFO     | nvd_fetch | Successfully fetched page at index 0, got 1 CVEs
2026-07-02 20:40:10 | DEBUG    | nvd_fetch | Fetching NVD page: startIndex=0, resultsPerPage=200
2026-07-02 20:40:10 | DEBUG    | nvd_fetch | Specific CVE: CVE-2026-3055
2026-07-02 20:40:10 | INFO     | nvd_fetch | Successfully fetched page at index 0, got 1 CVEs
2026-07-02 20:40:17 | DEBUG    | nvd_fetch | Fetching NVD page: startIndex=0, resultsPerPage=200
2026-07-02 20:40:17 | DEBUG    | nvd_fetch | Specific CVE: CVE-2025-53521
2026-07-02 20:40:17 | INFO     | nvd_fetch | Successfully fetched page at index 0, got 1 CVEs
2026-07-02 20:40:24 | DEBUG    | nvd_fetch | Fetching NVD page: startIndex=0, resultsPerPage=200
2026-07-02 20:40:24 | DEBUG    | nvd_fetch | Specific CVE: CVE-2026-33634
2026-07-02 20:40:24 | INFO     | nvd_fetch | Successfully fetched page at index 0, got 1 CVEs
2026-07-02 20:40:31 | DEBUG    | nvd_fetch | Fetching NVD page: startIndex=0, resultsPerPage=200
2026-07-02 20:40:31 | DEBUG    | nvd_fetch | Specific CVE: CVE-2026-33017
2026-07-02 20:40:31 | INFO     | nvd_fetch | Successfully fetched page at index 0, got 1 CVEs
2026-07-02 20:40:38 | DEBUG    | nvd_fetch | Fetching NVD page: startIndex=0, resultsPerPage=200
2026-07-02 20:40:38 | DEBUG    | nvd_fetch | Specific CVE: CVE-2025-32432
2026-07-02 20:40:38 | INFO     | nvd_fetch | Successfully fetched page at index 0, got 1 CVEs
2026-07-02 20:40:45 | DEBUG    | nvd_fetch | Fetching NVD page: startIndex=0, resultsPerPage=200
2026-07-02 20:40:45 | DEBUG    | nvd_fetch | Specific CVE: CVE-2025-54068
2026-07-02 20:40:45 | INFO     | nvd_fetch | Successfully fetched page at index 0, got 1 CVEs
2026-07-02 20:40:51 | DEBUG    | nvd_fetch | Fetching NVD page: startIndex=0, resultsPerPage=200
2026-07-02 20:40:51 | DEBUG    | nvd_fetch | Specific CVE: CVE-2025-43510
2026-07-02 20:40:52 | INFO     | nvd_fetch | Successfully fetched page at index 0, got 1 CVEs
2026-07-02 20:40:58 | DEBUG    | nvd_fetch | Fetching NVD page: startIndex=0, resultsPerPage=200
2026-07-02 20:40:58 | DEBUG    | nvd_fetch | Specific CVE: CVE-2025-43520
2026-07-02 20:40:58 | INFO     | nvd_fetch | Successfully fetched page at index 0, got 1 CVEs
2026-07-02 20:41:05 | DEBUG    | nvd_fetch | Fetching NVD page: startIndex=0, resultsPerPage=200
2026-07-02 20:41:05 | DEBUG    | nvd_fetch | Specific CVE: CVE-2025-31277
2026-07-02 20:41:06 | INFO     | nvd_fetch | Successfully fetched page at index 0, got 1 CVEs
2026-07-02 20:41:12 | DEBUG    | nvd_fetch | Fetching NVD page: startIndex=0, resultsPerPage=200
2026-07-02 20:41:12 | DEBUG    | nvd_fetch | Specific CVE: CVE-2026-20131
2026-07-02 20:41:12 | INFO     | nvd_fetch | Successfully fetched page at index 0, got 1 CVEs
2026-07-02 20:41:19 | DEBUG    | nvd_fetch | Fetching NVD page: startIndex=0, resultsPerPage=200
2026-07-02 20:41:19 | DEBUG    | nvd_fetch | Specific CVE: CVE-2025-66376
2026-07-02 20:41:19 | INFO     | nvd_fetch | Successfully fetched page at index 0, got 1 CVEs
2026-07-02 20:41:26 | DEBUG    | nvd_fetch | Fetching NVD page: startIndex=0, resultsPerPage=200
2026-07-02 20:41:26 | DEBUG    | nvd_fetch | Specific CVE: CVE-2026-20963
2026-07-02 20:41:26 | INFO     | nvd_fetch | Successfully fetched page at index 0, got 1 CVEs
2026-07-02 20:41:32 | DEBUG    | nvd_fetch | Fetching NVD page: startIndex=0, resultsPerPage=200
2026-07-02 20:41:32 | DEBUG    | nvd_fetch | Specific CVE: CVE-2025-47813
2026-07-02 20:41:33 | INFO     | nvd_fetch | Successfully fetched page at index 0, got 1 CVEs
2026-07-02 20:41:39 | DEBUG    | nvd_fetch | Fetching NVD page: startIndex=0, resultsPerPage=200
2026-07-02 20:41:39 | DEBUG    | nvd_fetch | Specific CVE: CVE-2026-3910
2026-07-02 20:41:39 | INFO     | nvd_fetch | Successfully fetched page at index 0, got 1 CVEs
2026-07-02 20:41:46 | DEBUG    | nvd_fetch | Fetching NVD page: startIndex=0, resultsPerPage=200
2026-07-02 20:41:46 | DEBUG    | nvd_fetch | Specific CVE: CVE-2026-3909
2026-07-02 20:41:46 | INFO     | nvd_fetch | Successfully fetched page at index 0, got 1 CVEs
2026-07-02 20:41:53 | DEBUG    | nvd_fetch | Fetching NVD page: startIndex=0, resultsPerPage=200
2026-07-02 20:41:53 | DEBUG    | nvd_fetch | Specific CVE: CVE-2025-68613
2026-07-02 20:41:53 | INFO     | nvd_fetch | Successfully fetched page at index 0, got 1 CVEs
2026-07-02 20:42:00 | DEBUG    | nvd_fetch | Fetching NVD page: startIndex=0, resultsPerPage=200
2026-07-02 20:42:00 | DEBUG    | nvd_fetch | Specific CVE: CVE-2021-22054
2026-07-02 20:42:00 | INFO     | nvd_fetch | Successfully fetched page at index 0, got 1 CVEs
2026-07-02 20:42:06 | DEBUG    | nvd_fetch | Fetching NVD page: startIndex=0, resultsPerPage=200
2026-07-02 20:42:06 | DEBUG    | nvd_fetch | Specific CVE: CVE-2025-26399
2026-07-02 20:42:07 | INFO     | nvd_fetch | Successfully fetched page at index 0, got 1 CVEs
2026-07-02 20:42:13 | DEBUG    | nvd_fetch | Fetching NVD page: startIndex=0, resultsPerPage=200
2026-07-02 20:42:13 | DEBUG    | nvd_fetch | Specific CVE: CVE-2026-1603
2026-07-02 20:42:14 | INFO     | nvd_fetch | Successfully fetched page at index 0, got 1 CVEs
2026-07-02 20:42:20 | DEBUG    | nvd_fetch | Fetching NVD page: startIndex=0, resultsPerPage=200
2026-07-02 20:42:20 | DEBUG    | nvd_fetch | Specific CVE: CVE-2017-7921
2026-07-02 20:42:21 | INFO     | nvd_fetch | Successfully fetched page at index 0, got 1 CVEs
2026-07-02 20:42:27 | DEBUG    | nvd_fetch | Fetching NVD page: startIndex=0, resultsPerPage=200
2026-07-02 20:42:27 | DEBUG    | nvd_fetch | Specific CVE: CVE-2021-22681
2026-07-02 20:42:27 | INFO     | nvd_fetch | Successfully fetched page at index 0, got 1 CVEs
2026-07-02 20:42:34 | DEBUG    | nvd_fetch | Fetching NVD page: startIndex=0, resultsPerPage=200
2026-07-02 20:42:34 | DEBUG    | nvd_fetch | Specific CVE: CVE-2023-43000
2026-07-02 20:42:34 | INFO     | nvd_fetch | Successfully fetched page at index 0, got 1 CVEs
2026-07-02 20:42:41 | DEBUG    | nvd_fetch | Fetching NVD page: startIndex=0, resultsPerPage=200
2026-07-02 20:42:41 | DEBUG    | nvd_fetch | Specific CVE: CVE-2021-30952
2026-07-02 20:42:41 | INFO     | nvd_fetch | Successfully fetched page at index 0, got 1 CVEs
2026-07-02 20:42:47 | DEBUG    | nvd_fetch | Fetching NVD page: startIndex=0, resultsPerPage=200
2026-07-02 20:42:47 | DEBUG    | nvd_fetch | Specific CVE: CVE-2023-41974
2026-07-02 20:42:48 | INFO     | nvd_fetch | Successfully fetched page at index 0, got 1 CVEs
2026-07-02 20:42:54 | DEBUG    | nvd_fetch | Fetching NVD page: startIndex=0, resultsPerPage=200
2026-07-02 20:42:54 | DEBUG    | nvd_fetch | Specific CVE: CVE-2026-22719
2026-07-02 20:42:54 | INFO     | nvd_fetch | Successfully fetched page at index 0, got 1 CVEs
2026-07-02 20:43:01 | DEBUG    | nvd_fetch | Fetching NVD page: startIndex=0, resultsPerPage=200
2026-07-02 20:43:01 | DEBUG    | nvd_fetch | Specific CVE: CVE-2026-21385
2026-07-02 20:43:01 | INFO     | nvd_fetch | Successfully fetched page at index 0, got 1 CVEs
2026-07-02 20:43:08 | DEBUG    | nvd_fetch | Fetching NVD page: startIndex=0, resultsPerPage=200
2026-07-02 20:43:08 | DEBUG    | nvd_fetch | Specific CVE: CVE-2022-20775
2026-07-02 20:43:08 | INFO     | nvd_fetch | Successfully fetched page at index 0, got 1 CVEs
2026-07-02 20:43:15 | DEBUG    | nvd_fetch | Fetching NVD page: startIndex=0, resultsPerPage=200
2026-07-02 20:43:15 | DEBUG    | nvd_fetch | Specific CVE: CVE-2026-20127
2026-07-02 20:43:15 | INFO     | nvd_fetch | Successfully fetched page at index 0, got 1 CVEs
2026-07-02 20:43:22 | DEBUG    | nvd_fetch | Fetching NVD page: startIndex=0, resultsPerPage=200
2026-07-02 20:43:22 | DEBUG    | nvd_fetch | Specific CVE: CVE-2026-25108
2026-07-02 20:43:22 | INFO     | nvd_fetch | Successfully fetched page at index 0, got 1 CVEs
2026-07-02 20:43:28 | DEBUG    | nvd_fetch | Fetching NVD page: startIndex=0, resultsPerPage=200
2026-07-02 20:43:28 | DEBUG    | nvd_fetch | Specific CVE: CVE-2025-49113
2026-07-02 20:43:29 | INFO     | nvd_fetch | Successfully fetched page at index 0, got 1 CVEs
2026-07-02 20:43:35 | DEBUG    | nvd_fetch | Fetching NVD page: startIndex=0, resultsPerPage=200
2026-07-02 20:43:35 | DEBUG    | nvd_fetch | Specific CVE: CVE-2025-68461
2026-07-02 20:43:36 | INFO     | nvd_fetch | Successfully fetched page at index 0, got 1 CVEs
2026-07-02 20:43:42 | DEBUG    | nvd_fetch | Fetching NVD page: startIndex=0, resultsPerPage=200
2026-07-02 20:43:42 | DEBUG    | nvd_fetch | Specific CVE: CVE-2021-22175
2026-07-02 20:43:43 | INFO     | nvd_fetch | Successfully fetched page at index 0, got 1 CVEs
2026-07-02 20:43:49 | DEBUG    | nvd_fetch | Fetching NVD page: startIndex=0, resultsPerPage=200
2026-07-02 20:43:49 | DEBUG    | nvd_fetch | Specific CVE: CVE-2026-22769
2026-07-02 20:43:49 | INFO     | nvd_fetch | Successfully fetched page at index 0, got 1 CVEs
2026-07-02 20:43:56 | DEBUG    | nvd_fetch | Fetching NVD page: startIndex=0, resultsPerPage=200
2026-07-02 20:43:56 | DEBUG    | nvd_fetch | Specific CVE: CVE-2020-7796
2026-07-02 20:43:56 | INFO     | nvd_fetch | Successfully fetched page at index 0, got 1 CVEs
2026-07-02 20:44:03 | DEBUG    | nvd_fetch | Fetching NVD page: startIndex=0, resultsPerPage=200
2026-07-02 20:44:03 | DEBUG    | nvd_fetch | Specific CVE: CVE-2024-7694
2026-07-02 20:44:03 | INFO     | nvd_fetch | Successfully fetched page at index 0, got 1 CVEs
2026-07-02 20:44:09 | DEBUG    | nvd_fetch | Fetching NVD page: startIndex=0, resultsPerPage=200
2026-07-02 20:44:09 | DEBUG    | nvd_fetch | Specific CVE: CVE-2008-0015
2026-07-02 20:44:10 | INFO     | nvd_fetch | Successfully fetched page at index 0, got 1 CVEs
2026-07-02 20:44:16 | DEBUG    | nvd_fetch | Fetching NVD page: startIndex=0, resultsPerPage=200
2026-07-02 20:44:16 | DEBUG    | nvd_fetch | Specific CVE: CVE-2026-2441
2026-07-02 20:44:17 | INFO     | nvd_fetch | Successfully fetched page at index 0, got 1 CVEs
2026-07-02 20:44:23 | DEBUG    | nvd_fetch | Fetching NVD page: startIndex=0, resultsPerPage=200
2026-07-02 20:44:23 | DEBUG    | nvd_fetch | Specific CVE: CVE-2026-1731
2026-07-02 20:44:23 | INFO     | nvd_fetch | Successfully fetched page at index 0, got 1 CVEs
2026-07-02 20:44:30 | DEBUG    | nvd_fetch | Fetching NVD page: startIndex=0, resultsPerPage=200
2026-07-02 20:44:30 | DEBUG    | nvd_fetch | Specific CVE: CVE-2026-20700
2026-07-02 20:44:30 | INFO     | nvd_fetch | Successfully fetched page at index 0, got 1 CVEs
2026-07-02 20:44:37 | DEBUG    | nvd_fetch | Fetching NVD page: startIndex=0, resultsPerPage=200
2026-07-02 20:44:37 | DEBUG    | nvd_fetch | Specific CVE: CVE-2024-43468
2026-07-02 20:44:37 | INFO     | nvd_fetch | Successfully fetched page at index 0, got 1 CVEs
2026-07-02 20:44:43 | DEBUG    | nvd_fetch | Fetching NVD page: startIndex=0, resultsPerPage=200
2026-07-02 20:44:43 | DEBUG    | nvd_fetch | Specific CVE: CVE-2025-15556
2026-07-02 20:44:44 | INFO     | nvd_fetch | Successfully fetched page at index 0, got 1 CVEs
2026-07-02 20:44:50 | DEBUG    | nvd_fetch | Fetching NVD page: startIndex=0, resultsPerPage=200
2026-07-02 20:44:50 | DEBUG    | nvd_fetch | Specific CVE: CVE-2025-40536
2026-07-02 20:44:50 | INFO     | nvd_fetch | Successfully fetched page at index 0, got 1 CVEs
2026-07-02 20:44:57 | DEBUG    | nvd_fetch | Fetching NVD page: startIndex=0, resultsPerPage=200
2026-07-02 20:44:57 | DEBUG    | nvd_fetch | Specific CVE: CVE-2026-21513
2026-07-02 20:44:57 | INFO     | nvd_fetch | Successfully fetched page at index 0, got 1 CVEs
2026-07-02 20:45:04 | DEBUG    | nvd_fetch | Fetching NVD page: startIndex=0, resultsPerPage=200
2026-07-02 20:45:04 | DEBUG    | nvd_fetch | Specific CVE: CVE-2026-21525
2026-07-02 20:45:05 | INFO     | nvd_fetch | Successfully fetched page at index 0, got 1 CVEs
2026-07-02 20:45:12 | DEBUG    | nvd_fetch | Fetching NVD page: startIndex=0, resultsPerPage=200
2026-07-02 20:45:12 | DEBUG    | nvd_fetch | Specific CVE: CVE-2026-21510
2026-07-02 20:45:18 | INFO     | nvd_fetch | Successfully fetched page at index 0, got 1 CVEs
2026-07-02 20:45:25 | DEBUG    | nvd_fetch | Fetching NVD page: startIndex=0, resultsPerPage=200
2026-07-02 20:45:25 | DEBUG    | nvd_fetch | Specific CVE: CVE-2026-21533
2026-07-02 20:45:52 | INFO     | nvd_fetch | Successfully fetched page at index 0, got 1 CVEs
2026-07-02 20:45:59 | DEBUG    | nvd_fetch | Fetching NVD page: startIndex=0, resultsPerPage=200
2026-07-02 20:45:59 | DEBUG    | nvd_fetch | Specific CVE: CVE-2026-21519
2026-07-02 20:45:59 | WARNING  | nvd_fetch | NVD API returned 503 (attempt 1/6). Retrying in 5.0s...
2026-07-02 20:46:06 | INFO     | nvd_fetch | Successfully fetched page at index 0, got 1 CVEs
2026-07-02 20:46:12 | DEBUG    | nvd_fetch | Fetching NVD page: startIndex=0, resultsPerPage=200
2026-07-02 20:46:12 | DEBUG    | nvd_fetch | Specific CVE: CVE-2026-21514
2026-07-02 20:46:15 | INFO     | nvd_fetch | Successfully fetched page at index 0, got 1 CVEs
2026-07-02 20:46:21 | DEBUG    | nvd_fetch | Fetching NVD page: startIndex=0, resultsPerPage=200
2026-07-02 20:46:21 | DEBUG    | nvd_fetch | Specific CVE: CVE-2025-11953
2026-07-02 20:46:22 | INFO     | nvd_fetch | Successfully fetched page at index 0, got 1 CVEs
2026-07-02 20:46:28 | DEBUG    | nvd_fetch | Fetching NVD page: startIndex=0, resultsPerPage=200
2026-07-02 20:46:28 | DEBUG    | nvd_fetch | Specific CVE: CVE-2026-24423
2026-07-02 20:46:29 | INFO     | nvd_fetch | Successfully fetched page at index 0, got 1 CVEs
2026-07-02 20:46:35 | DEBUG    | nvd_fetch | Fetching NVD page: startIndex=0, resultsPerPage=200
2026-07-02 20:46:35 | DEBUG    | nvd_fetch | Specific CVE: CVE-2021-39935
2026-07-02 20:46:36 | INFO     | nvd_fetch | Successfully fetched page at index 0, got 1 CVEs
2026-07-02 20:46:42 | DEBUG    | nvd_fetch | Fetching NVD page: startIndex=0, resultsPerPage=200
2026-07-02 20:46:42 | DEBUG    | nvd_fetch | Specific CVE: CVE-2025-64328
2026-07-02 22:22:08 | DEBUG    | nvd_fetch | Fetching NVD page: startIndex=0, resultsPerPage=200
2026-07-02 22:22:08 | DEBUG    | nvd_fetch | Specific CVE: CVE-2026-45659
2026-07-02 22:22:09 | DEBUG    | nvd_fetch | Fetching NVD page: startIndex=0, resultsPerPage=200
2026-07-02 22:22:09 | DEBUG    | nvd_fetch | Specific CVE: CVE-2026-45659
2026-07-02 22:22:10 | INFO     | nvd_fetch | Successfully fetched page at index 0, got 1 CVEs
2026-07-02 22:22:10 | INFO     | nvd_fetch | Successfully fetched page at index 0, got 1 CVEs
2026-07-02 22:22:16 | DEBUG    | nvd_fetch | Fetching NVD page: startIndex=0, resultsPerPage=200
2026-07-02 22:22:16 | DEBUG    | nvd_fetch | Specific CVE: CVE-2026-48558
2026-07-02 22:22:16 | DEBUG    | nvd_fetch | Fetching NVD page: startIndex=0, resultsPerPage=200
2026-07-02 22:22:16 | DEBUG    | nvd_fetch | Specific CVE: CVE-2026-48558
2026-07-02 22:22:17 | INFO     | nvd_fetch | Successfully fetched page at index 0, got 1 CVEs
2026-07-02 22:22:17 | INFO     | nvd_fetch | Successfully fetched page at index 0, got 1 CVEs
2026-07-02 22:22:23 | DEBUG    | nvd_fetch | Fetching NVD page: startIndex=0, resultsPerPage=200
2026-07-02 22:22:23 | DEBUG    | nvd_fetch | Fetching NVD page: startIndex=0, resultsPerPage=200
2026-07-02 22:22:23 | DEBUG    | nvd_fetch | Specific CVE: CVE-2026-12569
2026-07-02 22:22:23 | DEBUG    | nvd_fetch | Specific CVE: CVE-2026-12569
2026-07-02 22:22:23 | INFO     | nvd_fetch | Successfully fetched page at index 0, got 1 CVEs
2026-07-02 22:22:23 | INFO     | nvd_fetch | Successfully fetched page at index 0, got 1 CVEs
2026-07-02 22:22:30 | DEBUG    | nvd_fetch | Fetching NVD page: startIndex=0, resultsPerPage=200
2026-07-02 22:22:30 | DEBUG    | nvd_fetch | Specific CVE: CVE-2026-20230
2026-07-02 22:22:30 | INFO     | nvd_fetch | Successfully fetched page at index 0, got 1 CVEs
2026-07-02 22:22:37 | DEBUG    | nvd_fetch | Fetching NVD page: startIndex=0, resultsPerPage=200
2026-07-02 22:22:37 | DEBUG    | nvd_fetch | Specific CVE: CVE-2025-67038
2026-07-02 22:22:37 | INFO     | nvd_fetch | Successfully fetched page at index 0, got 1 CVEs
2026-07-02 22:22:44 | DEBUG    | nvd_fetch | Fetching NVD page: startIndex=0, resultsPerPage=200
2026-07-02 22:22:44 | DEBUG    | nvd_fetch | Specific CVE: CVE-2026-34910
2026-07-02 22:22:44 | INFO     | nvd_fetch | Successfully fetched page at index 0, got 1 CVEs
2026-07-02 22:22:51 | DEBUG    | nvd_fetch | Fetching NVD page: startIndex=0, resultsPerPage=200
2026-07-02 22:22:51 | DEBUG    | nvd_fetch | Specific CVE: CVE-2026-34909
2026-07-02 22:22:51 | INFO     | nvd_fetch | Successfully fetched page at index 0, got 1 CVEs
2026-07-02 22:22:57 | DEBUG    | nvd_fetch | Fetching NVD page: startIndex=0, resultsPerPage=200
2026-07-02 22:22:57 | DEBUG    | nvd_fetch | Specific CVE: CVE-2026-34908
2026-07-02 22:22:58 | INFO     | nvd_fetch | Successfully fetched page at index 0, got 1 CVEs
2026-07-02 22:23:04 | DEBUG    | nvd_fetch | Fetching NVD page: startIndex=0, resultsPerPage=200
2026-07-02 22:23:04 | DEBUG    | nvd_fetch | Specific CVE: CVE-2026-20253
2026-07-02 22:23:05 | INFO     | nvd_fetch | Successfully fetched page at index 0, got 1 CVEs
2026-07-02 22:23:11 | DEBUG    | nvd_fetch | Fetching NVD page: startIndex=0, resultsPerPage=200
2026-07-02 22:23:11 | DEBUG    | nvd_fetch | Specific CVE: CVE-2026-48907
2026-07-02 22:23:12 | INFO     | nvd_fetch | Successfully fetched page at index 0, got 1 CVEs
2026-07-02 22:23:18 | DEBUG    | nvd_fetch | Fetching NVD page: startIndex=0, resultsPerPage=200
2026-07-02 22:23:18 | DEBUG    | nvd_fetch | Specific CVE: CVE-2026-54420
2026-07-02 22:23:18 | INFO     | nvd_fetch | Successfully fetched page at index 0, got 1 CVEs
2026-07-02 22:23:25 | DEBUG    | nvd_fetch | Fetching NVD page: startIndex=0, resultsPerPage=200
2026-07-02 22:23:25 | DEBUG    | nvd_fetch | Specific CVE: CVE-2026-20262
2026-07-02 22:23:26 | INFO     | nvd_fetch | Successfully fetched page at index 0, got 1 CVEs
2026-07-02 22:23:32 | DEBUG    | nvd_fetch | Fetching NVD page: startIndex=0, resultsPerPage=200
2026-07-02 22:23:32 | DEBUG    | nvd_fetch | Specific CVE: CVE-2026-35273
2026-07-02 22:23:32 | INFO     | nvd_fetch | Successfully fetched page at index 0, got 1 CVEs
2026-07-02 22:23:39 | DEBUG    | nvd_fetch | Fetching NVD page: startIndex=0, resultsPerPage=200
2026-07-02 22:23:39 | DEBUG    | nvd_fetch | Specific CVE: CVE-2026-10520
2026-07-02 22:23:39 | INFO     | nvd_fetch | Successfully fetched page at index 0, got 1 CVEs
2026-07-02 22:23:46 | DEBUG    | nvd_fetch | Fetching NVD page: startIndex=0, resultsPerPage=200
2026-07-02 22:23:46 | DEBUG    | nvd_fetch | Specific CVE: CVE-2026-11645
2026-07-02 22:23:46 | INFO     | nvd_fetch | Successfully fetched page at index 0, got 1 CVEs
2026-07-02 22:23:52 | DEBUG    | nvd_fetch | Fetching NVD page: startIndex=0, resultsPerPage=200
2026-07-02 22:23:52 | DEBUG    | nvd_fetch | Specific CVE: CVE-2026-7473
2026-07-02 22:23:53 | INFO     | nvd_fetch | Successfully fetched page at index 0, got 1 CVEs
2026-07-02 22:24:00 | DEBUG    | nvd_fetch | Fetching NVD page: startIndex=0, resultsPerPage=200
2026-07-02 22:24:00 | DEBUG    | nvd_fetch | Specific CVE: CVE-2026-20245
2026-07-02 22:24:00 | INFO     | nvd_fetch | Successfully fetched page at index 0, got 1 CVEs
2026-07-02 22:24:06 | DEBUG    | nvd_fetch | Fetching NVD page: startIndex=0, resultsPerPage=200
2026-07-02 22:24:06 | DEBUG    | nvd_fetch | Specific CVE: CVE-2026-42271
2026-07-02 22:24:07 | INFO     | nvd_fetch | Successfully fetched page at index 0, got 1 CVEs
2026-07-02 22:24:13 | DEBUG    | nvd_fetch | Fetching NVD page: startIndex=0, resultsPerPage=200
2026-07-02 22:24:13 | DEBUG    | nvd_fetch | Specific CVE: CVE-2026-50751
2026-07-02 22:24:14 | INFO     | nvd_fetch | Successfully fetched page at index 0, got 1 CVEs
2026-07-02 22:24:20 | DEBUG    | nvd_fetch | Fetching NVD page: startIndex=0, resultsPerPage=200
2026-07-02 22:24:20 | DEBUG    | nvd_fetch | Specific CVE: CVE-2026-28318
2026-07-02 22:24:20 | INFO     | nvd_fetch | Successfully fetched page at index 0, got 1 CVEs
2026-07-02 22:24:27 | DEBUG    | nvd_fetch | Fetching NVD page: startIndex=0, resultsPerPage=200
2026-07-02 22:24:27 | DEBUG    | nvd_fetch | Specific CVE: CVE-2026-45247
2026-07-02 22:24:27 | INFO     | nvd_fetch | Successfully fetched page at index 0, got 1 CVEs
2026-07-02 22:24:34 | DEBUG    | nvd_fetch | Fetching NVD page: startIndex=0, resultsPerPage=200
2026-07-02 22:24:34 | DEBUG    | nvd_fetch | Specific CVE: CVE-2022-0492
2026-07-02 22:24:34 | INFO     | nvd_fetch | Successfully fetched page at index 0, got 1 CVEs
2026-07-02 22:24:40 | DEBUG    | nvd_fetch | Fetching NVD page: startIndex=0, resultsPerPage=200
2026-07-02 22:24:40 | DEBUG    | nvd_fetch | Specific CVE: CVE-2025-48595
2026-07-02 22:24:41 | INFO     | nvd_fetch | Successfully fetched page at index 0, got 1 CVEs
2026-07-02 22:24:47 | DEBUG    | nvd_fetch | Fetching NVD page: startIndex=0, resultsPerPage=200
2026-07-02 22:24:47 | DEBUG    | nvd_fetch | Specific CVE: CVE-2024-21182
2026-07-02 22:24:48 | INFO     | nvd_fetch | Successfully fetched page at index 0, got 1 CVEs
2026-07-02 22:24:54 | DEBUG    | nvd_fetch | Fetching NVD page: startIndex=0, resultsPerPage=200
2026-07-02 22:24:54 | DEBUG    | nvd_fetch | Specific CVE: CVE-2026-0257
2026-07-02 22:24:55 | INFO     | nvd_fetch | Successfully fetched page at index 0, got 1 CVEs
2026-07-02 22:25:01 | DEBUG    | nvd_fetch | Fetching NVD page: startIndex=0, resultsPerPage=200
2026-07-02 22:25:01 | DEBUG    | nvd_fetch | Specific CVE: CVE-2026-48027
2026-07-02 22:25:01 | INFO     | nvd_fetch | Successfully fetched page at index 0, got 1 CVEs
2026-07-02 22:25:08 | DEBUG    | nvd_fetch | Fetching NVD page: startIndex=0, resultsPerPage=200
2026-07-02 22:25:08 | DEBUG    | nvd_fetch | Specific CVE: CVE-2026-45321
2026-07-02 22:25:08 | INFO     | nvd_fetch | Successfully fetched page at index 0, got 1 CVEs
2026-07-02 22:25:15 | DEBUG    | nvd_fetch | Fetching NVD page: startIndex=0, resultsPerPage=200
2026-07-02 22:25:15 | DEBUG    | nvd_fetch | Specific CVE: CVE-2026-8398
2026-07-02 22:25:15 | INFO     | nvd_fetch | Successfully fetched page at index 0, got 1 CVEs
2026-07-02 22:25:22 | DEBUG    | nvd_fetch | Fetching NVD page: startIndex=0, resultsPerPage=200
2026-07-02 22:25:22 | DEBUG    | nvd_fetch | Specific CVE: CVE-2026-48172
2026-07-02 22:25:22 | INFO     | nvd_fetch | Successfully fetched page at index 0, got 1 CVEs
2026-07-02 22:25:29 | DEBUG    | nvd_fetch | Fetching NVD page: startIndex=0, resultsPerPage=200
2026-07-02 22:25:29 | DEBUG    | nvd_fetch | Specific CVE: CVE-2026-9082
2026-07-02 22:25:29 | INFO     | nvd_fetch | Successfully fetched page at index 0, got 1 CVEs
2026-07-02 22:25:36 | DEBUG    | nvd_fetch | Fetching NVD page: startIndex=0, resultsPerPage=200
2026-07-02 22:25:36 | DEBUG    | nvd_fetch | Specific CVE: CVE-2025-34291
2026-07-02 22:25:36 | INFO     | nvd_fetch | Successfully fetched page at index 0, got 1 CVEs
2026-07-02 22:25:42 | DEBUG    | nvd_fetch | Fetching NVD page: startIndex=0, resultsPerPage=200
2026-07-02 22:25:42 | DEBUG    | nvd_fetch | Specific CVE: CVE-2026-34926
2026-07-02 22:25:43 | INFO     | nvd_fetch | Successfully fetched page at index 0, got 1 CVEs
2026-07-02 22:25:49 | DEBUG    | nvd_fetch | Fetching NVD page: startIndex=0, resultsPerPage=200
2026-07-02 22:25:49 | DEBUG    | nvd_fetch | Specific CVE: CVE-2008-4250
2026-07-02 22:25:50 | INFO     | nvd_fetch | Successfully fetched page at index 0, got 1 CVEs
2026-07-02 22:25:56 | DEBUG    | nvd_fetch | Fetching NVD page: startIndex=0, resultsPerPage=200
2026-07-02 22:25:56 | DEBUG    | nvd_fetch | Specific CVE: CVE-2009-1537
2026-07-02 22:25:57 | INFO     | nvd_fetch | Successfully fetched page at index 0, got 1 CVEs
2026-07-02 22:26:03 | DEBUG    | nvd_fetch | Fetching NVD page: startIndex=0, resultsPerPage=200
2026-07-02 22:26:03 | DEBUG    | nvd_fetch | Specific CVE: CVE-2009-3459
2026-07-02 22:26:03 | INFO     | nvd_fetch | Successfully fetched page at index 0, got 1 CVEs
2026-07-02 22:26:10 | DEBUG    | nvd_fetch | Fetching NVD page: startIndex=0, resultsPerPage=200
2026-07-02 22:26:10 | DEBUG    | nvd_fetch | Specific CVE: CVE-2010-0249
2026-07-02 22:26:10 | INFO     | nvd_fetch | Successfully fetched page at index 0, got 1 CVEs
2026-07-02 22:26:17 | DEBUG    | nvd_fetch | Fetching NVD page: startIndex=0, resultsPerPage=200
2026-07-02 22:26:17 | DEBUG    | nvd_fetch | Specific CVE: CVE-2010-0806
2026-07-02 22:26:17 | INFO     | nvd_fetch | Successfully fetched page at index 0, got 1 CVEs
2026-07-02 22:26:23 | DEBUG    | nvd_fetch | Fetching NVD page: startIndex=0, resultsPerPage=200
2026-07-02 22:26:23 | DEBUG    | nvd_fetch | Specific CVE: CVE-2026-41091
2026-07-02 22:26:24 | INFO     | nvd_fetch | Successfully fetched page at index 0, got 1 CVEs
2026-07-02 22:26:30 | DEBUG    | nvd_fetch | Fetching NVD page: startIndex=0, resultsPerPage=200
2026-07-02 22:26:30 | DEBUG    | nvd_fetch | Specific CVE: CVE-2026-45498
2026-07-02 22:26:31 | INFO     | nvd_fetch | Successfully fetched page at index 0, got 1 CVEs
2026-07-02 22:26:37 | DEBUG    | nvd_fetch | Fetching NVD page: startIndex=0, resultsPerPage=200
2026-07-02 22:26:37 | DEBUG    | nvd_fetch | Specific CVE: CVE-2026-42897
2026-07-02 22:26:37 | INFO     | nvd_fetch | Successfully fetched page at index 0, got 1 CVEs
2026-07-02 22:26:44 | DEBUG    | nvd_fetch | Fetching NVD page: startIndex=0, resultsPerPage=200
2026-07-02 22:26:44 | DEBUG    | nvd_fetch | Specific CVE: CVE-2026-20182
2026-07-02 22:26:44 | INFO     | nvd_fetch | Successfully fetched page at index 0, got 1 CVEs
2026-07-02 22:26:51 | DEBUG    | nvd_fetch | Fetching NVD page: startIndex=0, resultsPerPage=200
2026-07-02 22:26:51 | DEBUG    | nvd_fetch | Specific CVE: CVE-2026-42208
2026-07-02 22:26:51 | INFO     | nvd_fetch | Successfully fetched page at index 0, got 1 CVEs
2026-07-02 22:26:57 | DEBUG    | nvd_fetch | Fetching NVD page: startIndex=0, resultsPerPage=200
2026-07-02 22:26:57 | DEBUG    | nvd_fetch | Specific CVE: CVE-2026-6973
2026-07-02 22:26:58 | INFO     | nvd_fetch | Successfully fetched page at index 0, got 1 CVEs
2026-07-02 22:27:04 | DEBUG    | nvd_fetch | Fetching NVD page: startIndex=0, resultsPerPage=200
2026-07-02 22:27:04 | DEBUG    | nvd_fetch | Specific CVE: CVE-2026-0300
2026-07-02 22:27:04 | INFO     | nvd_fetch | Successfully fetched page at index 0, got 1 CVEs
2026-07-02 22:27:11 | DEBUG    | nvd_fetch | Fetching NVD page: startIndex=0, resultsPerPage=200
2026-07-02 22:27:11 | DEBUG    | nvd_fetch | Specific CVE: CVE-2026-31431
2026-07-02 22:27:12 | INFO     | nvd_fetch | Successfully fetched page at index 0, got 1 CVEs
2026-07-02 22:27:18 | DEBUG    | nvd_fetch | Fetching NVD page: startIndex=0, resultsPerPage=200
2026-07-02 22:27:18 | DEBUG    | nvd_fetch | Specific CVE: CVE-2026-41940
2026-07-02 22:27:18 | INFO     | nvd_fetch | Successfully fetched page at index 0, got 1 CVEs
2026-07-02 22:27:25 | DEBUG    | nvd_fetch | Fetching NVD page: startIndex=0, resultsPerPage=200
2026-07-02 22:27:25 | DEBUG    | nvd_fetch | Specific CVE: CVE-2024-1708
2026-07-02 22:27:25 | INFO     | nvd_fetch | Successfully fetched page at index 0, got 1 CVEs
2026-07-02 22:27:31 | DEBUG    | nvd_fetch | Fetching NVD page: startIndex=0, resultsPerPage=200
2026-07-02 22:27:32 | DEBUG    | nvd_fetch | Specific CVE: CVE-2026-32202
2026-07-02 22:27:32 | INFO     | nvd_fetch | Successfully fetched page at index 0, got 1 CVEs
2026-07-02 22:27:38 | DEBUG    | nvd_fetch | Fetching NVD page: startIndex=0, resultsPerPage=200
2026-07-02 22:27:38 | DEBUG    | nvd_fetch | Specific CVE: CVE-2025-29635
2026-07-02 22:27:39 | INFO     | nvd_fetch | Successfully fetched page at index 0, got 1 CVEs
2026-07-02 22:27:45 | DEBUG    | nvd_fetch | Fetching NVD page: startIndex=0, resultsPerPage=200
2026-07-02 22:27:45 | DEBUG    | nvd_fetch | Specific CVE: CVE-2024-7399
2026-07-02 22:27:45 | INFO     | nvd_fetch | Successfully fetched page at index 0, got 1 CVEs
2026-07-02 22:27:52 | DEBUG    | nvd_fetch | Fetching NVD page: startIndex=0, resultsPerPage=200
2026-07-02 22:27:52 | DEBUG    | nvd_fetch | Specific CVE: CVE-2024-57728
2026-07-02 22:27:52 | INFO     | nvd_fetch | Successfully fetched page at index 0, got 1 CVEs
2026-07-02 22:27:59 | DEBUG    | nvd_fetch | Fetching NVD page: startIndex=0, resultsPerPage=200
2026-07-02 22:27:59 | DEBUG    | nvd_fetch | Specific CVE: CVE-2024-57726
2026-07-02 22:27:59 | INFO     | nvd_fetch | Successfully fetched page at index 0, got 1 CVEs
2026-07-02 22:28:05 | DEBUG    | nvd_fetch | Fetching NVD page: startIndex=0, resultsPerPage=200
2026-07-02 22:28:05 | DEBUG    | nvd_fetch | Specific CVE: CVE-2026-39987
2026-07-02 22:28:06 | INFO     | nvd_fetch | Successfully fetched page at index 0, got 1 CVEs
2026-07-02 22:28:12 | DEBUG    | nvd_fetch | Fetching NVD page: startIndex=0, resultsPerPage=200
2026-07-02 22:28:12 | DEBUG    | nvd_fetch | Specific CVE: CVE-2026-33825
2026-07-02 22:28:13 | INFO     | nvd_fetch | Successfully fetched page at index 0, got 1 CVEs
2026-07-02 22:28:19 | DEBUG    | nvd_fetch | Fetching NVD page: startIndex=0, resultsPerPage=200
2026-07-02 22:28:19 | DEBUG    | nvd_fetch | Specific CVE: CVE-2026-20122
2026-07-02 22:28:20 | INFO     | nvd_fetch | Successfully fetched page at index 0, got 1 CVEs
2026-07-02 22:28:26 | DEBUG    | nvd_fetch | Fetching NVD page: startIndex=0, resultsPerPage=200
2026-07-02 22:28:26 | DEBUG    | nvd_fetch | Specific CVE: CVE-2026-20133
2026-07-02 22:28:27 | INFO     | nvd_fetch | Successfully fetched page at index 0, got 1 CVEs
2026-07-02 22:28:33 | DEBUG    | nvd_fetch | Fetching NVD page: startIndex=0, resultsPerPage=200
2026-07-02 22:28:33 | DEBUG    | nvd_fetch | Specific CVE: CVE-2025-2749
2026-07-02 22:28:33 | INFO     | nvd_fetch | Successfully fetched page at index 0, got 1 CVEs
2026-07-02 22:28:40 | DEBUG    | nvd_fetch | Fetching NVD page: startIndex=0, resultsPerPage=200
2026-07-02 22:28:40 | DEBUG    | nvd_fetch | Specific CVE: CVE-2023-27351
2026-07-02 22:28:40 | INFO     | nvd_fetch | Successfully fetched page at index 0, got 1 CVEs
2026-07-02 22:28:47 | DEBUG    | nvd_fetch | Fetching NVD page: startIndex=0, resultsPerPage=200
2026-07-02 22:28:47 | DEBUG    | nvd_fetch | Specific CVE: CVE-2025-48700
2026-07-02 22:28:47 | INFO     | nvd_fetch | Successfully fetched page at index 0, got 1 CVEs
2026-07-02 22:28:54 | DEBUG    | nvd_fetch | Fetching NVD page: startIndex=0, resultsPerPage=200
2026-07-02 22:28:54 | DEBUG    | nvd_fetch | Specific CVE: CVE-2026-20128
2026-07-02 22:28:54 | INFO     | nvd_fetch | Successfully fetched page at index 0, got 1 CVEs
2026-07-02 22:29:00 | DEBUG    | nvd_fetch | Fetching NVD page: startIndex=0, resultsPerPage=200
2026-07-02 22:29:00 | DEBUG    | nvd_fetch | Specific CVE: CVE-2025-32975
2026-07-02 22:29:01 | INFO     | nvd_fetch | Successfully fetched page at index 0, got 1 CVEs
2026-07-02 22:29:07 | DEBUG    | nvd_fetch | Fetching NVD page: startIndex=0, resultsPerPage=200
2026-07-02 22:29:07 | DEBUG    | nvd_fetch | Specific CVE: CVE-2024-27199
2026-07-02 22:29:08 | INFO     | nvd_fetch | Successfully fetched page at index 0, got 1 CVEs
2026-07-02 22:29:14 | DEBUG    | nvd_fetch | Fetching NVD page: startIndex=0, resultsPerPage=200
2026-07-02 22:29:14 | DEBUG    | nvd_fetch | Specific CVE: CVE-2026-34197
2026-07-02 22:29:14 | INFO     | nvd_fetch | Successfully fetched page at index 0, got 1 CVEs
2026-07-02 22:29:21 | DEBUG    | nvd_fetch | Fetching NVD page: startIndex=0, resultsPerPage=200
2026-07-02 22:29:21 | DEBUG    | nvd_fetch | Specific CVE: CVE-2009-0238
2026-07-02 22:29:21 | INFO     | nvd_fetch | Successfully fetched page at index 0, got 1 CVEs
2026-07-02 22:29:28 | DEBUG    | nvd_fetch | Fetching NVD page: startIndex=0, resultsPerPage=200
2026-07-02 22:29:28 | DEBUG    | nvd_fetch | Specific CVE: CVE-2026-32201
2026-07-02 22:29:28 | INFO     | nvd_fetch | Successfully fetched page at index 0, got 1 CVEs
2026-07-02 22:29:34 | DEBUG    | nvd_fetch | Fetching NVD page: startIndex=0, resultsPerPage=200
2026-07-02 22:29:34 | DEBUG    | nvd_fetch | Specific CVE: CVE-2012-1854
2026-07-02 22:29:35 | INFO     | nvd_fetch | Successfully fetched page at index 0, got 1 CVEs
2026-07-02 22:29:41 | DEBUG    | nvd_fetch | Fetching NVD page: startIndex=0, resultsPerPage=200
2026-07-02 22:29:41 | DEBUG    | nvd_fetch | Specific CVE: CVE-2025-60710
2026-07-02 22:29:41 | INFO     | nvd_fetch | Successfully fetched page at index 0, got 1 CVEs
2026-07-02 22:29:48 | DEBUG    | nvd_fetch | Fetching NVD page: startIndex=0, resultsPerPage=200
2026-07-02 22:29:48 | DEBUG    | nvd_fetch | Specific CVE: CVE-2023-21529
2026-07-02 22:29:48 | INFO     | nvd_fetch | Successfully fetched page at index 0, got 1 CVEs
2026-07-02 22:29:55 | DEBUG    | nvd_fetch | Fetching NVD page: startIndex=0, resultsPerPage=200
2026-07-02 22:29:55 | DEBUG    | nvd_fetch | Specific CVE: CVE-2023-36424
2026-07-02 22:29:55 | INFO     | nvd_fetch | Successfully fetched page at index 0, got 1 CVEs
2026-07-02 22:30:01 | DEBUG    | nvd_fetch | Fetching NVD page: startIndex=0, resultsPerPage=200
2026-07-02 22:30:01 | DEBUG    | nvd_fetch | Specific CVE: CVE-2020-9715
2026-07-02 22:30:02 | INFO     | nvd_fetch | Successfully fetched page at index 0, got 1 CVEs
2026-07-02 22:30:08 | DEBUG    | nvd_fetch | Fetching NVD page: startIndex=0, resultsPerPage=200
2026-07-02 22:30:08 | DEBUG    | nvd_fetch | Specific CVE: CVE-2026-21643
2026-07-02 22:30:08 | INFO     | nvd_fetch | Successfully fetched page at index 0, got 1 CVEs
2026-07-02 22:30:15 | DEBUG    | nvd_fetch | Fetching NVD page: startIndex=0, resultsPerPage=200
2026-07-02 22:30:15 | DEBUG    | nvd_fetch | Specific CVE: CVE-2026-34621
2026-07-02 22:30:15 | INFO     | nvd_fetch | Successfully fetched page at index 0, got 1 CVEs
2026-07-02 22:30:22 | DEBUG    | nvd_fetch | Fetching NVD page: startIndex=0, resultsPerPage=200
2026-07-02 22:30:22 | DEBUG    | nvd_fetch | Specific CVE: CVE-2026-1340
2026-07-02 22:30:22 | INFO     | nvd_fetch | Successfully fetched page at index 0, got 1 CVEs
2026-07-02 22:30:28 | DEBUG    | nvd_fetch | Fetching NVD page: startIndex=0, resultsPerPage=200
2026-07-02 22:30:28 | DEBUG    | nvd_fetch | Specific CVE: CVE-2026-35616
2026-07-02 22:30:29 | INFO     | nvd_fetch | Successfully fetched page at index 0, got 1 CVEs
2026-07-02 22:30:35 | DEBUG    | nvd_fetch | Fetching NVD page: startIndex=0, resultsPerPage=200
2026-07-02 22:30:35 | DEBUG    | nvd_fetch | Specific CVE: CVE-2026-3502
2026-07-02 22:30:35 | INFO     | nvd_fetch | Successfully fetched page at index 0, got 1 CVEs
2026-07-02 22:30:42 | DEBUG    | nvd_fetch | Fetching NVD page: startIndex=0, resultsPerPage=200
2026-07-02 22:30:42 | DEBUG    | nvd_fetch | Specific CVE: CVE-2026-5281
2026-07-02 22:30:42 | INFO     | nvd_fetch | Successfully fetched page at index 0, got 1 CVEs
2026-07-02 22:30:49 | DEBUG    | nvd_fetch | Fetching NVD page: startIndex=0, resultsPerPage=200
2026-07-02 22:30:49 | DEBUG    | nvd_fetch | Specific CVE: CVE-2026-3055
2026-07-02 22:30:49 | INFO     | nvd_fetch | Successfully fetched page at index 0, got 1 CVEs
2026-07-02 22:30:56 | DEBUG    | nvd_fetch | Fetching NVD page: startIndex=0, resultsPerPage=200
2026-07-02 22:30:56 | DEBUG    | nvd_fetch | Specific CVE: CVE-2025-53521
2026-07-02 22:30:56 | INFO     | nvd_fetch | Successfully fetched page at index 0, got 1 CVEs
2026-07-02 22:31:02 | DEBUG    | nvd_fetch | Fetching NVD page: startIndex=0, resultsPerPage=200
2026-07-02 22:31:02 | DEBUG    | nvd_fetch | Specific CVE: CVE-2026-33634
2026-07-02 22:31:03 | INFO     | nvd_fetch | Successfully fetched page at index 0, got 1 CVEs
2026-07-02 22:31:09 | DEBUG    | nvd_fetch | Fetching NVD page: startIndex=0, resultsPerPage=200
2026-07-02 22:31:09 | DEBUG    | nvd_fetch | Specific CVE: CVE-2026-33017
2026-07-02 22:31:10 | INFO     | nvd_fetch | Successfully fetched page at index 0, got 1 CVEs
2026-07-02 22:31:16 | DEBUG    | nvd_fetch | Fetching NVD page: startIndex=0, resultsPerPage=200
2026-07-02 22:31:16 | DEBUG    | nvd_fetch | Specific CVE: CVE-2025-32432
2026-07-02 22:31:16 | INFO     | nvd_fetch | Successfully fetched page at index 0, got 1 CVEs
2026-07-02 22:31:23 | DEBUG    | nvd_fetch | Fetching NVD page: startIndex=0, resultsPerPage=200
2026-07-02 22:31:23 | DEBUG    | nvd_fetch | Specific CVE: CVE-2025-54068
2026-07-02 22:31:23 | INFO     | nvd_fetch | Successfully fetched page at index 0, got 1 CVEs
2026-07-02 22:31:30 | DEBUG    | nvd_fetch | Fetching NVD page: startIndex=0, resultsPerPage=200
2026-07-02 22:31:30 | DEBUG    | nvd_fetch | Specific CVE: CVE-2025-43510
2026-07-02 22:31:30 | INFO     | nvd_fetch | Successfully fetched page at index 0, got 1 CVEs
2026-07-02 22:31:36 | DEBUG    | nvd_fetch | Fetching NVD page: startIndex=0, resultsPerPage=200
2026-07-02 22:31:36 | DEBUG    | nvd_fetch | Specific CVE: CVE-2025-43520
2026-07-02 22:31:37 | INFO     | nvd_fetch | Successfully fetched page at index 0, got 1 CVEs
2026-07-02 22:31:43 | DEBUG    | nvd_fetch | Fetching NVD page: startIndex=0, resultsPerPage=200
2026-07-02 22:31:43 | DEBUG    | nvd_fetch | Specific CVE: CVE-2025-31277
2026-07-02 22:31:43 | INFO     | nvd_fetch | Successfully fetched page at index 0, got 1 CVEs
2026-07-02 22:31:50 | DEBUG    | nvd_fetch | Fetching NVD page: startIndex=0, resultsPerPage=200
2026-07-02 22:31:50 | DEBUG    | nvd_fetch | Specific CVE: CVE-2026-20131
2026-07-02 22:31:50 | INFO     | nvd_fetch | Successfully fetched page at index 0, got 1 CVEs
2026-07-02 22:31:57 | DEBUG    | nvd_fetch | Fetching NVD page: startIndex=0, resultsPerPage=200
2026-07-02 22:31:57 | DEBUG    | nvd_fetch | Specific CVE: CVE-2025-66376
2026-07-02 22:31:57 | INFO     | nvd_fetch | Successfully fetched page at index 0, got 1 CVEs
2026-07-02 22:32:03 | DEBUG    | nvd_fetch | Fetching NVD page: startIndex=0, resultsPerPage=200
2026-07-02 22:32:03 | DEBUG    | nvd_fetch | Specific CVE: CVE-2026-20963
2026-07-02 22:32:04 | INFO     | nvd_fetch | Successfully fetched page at index 0, got 1 CVEs
2026-07-02 22:32:10 | DEBUG    | nvd_fetch | Fetching NVD page: startIndex=0, resultsPerPage=200
2026-07-02 22:32:10 | DEBUG    | nvd_fetch | Specific CVE: CVE-2025-47813
2026-07-02 22:32:10 | INFO     | nvd_fetch | Successfully fetched page at index 0, got 1 CVEs
2026-07-02 22:32:17 | DEBUG    | nvd_fetch | Fetching NVD page: startIndex=0, resultsPerPage=200
2026-07-02 22:32:17 | DEBUG    | nvd_fetch | Specific CVE: CVE-2026-3910
2026-07-02 22:32:17 | INFO     | nvd_fetch | Successfully fetched page at index 0, got 1 CVEs
2026-07-02 22:32:24 | DEBUG    | nvd_fetch | Fetching NVD page: startIndex=0, resultsPerPage=200
2026-07-02 22:32:24 | DEBUG    | nvd_fetch | Specific CVE: CVE-2026-3909
2026-07-02 22:32:24 | INFO     | nvd_fetch | Successfully fetched page at index 0, got 1 CVEs
2026-07-02 22:32:30 | DEBUG    | nvd_fetch | Fetching NVD page: startIndex=0, resultsPerPage=200
2026-07-02 22:32:30 | DEBUG    | nvd_fetch | Specific CVE: CVE-2025-68613
2026-07-02 22:32:31 | INFO     | nvd_fetch | Successfully fetched page at index 0, got 1 CVEs
2026-07-02 22:32:37 | DEBUG    | nvd_fetch | Fetching NVD page: startIndex=0, resultsPerPage=200
2026-07-02 22:32:37 | DEBUG    | nvd_fetch | Specific CVE: CVE-2021-22054
2026-07-02 22:32:37 | INFO     | nvd_fetch | Successfully fetched page at index 0, got 1 CVEs
2026-07-02 22:32:44 | DEBUG    | nvd_fetch | Fetching NVD page: startIndex=0, resultsPerPage=200
2026-07-02 22:32:44 | DEBUG    | nvd_fetch | Specific CVE: CVE-2025-26399
2026-07-02 22:32:44 | INFO     | nvd_fetch | Successfully fetched page at index 0, got 1 CVEs
2026-07-02 22:32:51 | DEBUG    | nvd_fetch | Fetching NVD page: startIndex=0, resultsPerPage=200
2026-07-02 22:32:51 | DEBUG    | nvd_fetch | Specific CVE: CVE-2026-1603
2026-07-02 22:32:51 | INFO     | nvd_fetch | Successfully fetched page at index 0, got 1 CVEs
2026-07-02 22:32:57 | DEBUG    | nvd_fetch | Fetching NVD page: startIndex=0, resultsPerPage=200
2026-07-02 22:32:57 | DEBUG    | nvd_fetch | Specific CVE: CVE-2017-7921
2026-07-02 22:32:58 | INFO     | nvd_fetch | Successfully fetched page at index 0, got 1 CVEs
2026-07-02 22:33:04 | DEBUG    | nvd_fetch | Fetching NVD page: startIndex=0, resultsPerPage=200
2026-07-02 22:33:04 | DEBUG    | nvd_fetch | Specific CVE: CVE-2021-22681
2026-07-02 22:33:04 | INFO     | nvd_fetch | Successfully fetched page at index 0, got 1 CVEs
2026-07-02 22:33:11 | DEBUG    | nvd_fetch | Fetching NVD page: startIndex=0, resultsPerPage=200
2026-07-02 22:33:11 | DEBUG    | nvd_fetch | Specific CVE: CVE-2023-43000
2026-07-02 22:33:11 | INFO     | nvd_fetch | Successfully fetched page at index 0, got 1 CVEs
2026-07-02 22:33:18 | DEBUG    | nvd_fetch | Fetching NVD page: startIndex=0, resultsPerPage=200
2026-07-02 22:33:18 | DEBUG    | nvd_fetch | Specific CVE: CVE-2021-30952
2026-07-02 22:33:18 | INFO     | nvd_fetch | Successfully fetched page at index 0, got 1 CVEs
2026-07-02 22:33:25 | DEBUG    | nvd_fetch | Fetching NVD page: startIndex=0, resultsPerPage=200
2026-07-02 22:33:25 | DEBUG    | nvd_fetch | Specific CVE: CVE-2023-41974
2026-07-02 22:33:25 | INFO     | nvd_fetch | Successfully fetched page at index 0, got 1 CVEs
2026-07-02 22:33:31 | DEBUG    | nvd_fetch | Fetching NVD page: startIndex=0, resultsPerPage=200
2026-07-02 22:33:31 | DEBUG    | nvd_fetch | Specific CVE: CVE-2026-22719
2026-07-02 22:33:31 | INFO     | nvd_fetch | Successfully fetched page at index 0, got 1 CVEs
2026-07-02 22:33:38 | DEBUG    | nvd_fetch | Fetching NVD page: startIndex=0, resultsPerPage=200
2026-07-02 22:33:38 | DEBUG    | nvd_fetch | Specific CVE: CVE-2026-21385
2026-07-02 22:33:39 | INFO     | nvd_fetch | Successfully fetched page at index 0, got 1 CVEs
2026-07-02 22:33:45 | DEBUG    | nvd_fetch | Fetching NVD page: startIndex=0, resultsPerPage=200
2026-07-02 22:33:45 | DEBUG    | nvd_fetch | Specific CVE: CVE-2022-20775
2026-07-02 22:33:46 | INFO     | nvd_fetch | Successfully fetched page at index 0, got 1 CVEs
2026-07-02 22:33:52 | DEBUG    | nvd_fetch | Fetching NVD page: startIndex=0, resultsPerPage=200
2026-07-02 22:33:52 | DEBUG    | nvd_fetch | Specific CVE: CVE-2026-20127
2026-07-02 22:33:53 | INFO     | nvd_fetch | Successfully fetched page at index 0, got 1 CVEs
2026-07-02 22:33:59 | DEBUG    | nvd_fetch | Fetching NVD page: startIndex=0, resultsPerPage=200
2026-07-02 22:33:59 | DEBUG    | nvd_fetch | Specific CVE: CVE-2026-25108
2026-07-02 22:33:59 | INFO     | nvd_fetch | Successfully fetched page at index 0, got 1 CVEs
2026-07-02 22:34:06 | DEBUG    | nvd_fetch | Fetching NVD page: startIndex=0, resultsPerPage=200
2026-07-02 22:34:06 | DEBUG    | nvd_fetch | Specific CVE: CVE-2025-49113
2026-07-02 22:34:06 | INFO     | nvd_fetch | Successfully fetched page at index 0, got 1 CVEs
2026-07-02 22:34:13 | DEBUG    | nvd_fetch | Fetching NVD page: startIndex=0, resultsPerPage=200
2026-07-02 22:34:13 | DEBUG    | nvd_fetch | Specific CVE: CVE-2025-68461
2026-07-02 22:34:13 | INFO     | nvd_fetch | Successfully fetched page at index 0, got 1 CVEs
2026-07-02 22:34:20 | DEBUG    | nvd_fetch | Fetching NVD page: startIndex=0, resultsPerPage=200
2026-07-02 22:34:20 | DEBUG    | nvd_fetch | Specific CVE: CVE-2021-22175
2026-07-02 22:34:20 | INFO     | nvd_fetch | Successfully fetched page at index 0, got 1 CVEs
2026-07-02 22:34:27 | DEBUG    | nvd_fetch | Fetching NVD page: startIndex=0, resultsPerPage=200
2026-07-02 22:34:27 | DEBUG    | nvd_fetch | Specific CVE: CVE-2026-22769
2026-07-02 22:34:27 | INFO     | nvd_fetch | Successfully fetched page at index 0, got 1 CVEs
2026-07-02 22:34:33 | DEBUG    | nvd_fetch | Fetching NVD page: startIndex=0, resultsPerPage=200
2026-07-02 22:34:33 | DEBUG    | nvd_fetch | Specific CVE: CVE-2020-7796
2026-07-02 22:34:34 | INFO     | nvd_fetch | Successfully fetched page at index 0, got 1 CVEs
2026-07-02 22:34:40 | DEBUG    | nvd_fetch | Fetching NVD page: startIndex=0, resultsPerPage=200
2026-07-02 22:34:40 | DEBUG    | nvd_fetch | Specific CVE: CVE-2024-7694
2026-07-02 22:34:41 | INFO     | nvd_fetch | Successfully fetched page at index 0, got 1 CVEs
2026-07-02 22:34:47 | DEBUG    | nvd_fetch | Fetching NVD page: startIndex=0, resultsPerPage=200
2026-07-02 22:34:47 | DEBUG    | nvd_fetch | Specific CVE: CVE-2008-0015
2026-07-02 22:34:48 | INFO     | nvd_fetch | Successfully fetched page at index 0, got 1 CVEs
2026-07-02 22:34:54 | DEBUG    | nvd_fetch | Fetching NVD page: startIndex=0, resultsPerPage=200
2026-07-02 22:34:54 | DEBUG    | nvd_fetch | Specific CVE: CVE-2026-2441
2026-07-02 22:34:55 | INFO     | nvd_fetch | Successfully fetched page at index 0, got 1 CVEs
2026-07-02 22:35:01 | DEBUG    | nvd_fetch | Fetching NVD page: startIndex=0, resultsPerPage=200
2026-07-02 22:35:01 | DEBUG    | nvd_fetch | Specific CVE: CVE-2026-1731
2026-07-02 22:35:03 | INFO     | nvd_fetch | Successfully fetched page at index 0, got 1 CVEs
2026-07-02 22:35:09 | DEBUG    | nvd_fetch | Fetching NVD page: startIndex=0, resultsPerPage=200
2026-07-02 22:35:09 | DEBUG    | nvd_fetch | Specific CVE: CVE-2026-20700
2026-07-02 22:35:10 | INFO     | nvd_fetch | Successfully fetched page at index 0, got 1 CVEs
2026-07-02 22:35:16 | DEBUG    | nvd_fetch | Fetching NVD page: startIndex=0, resultsPerPage=200
2026-07-02 22:35:16 | DEBUG    | nvd_fetch | Specific CVE: CVE-2024-43468
2026-07-02 22:35:17 | INFO     | nvd_fetch | Successfully fetched page at index 0, got 1 CVEs
2026-07-02 22:35:24 | DEBUG    | nvd_fetch | Fetching NVD page: startIndex=0, resultsPerPage=200
2026-07-02 22:35:24 | DEBUG    | nvd_fetch | Specific CVE: CVE-2025-15556
2026-07-02 22:35:24 | INFO     | nvd_fetch | Successfully fetched page at index 0, got 1 CVEs
2026-07-02 22:35:30 | DEBUG    | nvd_fetch | Fetching NVD page: startIndex=0, resultsPerPage=200
2026-07-02 22:35:30 | DEBUG    | nvd_fetch | Specific CVE: CVE-2025-40536
2026-07-02 22:35:33 | INFO     | nvd_fetch | Successfully fetched page at index 0, got 1 CVEs
2026-07-02 22:35:40 | DEBUG    | nvd_fetch | Fetching NVD page: startIndex=0, resultsPerPage=200
2026-07-02 22:35:40 | DEBUG    | nvd_fetch | Specific CVE: CVE-2026-21513
2026-07-02 22:35:40 | INFO     | nvd_fetch | Successfully fetched page at index 0, got 1 CVEs
2026-07-02 22:35:47 | DEBUG    | nvd_fetch | Fetching NVD page: startIndex=0, resultsPerPage=200
2026-07-02 22:35:47 | DEBUG    | nvd_fetch | Specific CVE: CVE-2026-21525
2026-07-02 22:35:47 | INFO     | nvd_fetch | Successfully fetched page at index 0, got 1 CVEs
2026-07-02 22:35:54 | DEBUG    | nvd_fetch | Fetching NVD page: startIndex=0, resultsPerPage=200
2026-07-02 22:35:54 | DEBUG    | nvd_fetch | Specific CVE: CVE-2026-21510
2026-07-02 22:35:54 | INFO     | nvd_fetch | Successfully fetched page at index 0, got 1 CVEs
2026-07-02 22:36:01 | DEBUG    | nvd_fetch | Fetching NVD page: startIndex=0, resultsPerPage=200
2026-07-02 22:36:01 | DEBUG    | nvd_fetch | Specific CVE: CVE-2026-21533
2026-07-02 22:36:02 | INFO     | nvd_fetch | Successfully fetched page at index 0, got 1 CVEs
2026-07-02 22:36:09 | DEBUG    | nvd_fetch | Fetching NVD page: startIndex=0, resultsPerPage=200
2026-07-02 22:36:09 | DEBUG    | nvd_fetch | Specific CVE: CVE-2026-21519
2026-07-02 22:36:12 | INFO     | nvd_fetch | Successfully fetched page at index 0, got 1 CVEs
2026-07-02 22:36:19 | DEBUG    | nvd_fetch | Fetching NVD page: startIndex=0, resultsPerPage=200
2026-07-02 22:36:19 | DEBUG    | nvd_fetch | Specific CVE: CVE-2026-21514
2026-07-02 22:36:19 | INFO     | nvd_fetch | Successfully fetched page at index 0, got 1 CVEs
2026-07-02 22:36:26 | DEBUG    | nvd_fetch | Fetching NVD page: startIndex=0, resultsPerPage=200
2026-07-02 22:36:26 | DEBUG    | nvd_fetch | Specific CVE: CVE-2025-11953
2026-07-02 22:36:26 | INFO     | nvd_fetch | Successfully fetched page at index 0, got 1 CVEs
2026-07-02 22:36:33 | DEBUG    | nvd_fetch | Fetching NVD page: startIndex=0, resultsPerPage=200
2026-07-02 22:36:33 | DEBUG    | nvd_fetch | Specific CVE: CVE-2026-24423
2026-07-02 22:36:33 | INFO     | nvd_fetch | Successfully fetched page at index 0, got 1 CVEs
2026-07-02 22:36:39 | DEBUG    | nvd_fetch | Fetching NVD page: startIndex=0, resultsPerPage=200
2026-07-02 22:36:39 | DEBUG    | nvd_fetch | Specific CVE: CVE-2021-39935
2026-07-02 22:36:41 | INFO     | nvd_fetch | Successfully fetched page at index 0, got 1 CVEs
2026-07-02 22:36:47 | DEBUG    | nvd_fetch | Fetching NVD page: startIndex=0, resultsPerPage=200
2026-07-02 22:36:47 | DEBUG    | nvd_fetch | Specific CVE: CVE-2025-64328
2026-07-02 22:36:48 | INFO     | nvd_fetch | Successfully fetched page at index 0, got 1 CVEs
2026-07-02 22:36:55 | DEBUG    | nvd_fetch | Fetching NVD page: startIndex=0, resultsPerPage=200
2026-07-02 22:36:55 | DEBUG    | nvd_fetch | Specific CVE: CVE-2019-19006
2026-07-02 22:36:55 | INFO     | nvd_fetch | Successfully fetched page at index 0, got 1 CVEs
2026-07-02 22:37:02 | DEBUG    | nvd_fetch | Fetching NVD page: startIndex=0, resultsPerPage=200
2026-07-02 22:37:02 | DEBUG    | nvd_fetch | Specific CVE: CVE-2025-40551
2026-07-02 22:37:03 | INFO     | nvd_fetch | Successfully fetched page at index 0, got 1 CVEs
2026-07-02 22:37:10 | DEBUG    | nvd_fetch | Fetching NVD page: startIndex=0, resultsPerPage=200
2026-07-02 22:37:10 | DEBUG    | nvd_fetch | Specific CVE: CVE-2026-1281
2026-07-02 22:37:10 | INFO     | nvd_fetch | Successfully fetched page at index 0, got 1 CVEs
2026-07-02 22:37:17 | DEBUG    | nvd_fetch | Fetching NVD page: startIndex=0, resultsPerPage=200
2026-07-02 22:37:17 | DEBUG    | nvd_fetch | Specific CVE: CVE-2026-24858
2026-07-02 22:37:18 | INFO     | nvd_fetch | Successfully fetched page at index 0, got 1 CVEs
2026-07-02 22:37:25 | DEBUG    | nvd_fetch | Fetching NVD page: startIndex=0, resultsPerPage=200
2026-07-02 22:37:25 | DEBUG    | nvd_fetch | Specific CVE: CVE-2018-14634
2026-07-02 22:37:35 | INFO     | nvd_fetch | Successfully fetched page at index 0, got 1 CVEs
2026-07-02 22:37:41 | DEBUG    | nvd_fetch | Fetching NVD page: startIndex=0, resultsPerPage=200
2026-07-02 22:37:41 | DEBUG    | nvd_fetch | Specific CVE: CVE-2025-52691
2026-07-02 22:37:41 | INFO     | nvd_fetch | Successfully fetched page at index 0, got 1 CVEs
2026-07-02 22:37:48 | DEBUG    | nvd_fetch | Fetching NVD page: startIndex=0, resultsPerPage=200
2026-07-02 22:37:48 | DEBUG    | nvd_fetch | Specific CVE: CVE-2026-23760
2026-07-02 22:37:48 | INFO     | nvd_fetch | Successfully fetched page at index 0, got 1 CVEs
2026-07-02 22:37:54 | DEBUG    | nvd_fetch | Fetching NVD page: startIndex=0, resultsPerPage=200
2026-07-02 22:37:54 | DEBUG    | nvd_fetch | Specific CVE: CVE-2026-24061
2026-07-02 22:37:55 | INFO     | nvd_fetch | Successfully fetched page at index 0, got 1 CVEs
2026-07-02 22:38:01 | DEBUG    | nvd_fetch | Fetching NVD page: startIndex=0, resultsPerPage=200
2026-07-02 22:38:01 | DEBUG    | nvd_fetch | Specific CVE: CVE-2026-21509
2026-07-02 22:38:02 | INFO     | nvd_fetch | Successfully fetched page at index 0, got 1 CVEs
2026-07-02 22:38:08 | DEBUG    | nvd_fetch | Fetching NVD page: startIndex=0, resultsPerPage=200
2026-07-02 22:38:08 | DEBUG    | nvd_fetch | Specific CVE: CVE-2024-37079
2026-07-02 22:38:08 | INFO     | nvd_fetch | Successfully fetched page at index 0, got 1 CVEs
2026-07-02 22:38:15 | DEBUG    | nvd_fetch | Fetching NVD page: startIndex=0, resultsPerPage=200
2026-07-02 22:38:15 | DEBUG    | nvd_fetch | Specific CVE: CVE-2025-68645
2026-07-02 22:38:15 | INFO     | nvd_fetch | Successfully fetched page at index 0, got 1 CVEs
2026-07-02 22:38:22 | DEBUG    | nvd_fetch | Fetching NVD page: startIndex=0, resultsPerPage=200
2026-07-02 22:38:22 | DEBUG    | nvd_fetch | Specific CVE: CVE-2025-34026
2026-07-02 22:38:22 | INFO     | nvd_fetch | Successfully fetched page at index 0, got 1 CVEs
2026-07-02 22:38:29 | DEBUG    | nvd_fetch | Fetching NVD page: startIndex=0, resultsPerPage=200
2026-07-02 22:38:29 | DEBUG    | nvd_fetch | Specific CVE: CVE-2025-31125
2026-07-02 22:38:29 | INFO     | nvd_fetch | Successfully fetched page at index 0, got 1 CVEs
2026-07-02 22:38:35 | DEBUG    | nvd_fetch | Fetching NVD page: startIndex=0, resultsPerPage=200
2026-07-02 22:38:35 | DEBUG    | nvd_fetch | Specific CVE: CVE-2025-54313
2026-07-02 22:38:36 | INFO     | nvd_fetch | Successfully fetched page at index 0, got 1 CVEs
2026-07-02 22:38:42 | DEBUG    | nvd_fetch | Fetching NVD page: startIndex=0, resultsPerPage=200
2026-07-02 22:38:42 | DEBUG    | nvd_fetch | Specific CVE: CVE-2026-20045
2026-07-02 22:38:43 | INFO     | nvd_fetch | Successfully fetched page at index 0, got 1 CVEs
2026-07-02 22:38:49 | DEBUG    | nvd_fetch | Fetching NVD page: startIndex=0, resultsPerPage=200
2026-07-02 22:38:49 | DEBUG    | nvd_fetch | Specific CVE: CVE-2026-20805
2026-07-02 22:38:50 | INFO     | nvd_fetch | Successfully fetched page at index 0, got 1 CVEs
2026-07-02 22:38:56 | DEBUG    | nvd_fetch | Fetching NVD page: startIndex=0, resultsPerPage=200
2026-07-02 22:38:56 | DEBUG    | nvd_fetch | Specific CVE: CVE-2025-8110
2026-07-02 22:38:57 | INFO     | nvd_fetch | Successfully fetched page at index 0, got 1 CVEs
2026-07-02 22:39:03 | DEBUG    | nvd_fetch | Fetching NVD page: startIndex=0, resultsPerPage=200
2026-07-02 22:39:03 | DEBUG    | nvd_fetch | Specific CVE: CVE-2009-0556
2026-07-02 22:39:03 | INFO     | nvd_fetch | Successfully fetched page at index 0, got 1 CVEs
2026-07-02 22:39:10 | DEBUG    | nvd_fetch | Fetching NVD page: startIndex=0, resultsPerPage=200
2026-07-02 22:39:10 | DEBUG    | nvd_fetch | Specific CVE: CVE-2025-37164
2026-07-02 22:39:10 | INFO     | nvd_fetch | Successfully fetched page at index 0, got 1 CVEs
2026-07-02 22:39:17 | DEBUG    | nvd_fetch | Fetching NVD page: startIndex=0, resultsPerPage=200
2026-07-02 22:39:17 | DEBUG    | nvd_fetch | Specific CVE: CVE-2025-14847
2026-07-02 22:39:17 | INFO     | nvd_fetch | Successfully fetched page at index 0, got 1 CVEs
2026-07-02 22:39:23 | DEBUG    | nvd_fetch | Fetching NVD page: startIndex=0, resultsPerPage=200
2026-07-02 22:39:23 | DEBUG    | nvd_fetch | Specific CVE: CVE-2023-52163
2026-07-02 22:39:24 | INFO     | nvd_fetch | Successfully fetched page at index 0, got 1 CVEs
2026-07-02 22:39:30 | DEBUG    | nvd_fetch | Fetching NVD page: startIndex=0, resultsPerPage=200
2026-07-02 22:39:30 | DEBUG    | nvd_fetch | Specific CVE: CVE-2025-14733
2026-07-02 22:39:30 | INFO     | nvd_fetch | Successfully fetched page at index 0, got 1 CVEs
2026-07-02 22:39:37 | DEBUG    | nvd_fetch | Fetching NVD page: startIndex=0, resultsPerPage=200
2026-07-02 22:39:37 | DEBUG    | nvd_fetch | Specific CVE: CVE-2025-59374
2026-07-02 22:39:37 | INFO     | nvd_fetch | Successfully fetched page at index 0, got 1 CVEs
2026-07-02 22:39:44 | DEBUG    | nvd_fetch | Fetching NVD page: startIndex=0, resultsPerPage=200
2026-07-02 22:39:44 | DEBUG    | nvd_fetch | Specific CVE: CVE-2025-40602
2026-07-02 22:39:44 | INFO     | nvd_fetch | Successfully fetched page at index 0, got 1 CVEs
2026-07-02 22:39:50 | DEBUG    | nvd_fetch | Fetching NVD page: startIndex=0, resultsPerPage=200
2026-07-02 22:39:50 | DEBUG    | nvd_fetch | Specific CVE: CVE-2025-20393
2026-07-02 22:39:51 | INFO     | nvd_fetch | Successfully fetched page at index 0, got 1 CVEs
2026-07-02 22:39:57 | DEBUG    | nvd_fetch | Fetching NVD page: startIndex=0, resultsPerPage=200
2026-07-02 22:39:57 | DEBUG    | nvd_fetch | Specific CVE: CVE-2025-59718
2026-07-02 22:39:58 | INFO     | nvd_fetch | Successfully fetched page at index 0, got 1 CVEs
2026-07-02 22:40:04 | DEBUG    | nvd_fetch | Fetching NVD page: startIndex=0, resultsPerPage=200
2026-07-02 22:40:04 | DEBUG    | nvd_fetch | Specific CVE: CVE-2025-14611
2026-07-02 22:40:04 | INFO     | nvd_fetch | Successfully fetched page at index 0, got 1 CVEs
2026-07-02 22:40:11 | DEBUG    | nvd_fetch | Fetching NVD page: startIndex=0, resultsPerPage=200
2026-07-02 22:40:11 | DEBUG    | nvd_fetch | Specific CVE: CVE-2025-43529
2026-07-02 22:40:11 | INFO     | nvd_fetch | Successfully fetched page at index 0, got 1 CVEs
2026-07-02 22:40:18 | DEBUG    | nvd_fetch | Fetching NVD page: startIndex=0, resultsPerPage=200
2026-07-02 22:40:18 | DEBUG    | nvd_fetch | Specific CVE: CVE-2018-4063
2026-07-02 22:40:18 | INFO     | nvd_fetch | Successfully fetched page at index 0, got 1 CVEs
2026-07-02 22:40:24 | DEBUG    | nvd_fetch | Fetching NVD page: startIndex=0, resultsPerPage=200
2026-07-02 22:40:24 | DEBUG    | nvd_fetch | Specific CVE: CVE-2025-14174
2026-07-02 22:40:25 | INFO     | nvd_fetch | Successfully fetched page at index 0, got 1 CVEs
2026-07-02 22:40:31 | DEBUG    | nvd_fetch | Fetching NVD page: startIndex=0, resultsPerPage=200
2026-07-02 22:40:31 | DEBUG    | nvd_fetch | Specific CVE: CVE-2025-58360
2026-07-02 22:40:31 | INFO     | nvd_fetch | Successfully fetched page at index 0, got 1 CVEs
2026-07-02 22:40:38 | DEBUG    | nvd_fetch | Fetching NVD page: startIndex=0, resultsPerPage=200
2026-07-02 22:40:38 | DEBUG    | nvd_fetch | Specific CVE: CVE-2025-6218
2026-07-02 22:40:38 | INFO     | nvd_fetch | Successfully fetched page at index 0, got 1 CVEs
2026-07-02 22:40:45 | DEBUG    | nvd_fetch | Fetching NVD page: startIndex=0, resultsPerPage=200
2026-07-02 22:40:45 | DEBUG    | nvd_fetch | Specific CVE: CVE-2025-62221
2026-07-02 22:40:45 | INFO     | nvd_fetch | Successfully fetched page at index 0, got 1 CVEs
2026-07-02 22:40:51 | DEBUG    | nvd_fetch | Fetching NVD page: startIndex=0, resultsPerPage=200
2026-07-02 22:40:51 | DEBUG    | nvd_fetch | Specific CVE: CVE-2022-37055
2026-07-02 22:40:52 | INFO     | nvd_fetch | Successfully fetched page at index 0, got 1 CVEs
2026-07-02 22:40:58 | DEBUG    | nvd_fetch | Fetching NVD page: startIndex=0, resultsPerPage=200
2026-07-02 22:40:58 | DEBUG    | nvd_fetch | Specific CVE: CVE-2025-66644
2026-07-02 22:40:59 | INFO     | nvd_fetch | Successfully fetched page at index 0, got 1 CVEs
2026-07-02 22:41:05 | DEBUG    | nvd_fetch | Fetching NVD page: startIndex=0, resultsPerPage=200
2026-07-02 22:41:05 | DEBUG    | nvd_fetch | Specific CVE: CVE-2025-55182
2026-07-02 22:41:06 | INFO     | nvd_fetch | Successfully fetched page at index 0, got 1 CVEs
2026-07-02 22:41:12 | DEBUG    | nvd_fetch | Fetching NVD page: startIndex=0, resultsPerPage=200
2026-07-02 22:41:12 | DEBUG    | nvd_fetch | Specific CVE: CVE-2021-26828
2026-07-02 22:41:12 | INFO     | nvd_fetch | Successfully fetched page at index 0, got 1 CVEs
2026-07-02 22:41:19 | DEBUG    | nvd_fetch | Fetching NVD page: startIndex=0, resultsPerPage=200
2026-07-02 22:41:19 | DEBUG    | nvd_fetch | Specific CVE: CVE-2025-48633
2026-07-02 22:41:19 | INFO     | nvd_fetch | Successfully fetched page at index 0, got 1 CVEs
2026-07-02 22:41:26 | DEBUG    | nvd_fetch | Fetching NVD page: startIndex=0, resultsPerPage=200
2026-07-02 22:41:26 | DEBUG    | nvd_fetch | Specific CVE: CVE-2025-48572
2026-07-02 22:41:26 | INFO     | nvd_fetch | Successfully fetched page at index 0, got 1 CVEs
2026-07-02 22:41:32 | DEBUG    | nvd_fetch | Fetching NVD page: startIndex=0, resultsPerPage=200
2026-07-02 22:41:32 | DEBUG    | nvd_fetch | Specific CVE: CVE-2021-26829
2026-07-02 22:41:33 | INFO     | nvd_fetch | Successfully fetched page at index 0, got 1 CVEs
2026-07-02 22:41:39 | DEBUG    | nvd_fetch | Fetching NVD page: startIndex=0, resultsPerPage=200
2026-07-02 22:41:39 | DEBUG    | nvd_fetch | Specific CVE: CVE-2025-61757
2026-07-02 22:41:39 | INFO     | nvd_fetch | Successfully fetched page at index 0, got 1 CVEs
2026-07-02 22:41:46 | DEBUG    | nvd_fetch | Fetching NVD page: startIndex=0, resultsPerPage=200
2026-07-02 22:41:46 | DEBUG    | nvd_fetch | Specific CVE: CVE-2025-13223
2026-07-02 22:41:46 | INFO     | nvd_fetch | Successfully fetched page at index 0, got 1 CVEs
2026-07-02 22:41:53 | DEBUG    | nvd_fetch | Fetching NVD page: startIndex=0, resultsPerPage=200
2026-07-02 22:41:53 | DEBUG    | nvd_fetch | Specific CVE: CVE-2025-58034
2026-07-02 22:41:53 | INFO     | nvd_fetch | Successfully fetched page at index 0, got 1 CVEs
2026-07-02 22:41:59 | DEBUG    | nvd_fetch | Fetching NVD page: startIndex=0, resultsPerPage=200
2026-07-02 22:41:59 | DEBUG    | nvd_fetch | Specific CVE: CVE-2025-64446
2026-07-02 22:42:00 | INFO     | nvd_fetch | Successfully fetched page at index 0, got 1 CVEs
2026-07-02 22:42:06 | DEBUG    | nvd_fetch | Fetching NVD page: startIndex=0, resultsPerPage=200
2026-07-02 22:42:06 | DEBUG    | nvd_fetch | Specific CVE: CVE-2025-12480
2026-07-02 22:42:06 | INFO     | nvd_fetch | Successfully fetched page at index 0, got 1 CVEs
2026-07-02 22:42:13 | DEBUG    | nvd_fetch | Fetching NVD page: startIndex=0, resultsPerPage=200
2026-07-02 22:42:13 | DEBUG    | nvd_fetch | Specific CVE: CVE-2025-62215
2026-07-02 22:42:13 | INFO     | nvd_fetch | Successfully fetched page at index 0, got 1 CVEs
2026-07-02 22:42:20 | DEBUG    | nvd_fetch | Fetching NVD page: startIndex=0, resultsPerPage=200
2026-07-02 22:42:20 | DEBUG    | nvd_fetch | Specific CVE: CVE-2025-9242
2026-07-02 22:42:20 | INFO     | nvd_fetch | Successfully fetched page at index 0, got 1 CVEs
2026-07-02 22:42:26 | DEBUG    | nvd_fetch | Fetching NVD page: startIndex=0, resultsPerPage=200
2026-07-02 22:42:26 | DEBUG    | nvd_fetch | Specific CVE: CVE-2025-21042
2026-07-02 22:42:27 | INFO     | nvd_fetch | Successfully fetched page at index 0, got 1 CVEs
2026-07-02 22:42:33 | DEBUG    | nvd_fetch | Fetching NVD page: startIndex=0, resultsPerPage=200
2026-07-02 22:42:33 | DEBUG    | nvd_fetch | Specific CVE: CVE-2025-48703
2026-07-02 22:42:34 | INFO     | nvd_fetch | Successfully fetched page at index 0, got 1 CVEs
2026-07-02 22:42:40 | DEBUG    | nvd_fetch | Fetching NVD page: startIndex=0, resultsPerPage=200
2026-07-02 22:42:40 | DEBUG    | nvd_fetch | Specific CVE: CVE-2025-11371
2026-07-02 22:42:40 | INFO     | nvd_fetch | Successfully fetched page at index 0, got 1 CVEs
2026-07-02 22:42:47 | DEBUG    | nvd_fetch | Fetching NVD page: startIndex=0, resultsPerPage=200
2026-07-02 22:42:47 | DEBUG    | nvd_fetch | Specific CVE: CVE-2025-41244
2026-07-02 22:42:47 | INFO     | nvd_fetch | Successfully fetched page at index 0, got 1 CVEs
2026-07-02 22:42:54 | DEBUG    | nvd_fetch | Fetching NVD page: startIndex=0, resultsPerPage=200
2026-07-02 22:42:54 | DEBUG    | nvd_fetch | Specific CVE: CVE-2025-24893
2026-07-02 22:42:54 | INFO     | nvd_fetch | Successfully fetched page at index 0, got 1 CVEs
2026-07-02 22:43:01 | DEBUG    | nvd_fetch | Fetching NVD page: startIndex=0, resultsPerPage=200
2026-07-02 22:43:01 | DEBUG    | nvd_fetch | Specific CVE: CVE-2025-6204
2026-07-02 22:43:01 | INFO     | nvd_fetch | Successfully fetched page at index 0, got 1 CVEs
2026-07-02 22:43:08 | DEBUG    | nvd_fetch | Fetching NVD page: startIndex=0, resultsPerPage=200
2026-07-02 22:43:08 | DEBUG    | nvd_fetch | Specific CVE: CVE-2025-6205
2026-07-02 22:43:08 | INFO     | nvd_fetch | Successfully fetched page at index 0, got 1 CVEs
2026-07-02 22:43:15 | DEBUG    | nvd_fetch | Fetching NVD page: startIndex=0, resultsPerPage=200
2026-07-02 22:43:15 | DEBUG    | nvd_fetch | Specific CVE: CVE-2025-54236
2026-07-02 22:43:15 | INFO     | nvd_fetch | Successfully fetched page at index 0, got 1 CVEs
2026-07-02 22:43:22 | DEBUG    | nvd_fetch | Fetching NVD page: startIndex=0, resultsPerPage=200
2026-07-02 22:43:22 | DEBUG    | nvd_fetch | Specific CVE: CVE-2025-59287
2026-07-02 22:43:22 | INFO     | nvd_fetch | Successfully fetched page at index 0, got 1 CVEs
2026-07-02 22:43:28 | DEBUG    | nvd_fetch | Fetching NVD page: startIndex=0, resultsPerPage=200
2026-07-02 22:43:28 | DEBUG    | nvd_fetch | Specific CVE: CVE-2025-61932
2026-07-02 22:43:29 | INFO     | nvd_fetch | Successfully fetched page at index 0, got 1 CVEs
2026-07-02 22:43:35 | DEBUG    | nvd_fetch | Fetching NVD page: startIndex=0, resultsPerPage=200
2026-07-02 22:43:35 | DEBUG    | nvd_fetch | Specific CVE: CVE-2022-48503
2026-07-02 22:43:36 | INFO     | nvd_fetch | Successfully fetched page at index 0, got 1 CVEs
2026-07-02 22:43:42 | DEBUG    | nvd_fetch | Fetching NVD page: startIndex=0, resultsPerPage=200
2026-07-02 22:43:42 | DEBUG    | nvd_fetch | Specific CVE: CVE-2025-2746
2026-07-02 22:43:43 | INFO     | nvd_fetch | Successfully fetched page at index 0, got 1 CVEs
2026-07-02 22:43:49 | DEBUG    | nvd_fetch | Fetching NVD page: startIndex=0, resultsPerPage=200
2026-07-02 22:43:49 | DEBUG    | nvd_fetch | Specific CVE: CVE-2025-2747
2026-07-02 22:43:50 | INFO     | nvd_fetch | Successfully fetched page at index 0, got 1 CVEs
2026-07-02 22:43:56 | DEBUG    | nvd_fetch | Fetching NVD page: startIndex=0, resultsPerPage=200
2026-07-02 22:43:56 | DEBUG    | nvd_fetch | Specific CVE: CVE-2025-33073
2026-07-02 22:43:56 | INFO     | nvd_fetch | Successfully fetched page at index 0, got 1 CVEs
2026-07-02 22:44:03 | DEBUG    | nvd_fetch | Fetching NVD page: startIndex=0, resultsPerPage=200
2026-07-02 22:44:03 | DEBUG    | nvd_fetch | Specific CVE: CVE-2025-61884
2026-07-02 22:44:03 | INFO     | nvd_fetch | Successfully fetched page at index 0, got 1 CVEs
2026-07-02 22:44:10 | DEBUG    | nvd_fetch | Fetching NVD page: startIndex=0, resultsPerPage=200
2026-07-02 22:44:10 | DEBUG    | nvd_fetch | Specific CVE: CVE-2025-54253
2026-07-02 22:44:10 | INFO     | nvd_fetch | Successfully fetched page at index 0, got 1 CVEs
2026-07-02 22:44:17 | DEBUG    | nvd_fetch | Fetching NVD page: startIndex=0, resultsPerPage=200
2026-07-02 22:44:17 | DEBUG    | nvd_fetch | Specific CVE: CVE-2025-47827
2026-07-02 22:44:17 | INFO     | nvd_fetch | Successfully fetched page at index 0, got 1 CVEs
2026-07-02 22:44:24 | DEBUG    | nvd_fetch | Fetching NVD page: startIndex=0, resultsPerPage=200
2026-07-02 22:44:24 | DEBUG    | nvd_fetch | Specific CVE: CVE-2025-24990
2026-07-02 22:44:24 | INFO     | nvd_fetch | Successfully fetched page at index 0, got 1 CVEs
2026-07-02 22:44:31 | DEBUG    | nvd_fetch | Fetching NVD page: startIndex=0, resultsPerPage=200
2026-07-02 22:44:31 | DEBUG    | nvd_fetch | Specific CVE: CVE-2025-59230
2026-07-02 22:44:31 | INFO     | nvd_fetch | Successfully fetched page at index 0, got 1 CVEs
2026-07-02 22:44:37 | DEBUG    | nvd_fetch | Fetching NVD page: startIndex=0, resultsPerPage=200
2026-07-02 22:44:37 | DEBUG    | nvd_fetch | Specific CVE: CVE-2016-7836
2026-07-02 22:44:38 | INFO     | nvd_fetch | Successfully fetched page at index 0, got 1 CVEs
2026-07-02 22:44:44 | DEBUG    | nvd_fetch | Fetching NVD page: startIndex=0, resultsPerPage=200
2026-07-02 22:44:44 | DEBUG    | nvd_fetch | Specific CVE: CVE-2021-43798
2026-07-02 22:44:45 | INFO     | nvd_fetch | Successfully fetched page at index 0, got 1 CVEs
2026-07-02 22:44:51 | DEBUG    | nvd_fetch | Fetching NVD page: startIndex=0, resultsPerPage=200
2026-07-02 22:44:51 | DEBUG    | nvd_fetch | Specific CVE: CVE-2025-27915
2026-07-02 22:44:52 | INFO     | nvd_fetch | Successfully fetched page at index 0, got 1 CVEs
2026-07-02 22:44:58 | DEBUG    | nvd_fetch | Fetching NVD page: startIndex=0, resultsPerPage=200
2026-07-02 22:44:58 | DEBUG    | nvd_fetch | Specific CVE: CVE-2021-22555
2026-07-02 22:44:59 | INFO     | nvd_fetch | Successfully fetched page at index 0, got 1 CVEs
2026-07-02 22:45:05 | DEBUG    | nvd_fetch | Fetching NVD page: startIndex=0, resultsPerPage=200
2026-07-02 22:45:05 | DEBUG    | nvd_fetch | Specific CVE: CVE-2010-3962
2026-07-02 22:45:06 | INFO     | nvd_fetch | Successfully fetched page at index 0, got 1 CVEs
2026-07-02 22:45:12 | DEBUG    | nvd_fetch | Fetching NVD page: startIndex=0, resultsPerPage=200
2026-07-02 22:45:12 | DEBUG    | nvd_fetch | Specific CVE: CVE-2021-43226
2026-07-02 22:45:12 | INFO     | nvd_fetch | Successfully fetched page at index 0, got 1 CVEs
2026-07-02 22:45:19 | DEBUG    | nvd_fetch | Fetching NVD page: startIndex=0, resultsPerPage=200
2026-07-02 22:45:19 | DEBUG    | nvd_fetch | Specific CVE: CVE-2013-3918
2026-07-02 22:45:19 | INFO     | nvd_fetch | Successfully fetched page at index 0, got 1 CVEs
2026-07-02 22:45:26 | DEBUG    | nvd_fetch | Fetching NVD page: startIndex=0, resultsPerPage=200
2026-07-02 22:45:26 | DEBUG    | nvd_fetch | Specific CVE: CVE-2011-3402
2026-07-02 22:45:26 | INFO     | nvd_fetch | Successfully fetched page at index 0, got 1 CVEs
2026-07-02 22:45:33 | DEBUG    | nvd_fetch | Fetching NVD page: startIndex=0, resultsPerPage=200
2026-07-02 22:45:33 | DEBUG    | nvd_fetch | Specific CVE: CVE-2010-3765
2026-07-02 22:45:33 | INFO     | nvd_fetch | Successfully fetched page at index 0, got 1 CVEs
2026-07-02 22:45:40 | DEBUG    | nvd_fetch | Fetching NVD page: startIndex=0, resultsPerPage=200
2026-07-02 22:45:40 | DEBUG    | nvd_fetch | Specific CVE: CVE-2025-61882
2026-07-02 22:45:40 | INFO     | nvd_fetch | Successfully fetched page at index 0, got 1 CVEs
2026-07-02 22:45:47 | DEBUG    | nvd_fetch | Fetching NVD page: startIndex=0, resultsPerPage=200
2026-07-02 22:45:47 | DEBUG    | nvd_fetch | Specific CVE: CVE-2014-6278
2026-07-02 22:45:47 | INFO     | nvd_fetch | Successfully fetched page at index 0, got 1 CVEs
2026-07-02 22:45:53 | DEBUG    | nvd_fetch | Fetching NVD page: startIndex=0, resultsPerPage=200
2026-07-02 22:45:53 | DEBUG    | nvd_fetch | Specific CVE: CVE-2017-1000353
2026-07-02 22:45:54 | INFO     | nvd_fetch | Successfully fetched page at index 0, got 1 CVEs
2026-07-02 22:46:01 | DEBUG    | nvd_fetch | Fetching NVD page: startIndex=0, resultsPerPage=200
2026-07-02 22:46:01 | DEBUG    | nvd_fetch | Specific CVE: CVE-2015-7755
2026-07-02 22:46:01 | INFO     | nvd_fetch | Successfully fetched page at index 0, got 1 CVEs
2026-07-02 22:46:08 | DEBUG    | nvd_fetch | Fetching NVD page: startIndex=0, resultsPerPage=200
2026-07-02 22:46:08 | DEBUG    | nvd_fetch | Specific CVE: CVE-2025-21043
2026-07-02 22:46:09 | INFO     | nvd_fetch | Successfully fetched page at index 0, got 1 CVEs
2026-07-02 22:46:15 | DEBUG    | nvd_fetch | Fetching NVD page: startIndex=0, resultsPerPage=200
2026-07-02 22:46:15 | DEBUG    | nvd_fetch | Specific CVE: CVE-2025-4008
2026-07-02 22:46:15 | INFO     | nvd_fetch | Successfully fetched page at index 0, got 1 CVEs
2026-07-02 22:46:22 | DEBUG    | nvd_fetch | Fetching NVD page: startIndex=0, resultsPerPage=200
2026-07-02 22:46:22 | DEBUG    | nvd_fetch | Specific CVE: CVE-2025-32463
2026-07-02 22:46:22 | INFO     | nvd_fetch | Successfully fetched page at index 0, got 1 CVEs
2026-07-02 22:46:29 | DEBUG    | nvd_fetch | Fetching NVD page: startIndex=0, resultsPerPage=200
2026-07-02 22:46:29 | DEBUG    | nvd_fetch | Specific CVE: CVE-2025-59689
2026-07-02 22:46:29 | INFO     | nvd_fetch | Successfully fetched page at index 0, got 1 CVEs
2026-07-02 22:46:35 | DEBUG    | nvd_fetch | Fetching NVD page: startIndex=0, resultsPerPage=200
2026-07-02 22:46:35 | DEBUG    | nvd_fetch | Specific CVE: CVE-2025-10035
2026-07-02 22:46:36 | INFO     | nvd_fetch | Successfully fetched page at index 0, got 1 CVEs
2026-07-02 22:46:42 | DEBUG    | nvd_fetch | Fetching NVD page: startIndex=0, resultsPerPage=200
2026-07-02 22:46:42 | DEBUG    | nvd_fetch | Specific CVE: CVE-2025-20352
2026-07-02 22:46:43 | INFO     | nvd_fetch | Successfully fetched page at index 0, got 1 CVEs
2026-07-02 22:46:50 | DEBUG    | nvd_fetch | Fetching NVD page: startIndex=0, resultsPerPage=200
2026-07-02 22:46:50 | DEBUG    | nvd_fetch | Specific CVE: CVE-2021-21311
2026-07-02 22:46:50 | INFO     | nvd_fetch | Successfully fetched page at index 0, got 1 CVEs
2026-07-02 22:46:57 | DEBUG    | nvd_fetch | Fetching NVD page: startIndex=0, resultsPerPage=200
2026-07-02 22:46:57 | DEBUG    | nvd_fetch | Specific CVE: CVE-2025-20362
2026-07-02 22:46:57 | INFO     | nvd_fetch | Successfully fetched page at index 0, got 1 CVEs
2026-07-02 22:47:04 | DEBUG    | nvd_fetch | Fetching NVD page: startIndex=0, resultsPerPage=200
2026-07-02 22:47:04 | DEBUG    | nvd_fetch | Specific CVE: CVE-2025-20333
2026-07-02 22:47:04 | INFO     | nvd_fetch | Successfully fetched page at index 0, got 1 CVEs
2026-07-02 22:47:10 | DEBUG    | nvd_fetch | Fetching NVD page: startIndex=0, resultsPerPage=200
2026-07-02 22:47:10 | DEBUG    | nvd_fetch | Specific CVE: CVE-2025-10585
2026-07-02 22:47:11 | INFO     | nvd_fetch | Successfully fetched page at index 0, got 1 CVEs
2026-07-02 22:47:17 | DEBUG    | nvd_fetch | Fetching NVD page: startIndex=0, resultsPerPage=200
2026-07-02 22:47:17 | DEBUG    | nvd_fetch | Specific CVE: CVE-2025-5086
2026-07-02 22:47:17 | INFO     | nvd_fetch | Successfully fetched page at index 0, got 1 CVEs
2026-07-02 22:47:24 | DEBUG    | nvd_fetch | Fetching NVD page: startIndex=0, resultsPerPage=200
2026-07-02 22:47:24 | DEBUG    | nvd_fetch | Specific CVE: CVE-2025-38352
2026-07-02 22:47:24 | INFO     | nvd_fetch | Successfully fetched page at index 0, got 1 CVEs
2026-07-02 22:47:31 | DEBUG    | nvd_fetch | Fetching NVD page: startIndex=0, resultsPerPage=200
2026-07-02 22:47:31 | DEBUG    | nvd_fetch | Specific CVE: CVE-2025-48543
2026-07-02 22:47:31 | INFO     | nvd_fetch | Successfully fetched page at index 0, got 1 CVEs
2026-07-02 22:47:37 | DEBUG    | nvd_fetch | Fetching NVD page: startIndex=0, resultsPerPage=200
2026-07-02 22:47:37 | DEBUG    | nvd_fetch | Specific CVE: CVE-2025-53690
2026-07-02 22:47:38 | INFO     | nvd_fetch | Successfully fetched page at index 0, got 1 CVEs
2026-07-02 22:47:44 | DEBUG    | nvd_fetch | Fetching NVD page: startIndex=0, resultsPerPage=200
2026-07-02 22:47:44 | DEBUG    | nvd_fetch | Specific CVE: CVE-2023-50224
2026-07-02 22:47:44 | INFO     | nvd_fetch | Successfully fetched page at index 0, got 1 CVEs
2026-07-02 22:47:51 | DEBUG    | nvd_fetch | Fetching NVD page: startIndex=0, resultsPerPage=200
2026-07-02 22:47:51 | DEBUG    | nvd_fetch | Specific CVE: CVE-2025-9377
2026-07-02 22:47:51 | INFO     | nvd_fetch | Successfully fetched page at index 0, got 1 CVEs
2026-07-02 22:47:58 | DEBUG    | nvd_fetch | Fetching NVD page: startIndex=0, resultsPerPage=200
2026-07-02 22:47:58 | DEBUG    | nvd_fetch | Specific CVE: CVE-2020-24363
2026-07-02 22:47:58 | INFO     | nvd_fetch | Successfully fetched page at index 0, got 1 CVEs
2026-07-02 22:48:04 | DEBUG    | nvd_fetch | Fetching NVD page: startIndex=0, resultsPerPage=200
2026-07-02 22:48:04 | DEBUG    | nvd_fetch | Specific CVE: CVE-2025-55177
2026-07-02 22:48:05 | INFO     | nvd_fetch | Successfully fetched page at index 0, got 1 CVEs
2026-07-02 22:48:11 | DEBUG    | nvd_fetch | Fetching NVD page: startIndex=0, resultsPerPage=200
2026-07-02 22:48:11 | DEBUG    | nvd_fetch | Specific CVE: CVE-2025-57819
2026-07-02 22:48:11 | INFO     | nvd_fetch | Successfully fetched page at index 0, got 1 CVEs
2026-07-02 22:48:18 | DEBUG    | nvd_fetch | Fetching NVD page: startIndex=0, resultsPerPage=200
2026-07-02 22:48:18 | DEBUG    | nvd_fetch | Specific CVE: CVE-2025-7775
2026-07-02 22:48:18 | INFO     | nvd_fetch | Successfully fetched page at index 0, got 1 CVEs
2026-07-02 22:48:25 | DEBUG    | nvd_fetch | Fetching NVD page: startIndex=0, resultsPerPage=200
2026-07-02 22:48:25 | DEBUG    | nvd_fetch | Specific CVE: CVE-2025-48384
2026-07-02 22:48:25 | INFO     | nvd_fetch | Successfully fetched page at index 0, got 1 CVEs
2026-07-02 22:48:31 | DEBUG    | nvd_fetch | Fetching NVD page: startIndex=0, resultsPerPage=200
2026-07-02 22:48:31 | DEBUG    | nvd_fetch | Specific CVE: CVE-2024-8068
2026-07-02 22:48:32 | INFO     | nvd_fetch | Successfully fetched page at index 0, got 1 CVEs
2026-07-02 22:48:38 | DEBUG    | nvd_fetch | Fetching NVD page: startIndex=0, resultsPerPage=200
2026-07-02 22:48:38 | DEBUG    | nvd_fetch | Specific CVE: CVE-2024-8069
2026-07-02 22:48:39 | INFO     | nvd_fetch | Successfully fetched page at index 0, got 1 CVEs
2026-07-02 22:48:45 | DEBUG    | nvd_fetch | Fetching NVD page: startIndex=0, resultsPerPage=200
2026-07-02 22:48:45 | DEBUG    | nvd_fetch | Specific CVE: CVE-2025-43300
2026-07-02 22:48:45 | INFO     | nvd_fetch | Successfully fetched page at index 0, got 1 CVEs
2026-07-02 22:48:52 | DEBUG    | nvd_fetch | Fetching NVD page: startIndex=0, resultsPerPage=200
2026-07-02 22:48:52 | DEBUG    | nvd_fetch | Specific CVE: CVE-2025-54948
2026-07-02 22:48:52 | INFO     | nvd_fetch | Successfully fetched page at index 0, got 1 CVEs
2026-07-02 22:48:59 | DEBUG    | nvd_fetch | Fetching NVD page: startIndex=0, resultsPerPage=200
2026-07-02 22:48:59 | DEBUG    | nvd_fetch | Specific CVE: CVE-2025-8876
2026-07-02 22:48:59 | INFO     | nvd_fetch | Successfully fetched page at index 0, got 1 CVEs
2026-07-02 22:49:06 | DEBUG    | nvd_fetch | Fetching NVD page: startIndex=0, resultsPerPage=200
2026-07-02 22:49:06 | DEBUG    | nvd_fetch | Specific CVE: CVE-2025-8875
2026-07-02 22:49:06 | INFO     | nvd_fetch | Successfully fetched page at index 0, got 1 CVEs
2026-07-02 22:49:12 | DEBUG    | nvd_fetch | Fetching NVD page: startIndex=0, resultsPerPage=200
2026-07-02 22:49:12 | DEBUG    | nvd_fetch | Specific CVE: CVE-2025-8088
2026-07-02 22:49:13 | INFO     | nvd_fetch | Successfully fetched page at index 0, got 1 CVEs
2026-07-02 22:49:19 | DEBUG    | nvd_fetch | Fetching NVD page: startIndex=0, resultsPerPage=200
2026-07-02 22:49:19 | DEBUG    | nvd_fetch | Specific CVE: CVE-2007-0671
2026-07-02 22:49:20 | INFO     | nvd_fetch | Successfully fetched page at index 0, got 1 CVEs
2026-07-02 22:49:26 | DEBUG    | nvd_fetch | Fetching NVD page: startIndex=0, resultsPerPage=200
2026-07-02 22:49:26 | DEBUG    | nvd_fetch | Specific CVE: CVE-2013-3893
2026-07-02 22:49:26 | INFO     | nvd_fetch | Successfully fetched page at index 0, got 1 CVEs
2026-07-02 22:49:33 | DEBUG    | nvd_fetch | Fetching NVD page: startIndex=0, resultsPerPage=200
2026-07-02 22:49:33 | DEBUG    | nvd_fetch | Specific CVE: CVE-2020-25078
2026-07-02 22:49:34 | INFO     | nvd_fetch | Successfully fetched page at index 0, got 1 CVEs
2026-07-02 22:49:41 | DEBUG    | nvd_fetch | Fetching NVD page: startIndex=0, resultsPerPage=200
2026-07-02 22:49:41 | DEBUG    | nvd_fetch | Specific CVE: CVE-2020-25079
2026-07-02 22:49:41 | INFO     | nvd_fetch | Successfully fetched page at index 0, got 1 CVEs
2026-07-02 22:49:48 | DEBUG    | nvd_fetch | Fetching NVD page: startIndex=0, resultsPerPage=200
2026-07-02 22:49:48 | DEBUG    | nvd_fetch | Specific CVE: CVE-2022-40799
2026-07-02 22:49:48 | INFO     | nvd_fetch | Successfully fetched page at index 0, got 1 CVEs
2026-07-02 22:49:54 | DEBUG    | nvd_fetch | Fetching NVD page: startIndex=0, resultsPerPage=200
2026-07-02 22:49:54 | DEBUG    | nvd_fetch | Specific CVE: CVE-2023-2533
2026-07-02 22:49:55 | INFO     | nvd_fetch | Successfully fetched page at index 0, got 1 CVEs
2026-07-02 22:50:01 | DEBUG    | nvd_fetch | Fetching NVD page: startIndex=0, resultsPerPage=200
2026-07-02 22:50:01 | DEBUG    | nvd_fetch | Specific CVE: CVE-2025-20337
2026-07-02 22:50:01 | INFO     | nvd_fetch | Successfully fetched page at index 0, got 1 CVEs
2026-07-02 22:50:08 | DEBUG    | nvd_fetch | Fetching NVD page: startIndex=0, resultsPerPage=200
2026-07-02 22:50:08 | DEBUG    | nvd_fetch | Specific CVE: CVE-2025-20281
2026-07-02 22:50:08 | INFO     | nvd_fetch | Successfully fetched page at index 0, got 1 CVEs
2026-07-02 22:50:15 | DEBUG    | nvd_fetch | Fetching NVD page: startIndex=0, resultsPerPage=200
2026-07-02 22:50:15 | DEBUG    | nvd_fetch | Specific CVE: CVE-2025-2775
2026-07-02 22:50:15 | INFO     | nvd_fetch | Successfully fetched page at index 0, got 1 CVEs
2026-07-02 22:50:21 | DEBUG    | nvd_fetch | Fetching NVD page: startIndex=0, resultsPerPage=200
2026-07-02 22:50:21 | DEBUG    | nvd_fetch | Specific CVE: CVE-2025-2776
2026-07-02 22:50:22 | INFO     | nvd_fetch | Successfully fetched page at index 0, got 1 CVEs
2026-07-02 22:50:28 | DEBUG    | nvd_fetch | Fetching NVD page: startIndex=0, resultsPerPage=200
2026-07-02 22:50:28 | DEBUG    | nvd_fetch | Specific CVE: CVE-2025-6558
2026-07-02 22:50:28 | INFO     | nvd_fetch | Successfully fetched page at index 0, got 1 CVEs
2026-07-02 22:50:35 | DEBUG    | nvd_fetch | Fetching NVD page: startIndex=0, resultsPerPage=200
2026-07-02 22:50:35 | DEBUG    | nvd_fetch | Specific CVE: CVE-2025-54309
2026-07-02 22:50:35 | INFO     | nvd_fetch | Successfully fetched page at index 0, got 1 CVEs
2026-07-02 22:50:42 | DEBUG    | nvd_fetch | Fetching NVD page: startIndex=0, resultsPerPage=200
2026-07-02 22:50:42 | DEBUG    | nvd_fetch | Specific CVE: CVE-2025-49704
2026-07-02 22:50:42 | INFO     | nvd_fetch | Successfully fetched page at index 0, got 1 CVEs
2026-07-02 22:50:49 | DEBUG    | nvd_fetch | Fetching NVD page: startIndex=0, resultsPerPage=200
2026-07-02 22:50:49 | DEBUG    | nvd_fetch | Specific CVE: CVE-2025-49706
2026-07-02 22:50:49 | INFO     | nvd_fetch | Successfully fetched page at index 0, got 1 CVEs
2026-07-02 22:50:55 | DEBUG    | nvd_fetch | Fetching NVD page: startIndex=0, resultsPerPage=200
2026-07-02 22:50:55 | DEBUG    | nvd_fetch | Specific CVE: CVE-2025-53770
2026-07-02 22:50:56 | INFO     | nvd_fetch | Successfully fetched page at index 0, got 1 CVEs
2026-07-02 22:51:02 | DEBUG    | nvd_fetch | Fetching NVD page: startIndex=0, resultsPerPage=200
2026-07-02 22:51:02 | DEBUG    | nvd_fetch | Specific CVE: CVE-2025-25257
2026-07-02 22:51:02 | INFO     | nvd_fetch | Successfully fetched page at index 0, got 1 CVEs
2026-07-02 22:51:09 | DEBUG    | nvd_fetch | Fetching NVD page: startIndex=0, resultsPerPage=200
2026-07-02 22:51:09 | DEBUG    | nvd_fetch | Specific CVE: CVE-2025-47812
2026-07-02 22:51:09 | INFO     | nvd_fetch | Successfully fetched page at index 0, got 1 CVEs
2026-07-02 22:51:16 | DEBUG    | nvd_fetch | Fetching NVD page: startIndex=0, resultsPerPage=200
2026-07-02 22:51:16 | DEBUG    | nvd_fetch | Specific CVE: CVE-2025-5777
2026-07-02 22:51:16 | INFO     | nvd_fetch | Successfully fetched page at index 0, got 1 CVEs
2026-07-02 22:51:23 | DEBUG    | nvd_fetch | Fetching NVD page: startIndex=0, resultsPerPage=200
2026-07-02 22:51:23 | DEBUG    | nvd_fetch | Specific CVE: CVE-2019-9621
2026-07-02 22:51:23 | INFO     | nvd_fetch | Successfully fetched page at index 0, got 1 CVEs
2026-07-02 22:51:29 | DEBUG    | nvd_fetch | Fetching NVD page: startIndex=0, resultsPerPage=200
2026-07-02 22:51:29 | DEBUG    | nvd_fetch | Specific CVE: CVE-2019-5418
2026-07-02 22:51:30 | INFO     | nvd_fetch | Successfully fetched page at index 0, got 1 CVEs
2026-07-02 22:51:36 | DEBUG    | nvd_fetch | Fetching NVD page: startIndex=0, resultsPerPage=200
2026-07-02 22:51:36 | DEBUG    | nvd_fetch | Specific CVE: CVE-2016-10033
2026-07-02 22:51:37 | INFO     | nvd_fetch | Successfully fetched page at index 0, got 1 CVEs
2026-07-02 22:51:44 | DEBUG    | nvd_fetch | Fetching NVD page: startIndex=0, resultsPerPage=200
2026-07-02 22:51:44 | DEBUG    | nvd_fetch | Specific CVE: CVE-2014-3931
2026-07-02 22:51:44 | INFO     | nvd_fetch | Successfully fetched page at index 0, got 1 CVEs
2026-07-02 22:51:50 | DEBUG    | nvd_fetch | Fetching NVD page: startIndex=0, resultsPerPage=200
2026-07-02 22:51:50 | DEBUG    | nvd_fetch | Specific CVE: CVE-2025-6554
2026-07-02 22:51:51 | INFO     | nvd_fetch | Successfully fetched page at index 0, got 1 CVEs
2026-07-02 22:51:57 | DEBUG    | nvd_fetch | Fetching NVD page: startIndex=0, resultsPerPage=200
2026-07-02 22:51:57 | DEBUG    | nvd_fetch | Specific CVE: CVE-2025-48928
2026-07-02 22:51:57 | INFO     | nvd_fetch | Successfully fetched page at index 0, got 1 CVEs
2026-07-02 22:52:04 | DEBUG    | nvd_fetch | Fetching NVD page: startIndex=0, resultsPerPage=200
2026-07-02 22:52:04 | DEBUG    | nvd_fetch | Specific CVE: CVE-2025-48927
2026-07-02 22:52:04 | INFO     | nvd_fetch | Successfully fetched page at index 0, got 1 CVEs
2026-07-02 22:52:11 | DEBUG    | nvd_fetch | Fetching NVD page: startIndex=0, resultsPerPage=200
2026-07-02 22:52:11 | DEBUG    | nvd_fetch | Specific CVE: CVE-2025-6543
2026-07-02 22:52:11 | INFO     | nvd_fetch | Successfully fetched page at index 0, got 1 CVEs
2026-07-02 22:52:18 | DEBUG    | nvd_fetch | Fetching NVD page: startIndex=0, resultsPerPage=200
2026-07-02 22:52:18 | DEBUG    | nvd_fetch | Specific CVE: CVE-2019-6693
2026-07-02 22:52:18 | INFO     | nvd_fetch | Successfully fetched page at index 0, got 1 CVEs
2026-07-02 22:52:24 | DEBUG    | nvd_fetch | Fetching NVD page: startIndex=0, resultsPerPage=200
2026-07-02 22:52:24 | DEBUG    | nvd_fetch | Specific CVE: CVE-2024-0769
2026-07-02 22:52:25 | INFO     | nvd_fetch | Successfully fetched page at index 0, got 1 CVEs
2026-07-02 22:52:31 | DEBUG    | nvd_fetch | Fetching NVD page: startIndex=0, resultsPerPage=200
2026-07-02 22:52:31 | DEBUG    | nvd_fetch | Specific CVE: CVE-2024-54085
2026-07-02 22:52:32 | INFO     | nvd_fetch | Successfully fetched page at index 0, got 1 CVEs
2026-07-02 22:52:39 | DEBUG    | nvd_fetch | Fetching NVD page: startIndex=0, resultsPerPage=200
2026-07-02 22:52:39 | DEBUG    | nvd_fetch | Specific CVE: CVE-2023-0386
2026-07-02 22:52:39 | INFO     | nvd_fetch | Successfully fetched page at index 0, got 1 CVEs
2026-07-02 22:52:46 | DEBUG    | nvd_fetch | Fetching NVD page: startIndex=0, resultsPerPage=200
2026-07-02 22:52:46 | DEBUG    | nvd_fetch | Specific CVE: CVE-2023-33538
2026-07-02 22:52:46 | INFO     | nvd_fetch | Successfully fetched page at index 0, got 1 CVEs
2026-07-02 22:52:53 | DEBUG    | nvd_fetch | Fetching NVD page: startIndex=0, resultsPerPage=200
2026-07-02 22:52:53 | DEBUG    | nvd_fetch | Specific CVE: CVE-2025-43200
2026-07-02 22:52:53 | INFO     | nvd_fetch | Successfully fetched page at index 0, got 1 CVEs
2026-07-02 22:52:59 | DEBUG    | nvd_fetch | Fetching NVD page: startIndex=0, resultsPerPage=200
2026-07-02 22:52:59 | DEBUG    | nvd_fetch | Specific CVE: CVE-2025-33053
2026-07-02 22:53:00 | INFO     | nvd_fetch | Successfully fetched page at index 0, got 1 CVEs
2026-07-02 22:53:06 | DEBUG    | nvd_fetch | Fetching NVD page: startIndex=0, resultsPerPage=200
2026-07-02 22:53:06 | DEBUG    | nvd_fetch | Specific CVE: CVE-2025-24016
2026-07-02 22:53:07 | INFO     | nvd_fetch | Successfully fetched page at index 0, got 1 CVEs
2026-07-02 22:53:13 | DEBUG    | nvd_fetch | Fetching NVD page: startIndex=0, resultsPerPage=200
2026-07-02 22:53:13 | DEBUG    | nvd_fetch | Specific CVE: CVE-2024-42009
2026-07-02 22:53:13 | INFO     | nvd_fetch | Successfully fetched page at index 0, got 1 CVEs
2026-07-02 22:53:20 | DEBUG    | nvd_fetch | Fetching NVD page: startIndex=0, resultsPerPage=200
2026-07-02 22:53:20 | DEBUG    | nvd_fetch | Specific CVE: CVE-2025-32433
2026-07-02 22:53:20 | INFO     | nvd_fetch | Successfully fetched page at index 0, got 1 CVEs
2026-07-02 22:53:27 | DEBUG    | nvd_fetch | Fetching NVD page: startIndex=0, resultsPerPage=200
2026-07-02 22:53:27 | DEBUG    | nvd_fetch | Specific CVE: CVE-2025-5419
2026-07-02 22:53:27 | INFO     | nvd_fetch | Successfully fetched page at index 0, got 1 CVEs
2026-07-02 22:53:33 | DEBUG    | nvd_fetch | Fetching NVD page: startIndex=0, resultsPerPage=200
2026-07-02 22:53:33 | DEBUG    | nvd_fetch | Specific CVE: CVE-2025-21479
2026-07-02 22:53:34 | INFO     | nvd_fetch | Successfully fetched page at index 0, got 1 CVEs
2026-07-02 22:53:40 | DEBUG    | nvd_fetch | Fetching NVD page: startIndex=0, resultsPerPage=200
2026-07-02 22:53:40 | DEBUG    | nvd_fetch | Specific CVE: CVE-2025-21480
2026-07-02 22:53:41 | INFO     | nvd_fetch | Successfully fetched page at index 0, got 1 CVEs
2026-07-02 22:53:47 | DEBUG    | nvd_fetch | Fetching NVD page: startIndex=0, resultsPerPage=200
2026-07-02 22:53:47 | DEBUG    | nvd_fetch | Specific CVE: CVE-2025-27038
2026-07-02 22:53:47 | INFO     | nvd_fetch | Successfully fetched page at index 0, got 1 CVEs
2026-07-02 22:53:54 | DEBUG    | nvd_fetch | Fetching NVD page: startIndex=0, resultsPerPage=200
2026-07-02 22:53:54 | DEBUG    | nvd_fetch | Specific CVE: CVE-2021-32030
2026-07-02 22:53:54 | INFO     | nvd_fetch | Successfully fetched page at index 0, got 1 CVEs
2026-07-02 22:54:01 | DEBUG    | nvd_fetch | Fetching NVD page: startIndex=0, resultsPerPage=200
2026-07-02 22:54:01 | DEBUG    | nvd_fetch | Specific CVE: CVE-2025-3935
2026-07-02 22:54:01 | INFO     | nvd_fetch | Successfully fetched page at index 0, got 1 CVEs
2026-07-02 22:54:08 | DEBUG    | nvd_fetch | Fetching NVD page: startIndex=0, resultsPerPage=200
2026-07-02 22:54:08 | DEBUG    | nvd_fetch | Specific CVE: CVE-2025-35939
2026-07-02 22:54:08 | INFO     | nvd_fetch | Successfully fetched page at index 0, got 1 CVEs
2026-07-02 22:54:21 | DEBUG    | nvd_fetch | Fetching NVD page: startIndex=0, resultsPerPage=200
2026-07-02 22:54:21 | DEBUG    | nvd_fetch | Specific CVE: CVE-2026-45659
2026-07-02 22:54:23 | INFO     | nvd_fetch | Successfully fetched page at index 0, got 1 CVEs
2026-07-02 22:54:30 | DEBUG    | nvd_fetch | Fetching NVD page: startIndex=0, resultsPerPage=200
2026-07-02 22:54:30 | DEBUG    | nvd_fetch | Specific CVE: CVE-2026-48558
2026-07-02 22:54:30 | INFO     | nvd_fetch | Successfully fetched page at index 0, got 1 CVEs
2026-07-02 22:54:37 | DEBUG    | nvd_fetch | Fetching NVD page: startIndex=0, resultsPerPage=200
2026-07-02 22:54:37 | DEBUG    | nvd_fetch | Specific CVE: CVE-2026-12569
2026-07-02 22:54:37 | INFO     | nvd_fetch | Successfully fetched page at index 0, got 1 CVEs
2026-07-02 22:54:44 | DEBUG    | nvd_fetch | Fetching NVD page: startIndex=0, resultsPerPage=200
2026-07-02 22:54:44 | DEBUG    | nvd_fetch | Specific CVE: CVE-2026-20230
2026-07-02 22:54:44 | INFO     | nvd_fetch | Successfully fetched page at index 0, got 1 CVEs
2026-07-02 22:54:50 | DEBUG    | nvd_fetch | Fetching NVD page: startIndex=0, resultsPerPage=200
2026-07-02 22:54:50 | DEBUG    | nvd_fetch | Specific CVE: CVE-2025-67038
2026-07-02 22:54:51 | INFO     | nvd_fetch | Successfully fetched page at index 0, got 1 CVEs
2026-07-02 22:54:57 | DEBUG    | nvd_fetch | Fetching NVD page: startIndex=0, resultsPerPage=200
2026-07-02 22:54:57 | DEBUG    | nvd_fetch | Specific CVE: CVE-2026-34910
2026-07-02 22:54:57 | INFO     | nvd_fetch | Successfully fetched page at index 0, got 1 CVEs
2026-07-02 22:55:04 | DEBUG    | nvd_fetch | Fetching NVD page: startIndex=0, resultsPerPage=200
2026-07-02 22:55:04 | DEBUG    | nvd_fetch | Specific CVE: CVE-2026-34909
2026-07-02 22:55:05 | INFO     | nvd_fetch | Successfully fetched page at index 0, got 1 CVEs
2026-07-02 22:55:12 | DEBUG    | nvd_fetch | Fetching NVD page: startIndex=0, resultsPerPage=200
2026-07-02 22:55:12 | DEBUG    | nvd_fetch | Specific CVE: CVE-2026-34908
2026-07-02 22:55:12 | INFO     | nvd_fetch | Successfully fetched page at index 0, got 1 CVEs
2026-07-02 22:55:19 | DEBUG    | nvd_fetch | Fetching NVD page: startIndex=0, resultsPerPage=200
2026-07-02 22:55:19 | DEBUG    | nvd_fetch | Specific CVE: CVE-2026-20253
2026-07-02 22:55:19 | INFO     | nvd_fetch | Successfully fetched page at index 0, got 1 CVEs
2026-07-02 22:55:25 | DEBUG    | nvd_fetch | Fetching NVD page: startIndex=0, resultsPerPage=200
2026-07-02 22:55:25 | DEBUG    | nvd_fetch | Specific CVE: CVE-2026-48907
2026-07-02 22:55:26 | INFO     | nvd_fetch | Successfully fetched page at index 0, got 1 CVEs
2026-07-02 22:55:32 | DEBUG    | nvd_fetch | Fetching NVD page: startIndex=0, resultsPerPage=200
2026-07-02 22:55:32 | DEBUG    | nvd_fetch | Specific CVE: CVE-2026-54420
2026-07-02 22:55:32 | INFO     | nvd_fetch | Successfully fetched page at index 0, got 1 CVEs
2026-07-02 22:55:39 | DEBUG    | nvd_fetch | Fetching NVD page: startIndex=0, resultsPerPage=200
2026-07-02 22:55:39 | DEBUG    | nvd_fetch | Specific CVE: CVE-2026-20262
2026-07-02 22:55:39 | INFO     | nvd_fetch | Successfully fetched page at index 0, got 1 CVEs
2026-07-02 22:55:46 | DEBUG    | nvd_fetch | Fetching NVD page: startIndex=0, resultsPerPage=200
2026-07-02 22:55:46 | DEBUG    | nvd_fetch | Specific CVE: CVE-2026-35273
2026-07-02 22:55:46 | INFO     | nvd_fetch | Successfully fetched page at index 0, got 1 CVEs
2026-07-02 22:55:52 | DEBUG    | nvd_fetch | Fetching NVD page: startIndex=0, resultsPerPage=200
2026-07-02 22:55:52 | DEBUG    | nvd_fetch | Specific CVE: CVE-2026-10520
2026-07-02 22:55:53 | INFO     | nvd_fetch | Successfully fetched page at index 0, got 1 CVEs
2026-07-02 22:55:59 | DEBUG    | nvd_fetch | Fetching NVD page: startIndex=0, resultsPerPage=200
2026-07-02 22:55:59 | DEBUG    | nvd_fetch | Specific CVE: CVE-2026-11645
2026-07-02 22:55:59 | INFO     | nvd_fetch | Successfully fetched page at index 0, got 1 CVEs
2026-07-02 22:56:06 | DEBUG    | nvd_fetch | Fetching NVD page: startIndex=0, resultsPerPage=200
2026-07-02 22:56:06 | DEBUG    | nvd_fetch | Specific CVE: CVE-2026-7473
2026-07-02 22:56:06 | INFO     | nvd_fetch | Successfully fetched page at index 0, got 1 CVEs
2026-07-02 22:56:13 | DEBUG    | nvd_fetch | Fetching NVD page: startIndex=0, resultsPerPage=200
2026-07-02 22:56:13 | DEBUG    | nvd_fetch | Specific CVE: CVE-2026-20245
2026-07-02 22:56:13 | INFO     | nvd_fetch | Successfully fetched page at index 0, got 1 CVEs
2026-07-02 22:56:19 | DEBUG    | nvd_fetch | Fetching NVD page: startIndex=0, resultsPerPage=200
2026-07-02 22:56:19 | DEBUG    | nvd_fetch | Specific CVE: CVE-2026-42271
2026-07-02 22:56:20 | INFO     | nvd_fetch | Successfully fetched page at index 0, got 1 CVEs
2026-07-02 22:56:26 | DEBUG    | nvd_fetch | Fetching NVD page: startIndex=0, resultsPerPage=200
2026-07-02 22:56:26 | DEBUG    | nvd_fetch | Specific CVE: CVE-2026-50751
2026-07-02 22:56:27 | INFO     | nvd_fetch | Successfully fetched page at index 0, got 1 CVEs
2026-07-02 22:56:33 | DEBUG    | nvd_fetch | Fetching NVD page: startIndex=0, resultsPerPage=200
2026-07-02 22:56:33 | DEBUG    | nvd_fetch | Specific CVE: CVE-2026-28318
2026-07-02 22:56:33 | INFO     | nvd_fetch | Successfully fetched page at index 0, got 1 CVEs
2026-07-02 22:56:40 | DEBUG    | nvd_fetch | Fetching NVD page: startIndex=0, resultsPerPage=200
2026-07-02 22:56:40 | DEBUG    | nvd_fetch | Specific CVE: CVE-2026-45247
2026-07-02 22:56:40 | INFO     | nvd_fetch | Successfully fetched page at index 0, got 1 CVEs
2026-07-02 22:56:47 | DEBUG    | nvd_fetch | Fetching NVD page: startIndex=0, resultsPerPage=200
2026-07-02 22:56:47 | DEBUG    | nvd_fetch | Specific CVE: CVE-2022-0492
2026-07-02 22:56:47 | INFO     | nvd_fetch | Successfully fetched page at index 0, got 1 CVEs
2026-07-02 22:56:54 | DEBUG    | nvd_fetch | Fetching NVD page: startIndex=0, resultsPerPage=200
2026-07-02 22:56:54 | DEBUG    | nvd_fetch | Specific CVE: CVE-2025-48595
2026-07-02 22:56:54 | INFO     | nvd_fetch | Successfully fetched page at index 0, got 1 CVEs
2026-07-02 22:57:00 | DEBUG    | nvd_fetch | Fetching NVD page: startIndex=0, resultsPerPage=200
2026-07-02 22:57:00 | DEBUG    | nvd_fetch | Specific CVE: CVE-2024-21182
2026-07-02 22:57:01 | INFO     | nvd_fetch | Successfully fetched page at index 0, got 1 CVEs
2026-07-02 22:57:07 | DEBUG    | nvd_fetch | Fetching NVD page: startIndex=0, resultsPerPage=200
2026-07-02 22:57:07 | DEBUG    | nvd_fetch | Specific CVE: CVE-2026-0257
2026-07-02 22:57:07 | INFO     | nvd_fetch | Successfully fetched page at index 0, got 1 CVEs
2026-07-02 22:57:14 | DEBUG    | nvd_fetch | Fetching NVD page: startIndex=0, resultsPerPage=200
2026-07-02 22:57:14 | DEBUG    | nvd_fetch | Specific CVE: CVE-2026-48027
2026-07-02 22:57:14 | INFO     | nvd_fetch | Successfully fetched page at index 0, got 1 CVEs
2026-07-02 22:57:21 | DEBUG    | nvd_fetch | Fetching NVD page: startIndex=0, resultsPerPage=200
2026-07-02 22:57:21 | DEBUG    | nvd_fetch | Specific CVE: CVE-2026-45321
2026-07-02 22:57:21 | INFO     | nvd_fetch | Successfully fetched page at index 0, got 1 CVEs
2026-07-02 22:57:28 | DEBUG    | nvd_fetch | Fetching NVD page: startIndex=0, resultsPerPage=200
2026-07-02 22:57:28 | DEBUG    | nvd_fetch | Specific CVE: CVE-2026-8398
2026-07-02 22:57:28 | INFO     | nvd_fetch | Successfully fetched page at index 0, got 1 CVEs
2026-07-02 22:57:35 | DEBUG    | nvd_fetch | Fetching NVD page: startIndex=0, resultsPerPage=200
2026-07-02 22:57:35 | DEBUG    | nvd_fetch | Specific CVE: CVE-2026-48172
2026-07-02 22:57:35 | INFO     | nvd_fetch | Successfully fetched page at index 0, got 1 CVEs
2026-07-02 22:57:42 | DEBUG    | nvd_fetch | Fetching NVD page: startIndex=0, resultsPerPage=200
2026-07-02 22:57:42 | DEBUG    | nvd_fetch | Specific CVE: CVE-2026-9082
2026-07-02 22:57:42 | INFO     | nvd_fetch | Successfully fetched page at index 0, got 1 CVEs
2026-07-02 22:57:48 | DEBUG    | nvd_fetch | Fetching NVD page: startIndex=0, resultsPerPage=200
2026-07-02 22:57:48 | DEBUG    | nvd_fetch | Specific CVE: CVE-2025-34291
2026-07-02 22:57:49 | INFO     | nvd_fetch | Successfully fetched page at index 0, got 1 CVEs
2026-07-02 22:57:55 | DEBUG    | nvd_fetch | Fetching NVD page: startIndex=0, resultsPerPage=200
2026-07-02 22:57:55 | DEBUG    | nvd_fetch | Specific CVE: CVE-2026-34926
2026-07-02 22:57:56 | INFO     | nvd_fetch | Successfully fetched page at index 0, got 1 CVEs
2026-07-02 22:58:02 | DEBUG    | nvd_fetch | Fetching NVD page: startIndex=0, resultsPerPage=200
2026-07-02 22:58:02 | DEBUG    | nvd_fetch | Specific CVE: CVE-2008-4250
2026-07-02 22:58:03 | INFO     | nvd_fetch | Successfully fetched page at index 0, got 1 CVEs
2026-07-02 22:58:09 | DEBUG    | nvd_fetch | Fetching NVD page: startIndex=0, resultsPerPage=200
2026-07-02 22:58:09 | DEBUG    | nvd_fetch | Specific CVE: CVE-2009-1537
2026-07-02 22:58:09 | INFO     | nvd_fetch | Successfully fetched page at index 0, got 1 CVEs
2026-07-02 22:58:16 | DEBUG    | nvd_fetch | Fetching NVD page: startIndex=0, resultsPerPage=200
2026-07-02 22:58:16 | DEBUG    | nvd_fetch | Specific CVE: CVE-2009-3459
2026-07-02 22:58:16 | INFO     | nvd_fetch | Successfully fetched page at index 0, got 1 CVEs
2026-07-02 22:58:22 | DEBUG    | nvd_fetch | Fetching NVD page: startIndex=0, resultsPerPage=200
2026-07-02 22:58:23 | DEBUG    | nvd_fetch | Specific CVE: CVE-2010-0249
2026-07-02 22:58:23 | INFO     | nvd_fetch | Successfully fetched page at index 0, got 1 CVEs
2026-07-02 22:58:29 | DEBUG    | nvd_fetch | Fetching NVD page: startIndex=0, resultsPerPage=200
2026-07-02 22:58:29 | DEBUG    | nvd_fetch | Specific CVE: CVE-2010-0806
2026-07-02 22:58:30 | INFO     | nvd_fetch | Successfully fetched page at index 0, got 1 CVEs
2026-07-02 22:58:37 | DEBUG    | nvd_fetch | Fetching NVD page: startIndex=0, resultsPerPage=200
2026-07-02 22:58:37 | DEBUG    | nvd_fetch | Specific CVE: CVE-2026-41091
2026-07-02 22:58:37 | INFO     | nvd_fetch | Successfully fetched page at index 0, got 1 CVEs
2026-07-02 22:58:43 | DEBUG    | nvd_fetch | Fetching NVD page: startIndex=0, resultsPerPage=200
2026-07-02 22:58:43 | DEBUG    | nvd_fetch | Specific CVE: CVE-2026-45498
2026-07-02 22:58:44 | INFO     | nvd_fetch | Successfully fetched page at index 0, got 1 CVEs
2026-07-02 22:58:51 | DEBUG    | nvd_fetch | Fetching NVD page: startIndex=0, resultsPerPage=200
2026-07-02 22:58:51 | DEBUG    | nvd_fetch | Specific CVE: CVE-2026-42897
2026-07-02 22:58:51 | INFO     | nvd_fetch | Successfully fetched page at index 0, got 1 CVEs
2026-07-02 22:58:57 | DEBUG    | nvd_fetch | Fetching NVD page: startIndex=0, resultsPerPage=200
2026-07-02 22:58:57 | DEBUG    | nvd_fetch | Specific CVE: CVE-2026-20182
2026-07-02 22:58:58 | INFO     | nvd_fetch | Successfully fetched page at index 0, got 1 CVEs
2026-07-02 22:59:04 | DEBUG    | nvd_fetch | Fetching NVD page: startIndex=0, resultsPerPage=200
2026-07-02 22:59:04 | DEBUG    | nvd_fetch | Specific CVE: CVE-2026-42208
2026-07-02 22:59:05 | INFO     | nvd_fetch | Successfully fetched page at index 0, got 1 CVEs
2026-07-02 22:59:11 | DEBUG    | nvd_fetch | Fetching NVD page: startIndex=0, resultsPerPage=200
2026-07-02 22:59:11 | DEBUG    | nvd_fetch | Specific CVE: CVE-2026-6973
2026-07-02 22:59:11 | INFO     | nvd_fetch | Successfully fetched page at index 0, got 1 CVEs
2026-07-02 22:59:18 | DEBUG    | nvd_fetch | Fetching NVD page: startIndex=0, resultsPerPage=200
2026-07-02 22:59:18 | DEBUG    | nvd_fetch | Specific CVE: CVE-2026-0300
2026-07-02 22:59:18 | INFO     | nvd_fetch | Successfully fetched page at index 0, got 1 CVEs
2026-07-02 22:59:25 | DEBUG    | nvd_fetch | Fetching NVD page: startIndex=0, resultsPerPage=200
2026-07-02 22:59:25 | DEBUG    | nvd_fetch | Specific CVE: CVE-2026-31431
2026-07-02 22:59:25 | INFO     | nvd_fetch | Successfully fetched page at index 0, got 1 CVEs
2026-07-02 22:59:31 | DEBUG    | nvd_fetch | Fetching NVD page: startIndex=0, resultsPerPage=200
2026-07-02 22:59:31 | DEBUG    | nvd_fetch | Specific CVE: CVE-2026-41940
2026-07-02 22:59:32 | INFO     | nvd_fetch | Successfully fetched page at index 0, got 1 CVEs
2026-07-02 22:59:38 | DEBUG    | nvd_fetch | Fetching NVD page: startIndex=0, resultsPerPage=200
2026-07-02 22:59:38 | DEBUG    | nvd_fetch | Specific CVE: CVE-2024-1708
2026-07-02 22:59:39 | INFO     | nvd_fetch | Successfully fetched page at index 0, got 1 CVEs
2026-07-02 22:59:45 | DEBUG    | nvd_fetch | Fetching NVD page: startIndex=0, resultsPerPage=200
2026-07-02 22:59:45 | DEBUG    | nvd_fetch | Specific CVE: CVE-2026-32202
2026-07-02 22:59:46 | INFO     | nvd_fetch | Successfully fetched page at index 0, got 1 CVEs
2026-07-02 22:59:52 | DEBUG    | nvd_fetch | Fetching NVD page: startIndex=0, resultsPerPage=200
2026-07-02 22:59:52 | DEBUG    | nvd_fetch | Specific CVE: CVE-2025-29635
2026-07-02 22:59:54 | INFO     | nvd_fetch | Successfully fetched page at index 0, got 1 CVEs
2026-07-02 23:00:00 | DEBUG    | nvd_fetch | Fetching NVD page: startIndex=0, resultsPerPage=200
2026-07-02 23:00:00 | DEBUG    | nvd_fetch | Specific CVE: CVE-2024-7399
2026-07-02 23:00:01 | INFO     | nvd_fetch | Successfully fetched page at index 0, got 1 CVEs
2026-07-02 23:00:08 | DEBUG    | nvd_fetch | Fetching NVD page: startIndex=0, resultsPerPage=200
2026-07-02 23:00:08 | DEBUG    | nvd_fetch | Specific CVE: CVE-2024-57728
2026-07-02 23:00:15 | INFO     | nvd_fetch | Successfully fetched page at index 0, got 1 CVEs
2026-07-02 23:00:21 | DEBUG    | nvd_fetch | Fetching NVD page: startIndex=0, resultsPerPage=200
2026-07-02 23:00:21 | DEBUG    | nvd_fetch | Specific CVE: CVE-2024-57726
2026-07-02 23:00:27 | INFO     | nvd_fetch | Successfully fetched page at index 0, got 1 CVEs
2026-07-02 23:00:34 | DEBUG    | nvd_fetch | Fetching NVD page: startIndex=0, resultsPerPage=200
2026-07-02 23:00:34 | DEBUG    | nvd_fetch | Specific CVE: CVE-2026-39987
2026-07-02 23:00:37 | INFO     | nvd_fetch | Successfully fetched page at index 0, got 1 CVEs
2026-07-02 23:00:43 | DEBUG    | nvd_fetch | Fetching NVD page: startIndex=0, resultsPerPage=200
2026-07-02 23:00:43 | DEBUG    | nvd_fetch | Specific CVE: CVE-2026-33825
2026-07-02 23:00:44 | INFO     | nvd_fetch | Successfully fetched page at index 0, got 1 CVEs
2026-07-02 23:00:50 | DEBUG    | nvd_fetch | Fetching NVD page: startIndex=0, resultsPerPage=200
2026-07-02 23:00:50 | DEBUG    | nvd_fetch | Specific CVE: CVE-2026-20122
2026-07-02 23:00:51 | INFO     | nvd_fetch | Successfully fetched page at index 0, got 1 CVEs
2026-07-02 23:00:57 | DEBUG    | nvd_fetch | Fetching NVD page: startIndex=0, resultsPerPage=200
2026-07-02 23:00:57 | DEBUG    | nvd_fetch | Specific CVE: CVE-2026-20133
2026-07-02 23:00:57 | INFO     | nvd_fetch | Successfully fetched page at index 0, got 1 CVEs
2026-07-02 23:01:04 | DEBUG    | nvd_fetch | Fetching NVD page: startIndex=0, resultsPerPage=200
2026-07-02 23:01:04 | DEBUG    | nvd_fetch | Specific CVE: CVE-2025-2749
2026-07-02 23:01:04 | INFO     | nvd_fetch | Successfully fetched page at index 0, got 1 CVEs
2026-07-02 23:01:11 | DEBUG    | nvd_fetch | Fetching NVD page: startIndex=0, resultsPerPage=200
2026-07-02 23:01:11 | DEBUG    | nvd_fetch | Specific CVE: CVE-2023-27351
2026-07-02 23:01:11 | INFO     | nvd_fetch | Successfully fetched page at index 0, got 1 CVEs
2026-07-02 23:01:17 | DEBUG    | nvd_fetch | Fetching NVD page: startIndex=0, resultsPerPage=200
2026-07-02 23:01:17 | DEBUG    | nvd_fetch | Specific CVE: CVE-2025-48700
2026-07-02 23:01:18 | INFO     | nvd_fetch | Successfully fetched page at index 0, got 1 CVEs
2026-07-02 23:01:24 | DEBUG    | nvd_fetch | Fetching NVD page: startIndex=0, resultsPerPage=200
2026-07-02 23:01:24 | DEBUG    | nvd_fetch | Specific CVE: CVE-2026-20128
2026-07-02 23:01:25 | INFO     | nvd_fetch | Successfully fetched page at index 0, got 1 CVEs
2026-07-02 23:01:31 | DEBUG    | nvd_fetch | Fetching NVD page: startIndex=0, resultsPerPage=200
2026-07-02 23:01:31 | DEBUG    | nvd_fetch | Specific CVE: CVE-2025-32975
2026-07-02 23:01:32 | INFO     | nvd_fetch | Successfully fetched page at index 0, got 1 CVEs
2026-07-02 23:01:38 | DEBUG    | nvd_fetch | Fetching NVD page: startIndex=0, resultsPerPage=200
2026-07-02 23:01:38 | DEBUG    | nvd_fetch | Specific CVE: CVE-2024-27199
2026-07-02 23:01:38 | INFO     | nvd_fetch | Successfully fetched page at index 0, got 1 CVEs
2026-07-02 23:01:45 | DEBUG    | nvd_fetch | Fetching NVD page: startIndex=0, resultsPerPage=200
2026-07-02 23:01:45 | DEBUG    | nvd_fetch | Specific CVE: CVE-2026-34197
2026-07-02 23:01:45 | INFO     | nvd_fetch | Successfully fetched page at index 0, got 1 CVEs
2026-07-02 23:01:52 | DEBUG    | nvd_fetch | Fetching NVD page: startIndex=0, resultsPerPage=200
2026-07-02 23:01:52 | DEBUG    | nvd_fetch | Specific CVE: CVE-2009-0238
2026-07-02 23:01:52 | INFO     | nvd_fetch | Successfully fetched page at index 0, got 1 CVEs
2026-07-02 23:01:58 | DEBUG    | nvd_fetch | Fetching NVD page: startIndex=0, resultsPerPage=200
2026-07-02 23:01:58 | DEBUG    | nvd_fetch | Specific CVE: CVE-2026-32201
2026-07-02 23:01:59 | INFO     | nvd_fetch | Successfully fetched page at index 0, got 1 CVEs
2026-07-02 23:02:05 | DEBUG    | nvd_fetch | Fetching NVD page: startIndex=0, resultsPerPage=200
2026-07-02 23:02:05 | DEBUG    | nvd_fetch | Specific CVE: CVE-2012-1854
2026-07-02 23:02:05 | INFO     | nvd_fetch | Successfully fetched page at index 0, got 1 CVEs
2026-07-02 23:02:12 | DEBUG    | nvd_fetch | Fetching NVD page: startIndex=0, resultsPerPage=200
2026-07-02 23:02:12 | DEBUG    | nvd_fetch | Specific CVE: CVE-2025-60710
2026-07-02 23:02:13 | INFO     | nvd_fetch | Successfully fetched page at index 0, got 1 CVEs
2026-07-02 23:02:19 | DEBUG    | nvd_fetch | Fetching NVD page: startIndex=0, resultsPerPage=200
2026-07-02 23:02:19 | DEBUG    | nvd_fetch | Specific CVE: CVE-2023-21529
2026-07-02 23:02:20 | INFO     | nvd_fetch | Successfully fetched page at index 0, got 1 CVEs
2026-07-02 23:02:26 | DEBUG    | nvd_fetch | Fetching NVD page: startIndex=0, resultsPerPage=200
2026-07-02 23:02:26 | DEBUG    | nvd_fetch | Specific CVE: CVE-2023-36424
2026-07-02 23:02:26 | INFO     | nvd_fetch | Successfully fetched page at index 0, got 1 CVEs
2026-07-02 23:02:33 | DEBUG    | nvd_fetch | Fetching NVD page: startIndex=0, resultsPerPage=200
2026-07-02 23:02:33 | DEBUG    | nvd_fetch | Specific CVE: CVE-2020-9715
2026-07-02 23:02:33 | INFO     | nvd_fetch | Successfully fetched page at index 0, got 1 CVEs
2026-07-02 23:02:40 | DEBUG    | nvd_fetch | Fetching NVD page: startIndex=0, resultsPerPage=200
2026-07-02 23:02:40 | DEBUG    | nvd_fetch | Specific CVE: CVE-2026-21643
2026-07-02 23:02:40 | INFO     | nvd_fetch | Successfully fetched page at index 0, got 1 CVEs
2026-07-02 23:02:47 | DEBUG    | nvd_fetch | Fetching NVD page: startIndex=0, resultsPerPage=200
2026-07-02 23:02:47 | DEBUG    | nvd_fetch | Specific CVE: CVE-2026-34621
2026-07-02 23:02:47 | INFO     | nvd_fetch | Successfully fetched page at index 0, got 1 CVEs
2026-07-02 23:02:53 | DEBUG    | nvd_fetch | Fetching NVD page: startIndex=0, resultsPerPage=200
2026-07-02 23:02:53 | DEBUG    | nvd_fetch | Specific CVE: CVE-2026-1340
2026-07-02 23:02:54 | INFO     | nvd_fetch | Successfully fetched page at index 0, got 1 CVEs
2026-07-02 23:03:00 | DEBUG    | nvd_fetch | Fetching NVD page: startIndex=0, resultsPerPage=200
2026-07-02 23:03:00 | DEBUG    | nvd_fetch | Specific CVE: CVE-2026-35616
2026-07-02 23:03:00 | INFO     | nvd_fetch | Successfully fetched page at index 0, got 1 CVEs
2026-07-02 23:03:07 | DEBUG    | nvd_fetch | Fetching NVD page: startIndex=0, resultsPerPage=200
2026-07-02 23:03:07 | DEBUG    | nvd_fetch | Specific CVE: CVE-2026-3502
2026-07-02 23:03:07 | INFO     | nvd_fetch | Successfully fetched page at index 0, got 1 CVEs
2026-07-02 23:03:14 | DEBUG    | nvd_fetch | Fetching NVD page: startIndex=0, resultsPerPage=200
2026-07-02 23:03:14 | DEBUG    | nvd_fetch | Specific CVE: CVE-2026-5281
2026-07-02 23:03:14 | INFO     | nvd_fetch | Successfully fetched page at index 0, got 1 CVEs
2026-07-02 23:03:21 | DEBUG    | nvd_fetch | Fetching NVD page: startIndex=0, resultsPerPage=200
2026-07-02 23:03:21 | DEBUG    | nvd_fetch | Specific CVE: CVE-2026-3055
2026-07-02 23:03:21 | INFO     | nvd_fetch | Successfully fetched page at index 0, got 1 CVEs
2026-07-02 23:03:28 | DEBUG    | nvd_fetch | Fetching NVD page: startIndex=0, resultsPerPage=200
2026-07-02 23:03:28 | DEBUG    | nvd_fetch | Specific CVE: CVE-2025-53521
2026-07-02 23:03:28 | INFO     | nvd_fetch | Successfully fetched page at index 0, got 1 CVEs
2026-07-02 23:03:35 | DEBUG    | nvd_fetch | Fetching NVD page: startIndex=0, resultsPerPage=200
2026-07-02 23:03:35 | DEBUG    | nvd_fetch | Specific CVE: CVE-2026-33634
2026-07-02 23:03:35 | INFO     | nvd_fetch | Successfully fetched page at index 0, got 1 CVEs
2026-07-02 23:03:42 | DEBUG    | nvd_fetch | Fetching NVD page: startIndex=0, resultsPerPage=200
2026-07-02 23:03:42 | DEBUG    | nvd_fetch | Specific CVE: CVE-2026-33017
2026-07-02 23:03:42 | INFO     | nvd_fetch | Successfully fetched page at index 0, got 1 CVEs
2026-07-02 23:03:48 | DEBUG    | nvd_fetch | Fetching NVD page: startIndex=0, resultsPerPage=200
2026-07-02 23:03:48 | DEBUG    | nvd_fetch | Specific CVE: CVE-2025-32432
2026-07-02 23:03:49 | INFO     | nvd_fetch | Successfully fetched page at index 0, got 1 CVEs
2026-07-02 23:03:55 | DEBUG    | nvd_fetch | Fetching NVD page: startIndex=0, resultsPerPage=200
2026-07-02 23:03:55 | DEBUG    | nvd_fetch | Specific CVE: CVE-2025-54068
2026-07-02 23:03:56 | INFO     | nvd_fetch | Successfully fetched page at index 0, got 1 CVEs
2026-07-02 23:04:02 | DEBUG    | nvd_fetch | Fetching NVD page: startIndex=0, resultsPerPage=200
2026-07-02 23:04:02 | DEBUG    | nvd_fetch | Specific CVE: CVE-2025-43510
2026-07-02 23:04:03 | INFO     | nvd_fetch | Successfully fetched page at index 0, got 1 CVEs
2026-07-02 23:04:09 | DEBUG    | nvd_fetch | Fetching NVD page: startIndex=0, resultsPerPage=200
2026-07-02 23:04:09 | DEBUG    | nvd_fetch | Specific CVE: CVE-2025-43520
2026-07-02 23:04:10 | INFO     | nvd_fetch | Successfully fetched page at index 0, got 1 CVEs
2026-07-02 23:04:16 | DEBUG    | nvd_fetch | Fetching NVD page: startIndex=0, resultsPerPage=200
2026-07-02 23:04:16 | DEBUG    | nvd_fetch | Specific CVE: CVE-2025-31277
2026-07-02 23:04:16 | INFO     | nvd_fetch | Successfully fetched page at index 0, got 1 CVEs
2026-07-02 23:04:23 | DEBUG    | nvd_fetch | Fetching NVD page: startIndex=0, resultsPerPage=200
2026-07-02 23:04:23 | DEBUG    | nvd_fetch | Specific CVE: CVE-2026-20131
2026-07-02 23:04:23 | INFO     | nvd_fetch | Successfully fetched page at index 0, got 1 CVEs
2026-07-02 23:04:30 | DEBUG    | nvd_fetch | Fetching NVD page: startIndex=0, resultsPerPage=200
2026-07-02 23:04:30 | DEBUG    | nvd_fetch | Specific CVE: CVE-2025-66376
2026-07-02 23:04:30 | INFO     | nvd_fetch | Successfully fetched page at index 0, got 1 CVEs
2026-07-02 23:04:37 | DEBUG    | nvd_fetch | Fetching NVD page: startIndex=0, resultsPerPage=200
2026-07-02 23:04:37 | DEBUG    | nvd_fetch | Specific CVE: CVE-2026-20963
2026-07-02 23:04:37 | INFO     | nvd_fetch | Successfully fetched page at index 0, got 1 CVEs
2026-07-02 23:04:43 | DEBUG    | nvd_fetch | Fetching NVD page: startIndex=0, resultsPerPage=200
2026-07-02 23:04:43 | DEBUG    | nvd_fetch | Specific CVE: CVE-2025-47813
2026-07-02 23:04:44 | INFO     | nvd_fetch | Successfully fetched page at index 0, got 1 CVEs
2026-07-02 23:04:50 | DEBUG    | nvd_fetch | Fetching NVD page: startIndex=0, resultsPerPage=200
2026-07-02 23:04:50 | DEBUG    | nvd_fetch | Specific CVE: CVE-2026-3910
2026-07-02 23:04:51 | INFO     | nvd_fetch | Successfully fetched page at index 0, got 1 CVEs
2026-07-02 23:04:57 | DEBUG    | nvd_fetch | Fetching NVD page: startIndex=0, resultsPerPage=200
2026-07-02 23:04:57 | DEBUG    | nvd_fetch | Specific CVE: CVE-2026-3909
2026-07-02 23:04:57 | INFO     | nvd_fetch | Successfully fetched page at index 0, got 1 CVEs
2026-07-02 23:05:04 | DEBUG    | nvd_fetch | Fetching NVD page: startIndex=0, resultsPerPage=200
2026-07-02 23:05:04 | DEBUG    | nvd_fetch | Specific CVE: CVE-2025-68613
2026-07-02 23:05:04 | INFO     | nvd_fetch | Successfully fetched page at index 0, got 1 CVEs
2026-07-02 23:05:11 | DEBUG    | nvd_fetch | Fetching NVD page: startIndex=0, resultsPerPage=200
2026-07-02 23:05:11 | DEBUG    | nvd_fetch | Specific CVE: CVE-2021-22054
2026-07-02 23:05:11 | INFO     | nvd_fetch | Successfully fetched page at index 0, got 1 CVEs
2026-07-02 23:05:18 | DEBUG    | nvd_fetch | Fetching NVD page: startIndex=0, resultsPerPage=200
2026-07-02 23:05:18 | DEBUG    | nvd_fetch | Specific CVE: CVE-2025-26399
2026-07-02 23:05:18 | INFO     | nvd_fetch | Successfully fetched page at index 0, got 1 CVEs
2026-07-02 23:05:25 | DEBUG    | nvd_fetch | Fetching NVD page: startIndex=0, resultsPerPage=200
2026-07-02 23:05:25 | DEBUG    | nvd_fetch | Specific CVE: CVE-2026-1603
2026-07-02 23:05:25 | INFO     | nvd_fetch | Successfully fetched page at index 0, got 1 CVEs
2026-07-02 23:05:32 | DEBUG    | nvd_fetch | Fetching NVD page: startIndex=0, resultsPerPage=200
2026-07-02 23:05:32 | DEBUG    | nvd_fetch | Specific CVE: CVE-2017-7921
2026-07-02 23:05:32 | INFO     | nvd_fetch | Successfully fetched page at index 0, got 1 CVEs
2026-07-02 23:05:39 | DEBUG    | nvd_fetch | Fetching NVD page: startIndex=0, resultsPerPage=200
2026-07-02 23:05:39 | DEBUG    | nvd_fetch | Specific CVE: CVE-2021-22681
2026-07-02 23:05:39 | INFO     | nvd_fetch | Successfully fetched page at index 0, got 1 CVEs
2026-07-02 23:05:46 | DEBUG    | nvd_fetch | Fetching NVD page: startIndex=0, resultsPerPage=200
2026-07-02 23:05:46 | DEBUG    | nvd_fetch | Specific CVE: CVE-2023-43000
2026-07-02 23:05:46 | INFO     | nvd_fetch | Successfully fetched page at index 0, got 1 CVEs
2026-07-02 23:05:52 | DEBUG    | nvd_fetch | Fetching NVD page: startIndex=0, resultsPerPage=200
2026-07-02 23:05:52 | DEBUG    | nvd_fetch | Specific CVE: CVE-2021-30952
2026-07-02 23:05:53 | INFO     | nvd_fetch | Successfully fetched page at index 0, got 1 CVEs
2026-07-02 23:05:59 | DEBUG    | nvd_fetch | Fetching NVD page: startIndex=0, resultsPerPage=200
2026-07-02 23:05:59 | DEBUG    | nvd_fetch | Specific CVE: CVE-2023-41974
2026-07-02 23:06:00 | INFO     | nvd_fetch | Successfully fetched page at index 0, got 1 CVEs
2026-07-02 23:06:06 | DEBUG    | nvd_fetch | Fetching NVD page: startIndex=0, resultsPerPage=200
2026-07-02 23:06:06 | DEBUG    | nvd_fetch | Specific CVE: CVE-2026-22719
2026-07-02 23:06:07 | INFO     | nvd_fetch | Successfully fetched page at index 0, got 1 CVEs
2026-07-02 23:06:13 | DEBUG    | nvd_fetch | Fetching NVD page: startIndex=0, resultsPerPage=200
2026-07-02 23:06:13 | DEBUG    | nvd_fetch | Specific CVE: CVE-2026-21385
2026-07-02 23:06:14 | INFO     | nvd_fetch | Successfully fetched page at index 0, got 1 CVEs
2026-07-02 23:06:20 | DEBUG    | nvd_fetch | Fetching NVD page: startIndex=0, resultsPerPage=200
2026-07-02 23:06:20 | DEBUG    | nvd_fetch | Specific CVE: CVE-2022-20775
2026-07-02 23:06:21 | INFO     | nvd_fetch | Successfully fetched page at index 0, got 1 CVEs
2026-07-02 23:06:27 | DEBUG    | nvd_fetch | Fetching NVD page: startIndex=0, resultsPerPage=200
2026-07-02 23:06:27 | DEBUG    | nvd_fetch | Specific CVE: CVE-2026-20127
2026-07-02 23:06:28 | INFO     | nvd_fetch | Successfully fetched page at index 0, got 1 CVEs
2026-07-02 23:06:34 | DEBUG    | nvd_fetch | Fetching NVD page: startIndex=0, resultsPerPage=200
2026-07-02 23:06:34 | DEBUG    | nvd_fetch | Specific CVE: CVE-2026-25108
2026-07-02 23:06:35 | INFO     | nvd_fetch | Successfully fetched page at index 0, got 1 CVEs
2026-07-02 23:06:41 | DEBUG    | nvd_fetch | Fetching NVD page: startIndex=0, resultsPerPage=200
2026-07-02 23:06:41 | DEBUG    | nvd_fetch | Specific CVE: CVE-2025-49113
2026-07-02 23:06:41 | INFO     | nvd_fetch | Successfully fetched page at index 0, got 1 CVEs
2026-07-02 23:06:48 | DEBUG    | nvd_fetch | Fetching NVD page: startIndex=0, resultsPerPage=200
2026-07-02 23:06:48 | DEBUG    | nvd_fetch | Specific CVE: CVE-2025-68461
2026-07-02 23:06:49 | INFO     | nvd_fetch | Successfully fetched page at index 0, got 1 CVEs
2026-07-02 23:06:55 | DEBUG    | nvd_fetch | Fetching NVD page: startIndex=0, resultsPerPage=200
2026-07-02 23:06:55 | DEBUG    | nvd_fetch | Specific CVE: CVE-2021-22175
2026-07-02 23:06:56 | INFO     | nvd_fetch | Successfully fetched page at index 0, got 1 CVEs
2026-07-02 23:07:02 | DEBUG    | nvd_fetch | Fetching NVD page: startIndex=0, resultsPerPage=200
2026-07-02 23:07:02 | DEBUG    | nvd_fetch | Specific CVE: CVE-2026-22769
2026-07-02 23:07:02 | INFO     | nvd_fetch | Successfully fetched page at index 0, got 1 CVEs
2026-07-02 23:07:09 | DEBUG    | nvd_fetch | Fetching NVD page: startIndex=0, resultsPerPage=200
2026-07-02 23:07:09 | DEBUG    | nvd_fetch | Specific CVE: CVE-2020-7796
2026-07-02 23:07:09 | INFO     | nvd_fetch | Successfully fetched page at index 0, got 1 CVEs
2026-07-02 23:07:16 | DEBUG    | nvd_fetch | Fetching NVD page: startIndex=0, resultsPerPage=200
2026-07-02 23:07:16 | DEBUG    | nvd_fetch | Specific CVE: CVE-2024-7694
2026-07-02 23:07:16 | INFO     | nvd_fetch | Successfully fetched page at index 0, got 1 CVEs
2026-07-02 23:07:23 | DEBUG    | nvd_fetch | Fetching NVD page: startIndex=0, resultsPerPage=200
2026-07-02 23:07:23 | DEBUG    | nvd_fetch | Specific CVE: CVE-2008-0015
2026-07-02 23:07:23 | INFO     | nvd_fetch | Successfully fetched page at index 0, got 1 CVEs
2026-07-02 23:07:30 | DEBUG    | nvd_fetch | Fetching NVD page: startIndex=0, resultsPerPage=200
2026-07-02 23:07:30 | DEBUG    | nvd_fetch | Specific CVE: CVE-2026-2441
2026-07-02 23:07:30 | INFO     | nvd_fetch | Successfully fetched page at index 0, got 1 CVEs
2026-07-02 23:07:36 | DEBUG    | nvd_fetch | Fetching NVD page: startIndex=0, resultsPerPage=200
2026-07-02 23:07:36 | DEBUG    | nvd_fetch | Specific CVE: CVE-2026-1731
2026-07-02 23:07:37 | INFO     | nvd_fetch | Successfully fetched page at index 0, got 1 CVEs
2026-07-02 23:07:43 | DEBUG    | nvd_fetch | Fetching NVD page: startIndex=0, resultsPerPage=200
2026-07-02 23:07:43 | DEBUG    | nvd_fetch | Specific CVE: CVE-2026-20700
2026-07-02 23:07:44 | INFO     | nvd_fetch | Successfully fetched page at index 0, got 1 CVEs
2026-07-02 23:07:50 | DEBUG    | nvd_fetch | Fetching NVD page: startIndex=0, resultsPerPage=200
2026-07-02 23:07:50 | DEBUG    | nvd_fetch | Specific CVE: CVE-2024-43468
2026-07-02 23:07:50 | INFO     | nvd_fetch | Successfully fetched page at index 0, got 1 CVEs
2026-07-02 23:07:57 | DEBUG    | nvd_fetch | Fetching NVD page: startIndex=0, resultsPerPage=200
2026-07-02 23:07:57 | DEBUG    | nvd_fetch | Specific CVE: CVE-2025-15556
2026-07-02 23:07:58 | INFO     | nvd_fetch | Successfully fetched page at index 0, got 1 CVEs
2026-07-02 23:08:04 | DEBUG    | nvd_fetch | Fetching NVD page: startIndex=0, resultsPerPage=200
2026-07-02 23:08:04 | DEBUG    | nvd_fetch | Specific CVE: CVE-2025-40536
2026-07-02 23:08:04 | INFO     | nvd_fetch | Successfully fetched page at index 0, got 1 CVEs
2026-07-02 23:08:11 | DEBUG    | nvd_fetch | Fetching NVD page: startIndex=0, resultsPerPage=200
2026-07-02 23:08:11 | DEBUG    | nvd_fetch | Specific CVE: CVE-2026-21513
2026-07-02 23:08:11 | INFO     | nvd_fetch | Successfully fetched page at index 0, got 1 CVEs
2026-07-02 23:08:18 | DEBUG    | nvd_fetch | Fetching NVD page: startIndex=0, resultsPerPage=200
2026-07-02 23:08:18 | DEBUG    | nvd_fetch | Specific CVE: CVE-2026-21525
2026-07-02 23:08:18 | INFO     | nvd_fetch | Successfully fetched page at index 0, got 1 CVEs
2026-07-02 23:08:25 | DEBUG    | nvd_fetch | Fetching NVD page: startIndex=0, resultsPerPage=200
2026-07-02 23:08:25 | DEBUG    | nvd_fetch | Specific CVE: CVE-2026-21510
2026-07-02 23:08:25 | INFO     | nvd_fetch | Successfully fetched page at index 0, got 1 CVEs
2026-07-02 23:08:31 | DEBUG    | nvd_fetch | Fetching NVD page: startIndex=0, resultsPerPage=200
2026-07-02 23:08:31 | DEBUG    | nvd_fetch | Specific CVE: CVE-2026-21533
2026-07-02 23:08:32 | INFO     | nvd_fetch | Successfully fetched page at index 0, got 1 CVEs
2026-07-02 23:08:38 | DEBUG    | nvd_fetch | Fetching NVD page: startIndex=0, resultsPerPage=200
2026-07-02 23:08:38 | DEBUG    | nvd_fetch | Specific CVE: CVE-2026-21519
2026-07-02 23:08:39 | INFO     | nvd_fetch | Successfully fetched page at index 0, got 1 CVEs
2026-07-02 23:08:45 | DEBUG    | nvd_fetch | Fetching NVD page: startIndex=0, resultsPerPage=200
2026-07-02 23:08:45 | DEBUG    | nvd_fetch | Specific CVE: CVE-2026-21514
2026-07-02 23:08:45 | INFO     | nvd_fetch | Successfully fetched page at index 0, got 1 CVEs
2026-07-02 23:08:52 | DEBUG    | nvd_fetch | Fetching NVD page: startIndex=0, resultsPerPage=200
2026-07-02 23:08:52 | DEBUG    | nvd_fetch | Specific CVE: CVE-2025-11953
2026-07-02 23:08:53 | INFO     | nvd_fetch | Successfully fetched page at index 0, got 1 CVEs
2026-07-02 23:08:59 | DEBUG    | nvd_fetch | Fetching NVD page: startIndex=0, resultsPerPage=200
2026-07-02 23:08:59 | DEBUG    | nvd_fetch | Specific CVE: CVE-2026-24423
2026-07-02 23:08:59 | INFO     | nvd_fetch | Successfully fetched page at index 0, got 1 CVEs
2026-07-02 23:09:06 | DEBUG    | nvd_fetch | Fetching NVD page: startIndex=0, resultsPerPage=200
2026-07-02 23:09:06 | DEBUG    | nvd_fetch | Specific CVE: CVE-2021-39935
2026-07-02 23:09:06 | INFO     | nvd_fetch | Successfully fetched page at index 0, got 1 CVEs
2026-07-02 23:09:13 | DEBUG    | nvd_fetch | Fetching NVD page: startIndex=0, resultsPerPage=200
2026-07-02 23:09:13 | DEBUG    | nvd_fetch | Specific CVE: CVE-2025-64328
2026-07-02 23:09:13 | INFO     | nvd_fetch | Successfully fetched page at index 0, got 1 CVEs
2026-07-02 23:09:20 | DEBUG    | nvd_fetch | Fetching NVD page: startIndex=0, resultsPerPage=200
2026-07-02 23:09:20 | DEBUG    | nvd_fetch | Specific CVE: CVE-2019-19006
2026-07-02 23:09:20 | INFO     | nvd_fetch | Successfully fetched page at index 0, got 1 CVEs
2026-07-02 23:09:27 | DEBUG    | nvd_fetch | Fetching NVD page: startIndex=0, resultsPerPage=200
2026-07-02 23:09:27 | DEBUG    | nvd_fetch | Specific CVE: CVE-2025-40551
2026-07-02 23:09:27 | INFO     | nvd_fetch | Successfully fetched page at index 0, got 1 CVEs
2026-07-02 23:09:33 | DEBUG    | nvd_fetch | Fetching NVD page: startIndex=0, resultsPerPage=200
2026-07-02 23:09:33 | DEBUG    | nvd_fetch | Specific CVE: CVE-2026-1281
2026-07-02 23:09:34 | INFO     | nvd_fetch | Successfully fetched page at index 0, got 1 CVEs
2026-07-02 23:09:41 | DEBUG    | nvd_fetch | Fetching NVD page: startIndex=0, resultsPerPage=200
2026-07-02 23:09:41 | DEBUG    | nvd_fetch | Specific CVE: CVE-2026-24858
2026-07-02 23:09:41 | INFO     | nvd_fetch | Successfully fetched page at index 0, got 1 CVEs
2026-07-02 23:09:47 | DEBUG    | nvd_fetch | Fetching NVD page: startIndex=0, resultsPerPage=200
2026-07-02 23:09:47 | DEBUG    | nvd_fetch | Specific CVE: CVE-2018-14634
2026-07-02 23:09:48 | INFO     | nvd_fetch | Successfully fetched page at index 0, got 1 CVEs
2026-07-02 23:09:54 | DEBUG    | nvd_fetch | Fetching NVD page: startIndex=0, resultsPerPage=200
2026-07-02 23:09:54 | DEBUG    | nvd_fetch | Specific CVE: CVE-2025-52691
2026-07-02 23:09:54 | INFO     | nvd_fetch | Successfully fetched page at index 0, got 1 CVEs
2026-07-02 23:10:01 | DEBUG    | nvd_fetch | Fetching NVD page: startIndex=0, resultsPerPage=200
2026-07-02 23:10:01 | DEBUG    | nvd_fetch | Specific CVE: CVE-2026-23760
2026-07-02 23:10:01 | INFO     | nvd_fetch | Successfully fetched page at index 0, got 1 CVEs
2026-07-02 23:10:08 | DEBUG    | nvd_fetch | Fetching NVD page: startIndex=0, resultsPerPage=200
2026-07-02 23:10:08 | DEBUG    | nvd_fetch | Specific CVE: CVE-2026-24061
2026-07-02 23:10:08 | INFO     | nvd_fetch | Successfully fetched page at index 0, got 1 CVEs
2026-07-02 23:10:15 | DEBUG    | nvd_fetch | Fetching NVD page: startIndex=0, resultsPerPage=200
2026-07-02 23:10:15 | DEBUG    | nvd_fetch | Specific CVE: CVE-2026-21509
2026-07-02 23:10:15 | INFO     | nvd_fetch | Successfully fetched page at index 0, got 1 CVEs
2026-07-02 23:10:22 | DEBUG    | nvd_fetch | Fetching NVD page: startIndex=0, resultsPerPage=200
2026-07-02 23:10:22 | DEBUG    | nvd_fetch | Specific CVE: CVE-2024-37079
2026-07-02 23:10:22 | INFO     | nvd_fetch | Successfully fetched page at index 0, got 1 CVEs
2026-07-02 23:10:29 | DEBUG    | nvd_fetch | Fetching NVD page: startIndex=0, resultsPerPage=200
2026-07-02 23:10:29 | DEBUG    | nvd_fetch | Specific CVE: CVE-2025-68645
2026-07-02 23:10:29 | INFO     | nvd_fetch | Successfully fetched page at index 0, got 1 CVEs
2026-07-02 23:10:35 | DEBUG    | nvd_fetch | Fetching NVD page: startIndex=0, resultsPerPage=200
2026-07-02 23:10:35 | DEBUG    | nvd_fetch | Specific CVE: CVE-2025-34026
2026-07-02 23:10:36 | INFO     | nvd_fetch | Successfully fetched page at index 0, got 1 CVEs
2026-07-02 23:10:42 | DEBUG    | nvd_fetch | Fetching NVD page: startIndex=0, resultsPerPage=200
2026-07-02 23:10:42 | DEBUG    | nvd_fetch | Specific CVE: CVE-2025-31125
2026-07-02 23:10:43 | INFO     | nvd_fetch | Successfully fetched page at index 0, got 1 CVEs
2026-07-02 23:10:49 | DEBUG    | nvd_fetch | Fetching NVD page: startIndex=0, resultsPerPage=200
2026-07-02 23:10:49 | DEBUG    | nvd_fetch | Specific CVE: CVE-2025-54313
2026-07-02 23:10:49 | INFO     | nvd_fetch | Successfully fetched page at index 0, got 1 CVEs
2026-07-02 23:10:56 | DEBUG    | nvd_fetch | Fetching NVD page: startIndex=0, resultsPerPage=200
2026-07-02 23:10:56 | DEBUG    | nvd_fetch | Specific CVE: CVE-2026-20045
2026-07-02 23:10:56 | INFO     | nvd_fetch | Successfully fetched page at index 0, got 1 CVEs
2026-07-02 23:11:03 | DEBUG    | nvd_fetch | Fetching NVD page: startIndex=0, resultsPerPage=200
2026-07-02 23:11:03 | DEBUG    | nvd_fetch | Specific CVE: CVE-2026-20805
2026-07-02 23:11:03 | INFO     | nvd_fetch | Successfully fetched page at index 0, got 1 CVEs
2026-07-02 23:11:10 | DEBUG    | nvd_fetch | Fetching NVD page: startIndex=0, resultsPerPage=200
2026-07-02 23:11:10 | DEBUG    | nvd_fetch | Specific CVE: CVE-2025-8110
2026-07-02 23:11:10 | INFO     | nvd_fetch | Successfully fetched page at index 0, got 1 CVEs
2026-07-02 23:11:16 | DEBUG    | nvd_fetch | Fetching NVD page: startIndex=0, resultsPerPage=200
2026-07-02 23:11:16 | DEBUG    | nvd_fetch | Specific CVE: CVE-2009-0556
2026-07-02 23:11:17 | INFO     | nvd_fetch | Successfully fetched page at index 0, got 1 CVEs
2026-07-02 23:11:23 | DEBUG    | nvd_fetch | Fetching NVD page: startIndex=0, resultsPerPage=200
2026-07-02 23:11:23 | DEBUG    | nvd_fetch | Specific CVE: CVE-2025-37164
2026-07-02 23:11:24 | INFO     | nvd_fetch | Successfully fetched page at index 0, got 1 CVEs
2026-07-02 23:11:30 | DEBUG    | nvd_fetch | Fetching NVD page: startIndex=0, resultsPerPage=200
2026-07-02 23:11:30 | DEBUG    | nvd_fetch | Specific CVE: CVE-2025-14847
2026-07-02 23:11:30 | INFO     | nvd_fetch | Successfully fetched page at index 0, got 1 CVEs
2026-07-02 23:11:37 | DEBUG    | nvd_fetch | Fetching NVD page: startIndex=0, resultsPerPage=200
2026-07-02 23:11:37 | DEBUG    | nvd_fetch | Specific CVE: CVE-2023-52163
2026-07-02 23:11:37 | INFO     | nvd_fetch | Successfully fetched page at index 0, got 1 CVEs
2026-07-02 23:11:44 | DEBUG    | nvd_fetch | Fetching NVD page: startIndex=0, resultsPerPage=200
2026-07-02 23:11:44 | DEBUG    | nvd_fetch | Specific CVE: CVE-2025-14733
2026-07-02 23:11:44 | INFO     | nvd_fetch | Successfully fetched page at index 0, got 1 CVEs
2026-07-02 23:11:51 | DEBUG    | nvd_fetch | Fetching NVD page: startIndex=0, resultsPerPage=200
2026-07-02 23:11:51 | DEBUG    | nvd_fetch | Specific CVE: CVE-2025-59374
2026-07-02 23:11:51 | INFO     | nvd_fetch | Successfully fetched page at index 0, got 1 CVEs
2026-07-02 23:11:57 | DEBUG    | nvd_fetch | Fetching NVD page: startIndex=0, resultsPerPage=200
2026-07-02 23:11:57 | DEBUG    | nvd_fetch | Specific CVE: CVE-2025-40602
2026-07-02 23:11:58 | INFO     | nvd_fetch | Successfully fetched page at index 0, got 1 CVEs
2026-07-02 23:12:04 | DEBUG    | nvd_fetch | Fetching NVD page: startIndex=0, resultsPerPage=200
2026-07-02 23:12:04 | DEBUG    | nvd_fetch | Specific CVE: CVE-2025-20393
2026-07-02 23:12:05 | INFO     | nvd_fetch | Successfully fetched page at index 0, got 1 CVEs
2026-07-02 23:12:11 | DEBUG    | nvd_fetch | Fetching NVD page: startIndex=0, resultsPerPage=200
2026-07-02 23:12:11 | DEBUG    | nvd_fetch | Specific CVE: CVE-2025-59718
2026-07-02 23:12:12 | INFO     | nvd_fetch | Successfully fetched page at index 0, got 1 CVEs
2026-07-02 23:12:19 | DEBUG    | nvd_fetch | Fetching NVD page: startIndex=0, resultsPerPage=200
2026-07-02 23:12:19 | DEBUG    | nvd_fetch | Specific CVE: CVE-2025-14611
2026-07-02 23:12:19 | INFO     | nvd_fetch | Successfully fetched page at index 0, got 1 CVEs
2026-07-02 23:12:25 | DEBUG    | nvd_fetch | Fetching NVD page: startIndex=0, resultsPerPage=200
2026-07-02 23:12:25 | DEBUG    | nvd_fetch | Specific CVE: CVE-2025-43529
2026-07-02 23:12:26 | INFO     | nvd_fetch | Successfully fetched page at index 0, got 1 CVEs
2026-07-02 23:12:32 | DEBUG    | nvd_fetch | Fetching NVD page: startIndex=0, resultsPerPage=200
2026-07-02 23:12:32 | DEBUG    | nvd_fetch | Specific CVE: CVE-2018-4063
2026-07-02 23:12:32 | INFO     | nvd_fetch | Successfully fetched page at index 0, got 1 CVEs
2026-07-02 23:12:39 | DEBUG    | nvd_fetch | Fetching NVD page: startIndex=0, resultsPerPage=200
2026-07-02 23:12:39 | DEBUG    | nvd_fetch | Specific CVE: CVE-2025-14174
2026-07-02 23:12:39 | INFO     | nvd_fetch | Successfully fetched page at index 0, got 1 CVEs
2026-07-02 23:12:46 | DEBUG    | nvd_fetch | Fetching NVD page: startIndex=0, resultsPerPage=200
2026-07-02 23:12:46 | DEBUG    | nvd_fetch | Specific CVE: CVE-2025-58360
2026-07-02 23:12:46 | INFO     | nvd_fetch | Successfully fetched page at index 0, got 1 CVEs
2026-07-02 23:12:53 | DEBUG    | nvd_fetch | Fetching NVD page: startIndex=0, resultsPerPage=200
2026-07-02 23:12:53 | DEBUG    | nvd_fetch | Specific CVE: CVE-2025-6218
2026-07-02 23:12:53 | INFO     | nvd_fetch | Successfully fetched page at index 0, got 1 CVEs
2026-07-02 23:12:59 | DEBUG    | nvd_fetch | Fetching NVD page: startIndex=0, resultsPerPage=200
2026-07-02 23:12:59 | DEBUG    | nvd_fetch | Specific CVE: CVE-2025-62221
2026-07-02 23:12:59 | INFO     | nvd_fetch | Successfully fetched page at index 0, got 1 CVEs
2026-07-02 23:13:06 | DEBUG    | nvd_fetch | Fetching NVD page: startIndex=0, resultsPerPage=200
2026-07-02 23:13:06 | DEBUG    | nvd_fetch | Specific CVE: CVE-2022-37055
2026-07-02 23:13:06 | INFO     | nvd_fetch | Successfully fetched page at index 0, got 1 CVEs
2026-07-02 23:13:13 | DEBUG    | nvd_fetch | Fetching NVD page: startIndex=0, resultsPerPage=200
2026-07-02 23:13:13 | DEBUG    | nvd_fetch | Specific CVE: CVE-2025-66644
2026-07-02 23:13:13 | INFO     | nvd_fetch | Successfully fetched page at index 0, got 1 CVEs
2026-07-02 23:13:20 | DEBUG    | nvd_fetch | Fetching NVD page: startIndex=0, resultsPerPage=200
2026-07-02 23:13:20 | DEBUG    | nvd_fetch | Specific CVE: CVE-2025-55182
2026-07-02 23:13:20 | INFO     | nvd_fetch | Successfully fetched page at index 0, got 1 CVEs
2026-07-02 23:13:26 | DEBUG    | nvd_fetch | Fetching NVD page: startIndex=0, resultsPerPage=200
2026-07-02 23:13:26 | DEBUG    | nvd_fetch | Specific CVE: CVE-2021-26828
2026-07-02 23:13:27 | INFO     | nvd_fetch | Successfully fetched page at index 0, got 1 CVEs
2026-07-02 23:13:33 | DEBUG    | nvd_fetch | Fetching NVD page: startIndex=0, resultsPerPage=200
2026-07-02 23:13:33 | DEBUG    | nvd_fetch | Specific CVE: CVE-2025-48633
2026-07-02 23:13:33 | INFO     | nvd_fetch | Successfully fetched page at index 0, got 1 CVEs
2026-07-02 23:13:40 | DEBUG    | nvd_fetch | Fetching NVD page: startIndex=0, resultsPerPage=200
2026-07-02 23:13:40 | DEBUG    | nvd_fetch | Specific CVE: CVE-2025-48572
2026-07-02 23:13:40 | INFO     | nvd_fetch | Successfully fetched page at index 0, got 1 CVEs
2026-07-02 23:13:47 | DEBUG    | nvd_fetch | Fetching NVD page: startIndex=0, resultsPerPage=200
2026-07-02 23:13:47 | DEBUG    | nvd_fetch | Specific CVE: CVE-2021-26829
2026-07-02 23:13:47 | INFO     | nvd_fetch | Successfully fetched page at index 0, got 1 CVEs
2026-07-02 23:13:53 | DEBUG    | nvd_fetch | Fetching NVD page: startIndex=0, resultsPerPage=200
2026-07-02 23:13:53 | DEBUG    | nvd_fetch | Specific CVE: CVE-2025-61757
2026-07-02 23:13:54 | INFO     | nvd_fetch | Successfully fetched page at index 0, got 1 CVEs
2026-07-02 23:14:00 | DEBUG    | nvd_fetch | Fetching NVD page: startIndex=0, resultsPerPage=200
2026-07-02 23:14:00 | DEBUG    | nvd_fetch | Specific CVE: CVE-2025-13223
2026-07-02 23:14:01 | INFO     | nvd_fetch | Successfully fetched page at index 0, got 1 CVEs
2026-07-02 23:14:07 | DEBUG    | nvd_fetch | Fetching NVD page: startIndex=0, resultsPerPage=200
2026-07-02 23:14:07 | DEBUG    | nvd_fetch | Specific CVE: CVE-2025-58034
2026-07-02 23:14:08 | INFO     | nvd_fetch | Successfully fetched page at index 0, got 1 CVEs
2026-07-02 23:14:14 | DEBUG    | nvd_fetch | Fetching NVD page: startIndex=0, resultsPerPage=200
2026-07-02 23:14:14 | DEBUG    | nvd_fetch | Specific CVE: CVE-2025-64446
2026-07-02 23:14:14 | INFO     | nvd_fetch | Successfully fetched page at index 0, got 1 CVEs
2026-07-02 23:14:21 | DEBUG    | nvd_fetch | Fetching NVD page: startIndex=0, resultsPerPage=200
2026-07-02 23:14:21 | DEBUG    | nvd_fetch | Specific CVE: CVE-2025-12480
2026-07-02 23:14:21 | INFO     | nvd_fetch | Successfully fetched page at index 0, got 1 CVEs
2026-07-02 23:14:28 | DEBUG    | nvd_fetch | Fetching NVD page: startIndex=0, resultsPerPage=200
2026-07-02 23:14:28 | DEBUG    | nvd_fetch | Specific CVE: CVE-2025-62215
2026-07-02 23:14:28 | INFO     | nvd_fetch | Successfully fetched page at index 0, got 1 CVEs
2026-07-02 23:14:34 | DEBUG    | nvd_fetch | Fetching NVD page: startIndex=0, resultsPerPage=200
2026-07-02 23:14:34 | DEBUG    | nvd_fetch | Specific CVE: CVE-2025-9242
2026-07-02 23:14:35 | INFO     | nvd_fetch | Successfully fetched page at index 0, got 1 CVEs
2026-07-02 23:14:41 | DEBUG    | nvd_fetch | Fetching NVD page: startIndex=0, resultsPerPage=200
2026-07-02 23:14:41 | DEBUG    | nvd_fetch | Specific CVE: CVE-2025-21042
2026-07-02 23:14:42 | INFO     | nvd_fetch | Successfully fetched page at index 0, got 1 CVEs
2026-07-02 23:14:48 | DEBUG    | nvd_fetch | Fetching NVD page: startIndex=0, resultsPerPage=200
2026-07-02 23:14:48 | DEBUG    | nvd_fetch | Specific CVE: CVE-2025-48703
2026-07-02 23:14:49 | INFO     | nvd_fetch | Successfully fetched page at index 0, got 1 CVEs
2026-07-02 23:14:55 | DEBUG    | nvd_fetch | Fetching NVD page: startIndex=0, resultsPerPage=200
2026-07-02 23:14:55 | DEBUG    | nvd_fetch | Specific CVE: CVE-2025-11371
2026-07-02 23:14:56 | INFO     | nvd_fetch | Successfully fetched page at index 0, got 1 CVEs
2026-07-02 23:15:02 | DEBUG    | nvd_fetch | Fetching NVD page: startIndex=0, resultsPerPage=200
2026-07-02 23:15:02 | DEBUG    | nvd_fetch | Specific CVE: CVE-2025-41244
2026-07-02 23:15:02 | INFO     | nvd_fetch | Successfully fetched page at index 0, got 1 CVEs
2026-07-02 23:15:09 | DEBUG    | nvd_fetch | Fetching NVD page: startIndex=0, resultsPerPage=200
2026-07-02 23:15:09 | DEBUG    | nvd_fetch | Specific CVE: CVE-2025-24893
2026-07-02 23:15:09 | INFO     | nvd_fetch | Successfully fetched page at index 0, got 1 CVEs
2026-07-02 23:15:16 | DEBUG    | nvd_fetch | Fetching NVD page: startIndex=0, resultsPerPage=200
2026-07-02 23:15:16 | DEBUG    | nvd_fetch | Specific CVE: CVE-2025-6204
2026-07-02 23:15:16 | INFO     | nvd_fetch | Successfully fetched page at index 0, got 1 CVEs
2026-07-02 23:15:23 | DEBUG    | nvd_fetch | Fetching NVD page: startIndex=0, resultsPerPage=200
2026-07-02 23:15:23 | DEBUG    | nvd_fetch | Specific CVE: CVE-2025-6205
2026-07-02 23:15:23 | INFO     | nvd_fetch | Successfully fetched page at index 0, got 1 CVEs
2026-07-02 23:15:29 | DEBUG    | nvd_fetch | Fetching NVD page: startIndex=0, resultsPerPage=200
2026-07-02 23:15:29 | DEBUG    | nvd_fetch | Specific CVE: CVE-2025-54236
2026-07-02 23:15:30 | INFO     | nvd_fetch | Successfully fetched page at index 0, got 1 CVEs
2026-07-02 23:15:36 | DEBUG    | nvd_fetch | Fetching NVD page: startIndex=0, resultsPerPage=200
2026-07-02 23:15:36 | DEBUG    | nvd_fetch | Specific CVE: CVE-2025-59287
2026-07-02 23:15:37 | INFO     | nvd_fetch | Successfully fetched page at index 0, got 1 CVEs
2026-07-02 23:15:43 | DEBUG    | nvd_fetch | Fetching NVD page: startIndex=0, resultsPerPage=200
2026-07-02 23:15:43 | DEBUG    | nvd_fetch | Specific CVE: CVE-2025-61932
2026-07-02 23:15:44 | INFO     | nvd_fetch | Successfully fetched page at index 0, got 1 CVEs
2026-07-02 23:15:51 | DEBUG    | nvd_fetch | Fetching NVD page: startIndex=0, resultsPerPage=200
2026-07-02 23:15:51 | DEBUG    | nvd_fetch | Specific CVE: CVE-2022-48503
2026-07-02 23:15:51 | INFO     | nvd_fetch | Successfully fetched page at index 0, got 1 CVEs
2026-07-02 23:15:58 | DEBUG    | nvd_fetch | Fetching NVD page: startIndex=0, resultsPerPage=200
2026-07-02 23:15:58 | DEBUG    | nvd_fetch | Specific CVE: CVE-2025-2746
2026-07-02 23:15:58 | INFO     | nvd_fetch | Successfully fetched page at index 0, got 1 CVEs
2026-07-02 23:16:05 | DEBUG    | nvd_fetch | Fetching NVD page: startIndex=0, resultsPerPage=200
2026-07-02 23:16:05 | DEBUG    | nvd_fetch | Specific CVE: CVE-2025-2747
2026-07-02 23:16:05 | INFO     | nvd_fetch | Successfully fetched page at index 0, got 1 CVEs
2026-07-02 23:16:11 | DEBUG    | nvd_fetch | Fetching NVD page: startIndex=0, resultsPerPage=200
2026-07-02 23:16:11 | DEBUG    | nvd_fetch | Specific CVE: CVE-2025-33073
2026-07-02 23:16:12 | INFO     | nvd_fetch | Successfully fetched page at index 0, got 1 CVEs
2026-07-02 23:16:18 | DEBUG    | nvd_fetch | Fetching NVD page: startIndex=0, resultsPerPage=200
2026-07-02 23:16:18 | DEBUG    | nvd_fetch | Specific CVE: CVE-2025-61884
2026-07-02 23:16:18 | INFO     | nvd_fetch | Successfully fetched page at index 0, got 1 CVEs
2026-07-02 23:16:25 | DEBUG    | nvd_fetch | Fetching NVD page: startIndex=0, resultsPerPage=200
2026-07-02 23:16:25 | DEBUG    | nvd_fetch | Specific CVE: CVE-2025-54253
2026-07-02 23:16:25 | INFO     | nvd_fetch | Successfully fetched page at index 0, got 1 CVEs
2026-07-02 23:16:32 | DEBUG    | nvd_fetch | Fetching NVD page: startIndex=0, resultsPerPage=200
2026-07-02 23:16:32 | DEBUG    | nvd_fetch | Specific CVE: CVE-2025-47827
2026-07-02 23:16:32 | INFO     | nvd_fetch | Successfully fetched page at index 0, got 1 CVEs
2026-07-02 23:16:39 | DEBUG    | nvd_fetch | Fetching NVD page: startIndex=0, resultsPerPage=200
2026-07-02 23:16:39 | DEBUG    | nvd_fetch | Specific CVE: CVE-2025-24990
2026-07-02 23:16:39 | INFO     | nvd_fetch | Successfully fetched page at index 0, got 1 CVEs
2026-07-02 23:16:45 | DEBUG    | nvd_fetch | Fetching NVD page: startIndex=0, resultsPerPage=200
2026-07-02 23:16:45 | DEBUG    | nvd_fetch | Specific CVE: CVE-2025-59230
2026-07-02 23:16:46 | INFO     | nvd_fetch | Successfully fetched page at index 0, got 1 CVEs
2026-07-02 23:16:52 | DEBUG    | nvd_fetch | Fetching NVD page: startIndex=0, resultsPerPage=200
2026-07-02 23:16:52 | DEBUG    | nvd_fetch | Specific CVE: CVE-2016-7836
2026-07-02 23:16:53 | INFO     | nvd_fetch | Successfully fetched page at index 0, got 1 CVEs
2026-07-02 23:16:59 | DEBUG    | nvd_fetch | Fetching NVD page: startIndex=0, resultsPerPage=200
2026-07-02 23:16:59 | DEBUG    | nvd_fetch | Specific CVE: CVE-2021-43798
2026-07-02 23:16:59 | INFO     | nvd_fetch | Successfully fetched page at index 0, got 1 CVEs
2026-07-02 23:17:06 | DEBUG    | nvd_fetch | Fetching NVD page: startIndex=0, resultsPerPage=200
2026-07-02 23:17:06 | DEBUG    | nvd_fetch | Specific CVE: CVE-2025-27915
2026-07-02 23:17:06 | INFO     | nvd_fetch | Successfully fetched page at index 0, got 1 CVEs
2026-07-02 23:17:13 | DEBUG    | nvd_fetch | Fetching NVD page: startIndex=0, resultsPerPage=200
2026-07-02 23:17:13 | DEBUG    | nvd_fetch | Specific CVE: CVE-2021-22555
2026-07-02 23:17:13 | INFO     | nvd_fetch | Successfully fetched page at index 0, got 1 CVEs
2026-07-02 23:17:20 | DEBUG    | nvd_fetch | Fetching NVD page: startIndex=0, resultsPerPage=200
2026-07-02 23:17:20 | DEBUG    | nvd_fetch | Specific CVE: CVE-2010-3962
2026-07-02 23:17:20 | INFO     | nvd_fetch | Successfully fetched page at index 0, got 1 CVEs
2026-07-02 23:17:27 | DEBUG    | nvd_fetch | Fetching NVD page: startIndex=0, resultsPerPage=200
2026-07-02 23:17:27 | DEBUG    | nvd_fetch | Specific CVE: CVE-2021-43226
2026-07-02 23:17:27 | INFO     | nvd_fetch | Successfully fetched page at index 0, got 1 CVEs
2026-07-02 23:17:33 | DEBUG    | nvd_fetch | Fetching NVD page: startIndex=0, resultsPerPage=200
2026-07-02 23:17:33 | DEBUG    | nvd_fetch | Specific CVE: CVE-2013-3918
2026-07-02 23:17:34 | INFO     | nvd_fetch | Successfully fetched page at index 0, got 1 CVEs
2026-07-02 23:17:40 | DEBUG    | nvd_fetch | Fetching NVD page: startIndex=0, resultsPerPage=200
2026-07-02 23:17:40 | DEBUG    | nvd_fetch | Specific CVE: CVE-2011-3402
2026-07-02 23:17:41 | INFO     | nvd_fetch | Successfully fetched page at index 0, got 1 CVEs
2026-07-02 23:17:47 | DEBUG    | nvd_fetch | Fetching NVD page: startIndex=0, resultsPerPage=200
2026-07-02 23:17:47 | DEBUG    | nvd_fetch | Specific CVE: CVE-2010-3765
2026-07-02 23:17:48 | INFO     | nvd_fetch | Successfully fetched page at index 0, got 1 CVEs
2026-07-02 23:17:54 | DEBUG    | nvd_fetch | Fetching NVD page: startIndex=0, resultsPerPage=200
2026-07-02 23:17:54 | DEBUG    | nvd_fetch | Specific CVE: CVE-2025-61882
2026-07-02 23:17:55 | INFO     | nvd_fetch | Successfully fetched page at index 0, got 1 CVEs
2026-07-02 23:18:01 | DEBUG    | nvd_fetch | Fetching NVD page: startIndex=0, resultsPerPage=200
2026-07-02 23:18:01 | DEBUG    | nvd_fetch | Specific CVE: CVE-2014-6278
2026-07-02 23:18:02 | INFO     | nvd_fetch | Successfully fetched page at index 0, got 1 CVEs
2026-07-02 23:18:08 | DEBUG    | nvd_fetch | Fetching NVD page: startIndex=0, resultsPerPage=200
2026-07-02 23:18:08 | DEBUG    | nvd_fetch | Specific CVE: CVE-2017-1000353
2026-07-02 23:18:08 | INFO     | nvd_fetch | Successfully fetched page at index 0, got 1 CVEs
2026-07-02 23:18:15 | DEBUG    | nvd_fetch | Fetching NVD page: startIndex=0, resultsPerPage=200
2026-07-02 23:18:15 | DEBUG    | nvd_fetch | Specific CVE: CVE-2015-7755
2026-07-02 23:18:15 | INFO     | nvd_fetch | Successfully fetched page at index 0, got 1 CVEs
2026-07-02 23:18:22 | DEBUG    | nvd_fetch | Fetching NVD page: startIndex=0, resultsPerPage=200
2026-07-02 23:18:22 | DEBUG    | nvd_fetch | Specific CVE: CVE-2025-21043
2026-07-02 23:18:22 | INFO     | nvd_fetch | Successfully fetched page at index 0, got 1 CVEs
2026-07-02 23:18:28 | DEBUG    | nvd_fetch | Fetching NVD page: startIndex=0, resultsPerPage=200
2026-07-02 23:18:28 | DEBUG    | nvd_fetch | Specific CVE: CVE-2025-4008
2026-07-02 23:18:29 | INFO     | nvd_fetch | Successfully fetched page at index 0, got 1 CVEs
2026-07-02 23:18:35 | DEBUG    | nvd_fetch | Fetching NVD page: startIndex=0, resultsPerPage=200
2026-07-02 23:18:35 | DEBUG    | nvd_fetch | Specific CVE: CVE-2025-32463
2026-07-02 23:18:35 | INFO     | nvd_fetch | Successfully fetched page at index 0, got 1 CVEs
2026-07-02 23:18:42 | DEBUG    | nvd_fetch | Fetching NVD page: startIndex=0, resultsPerPage=200
2026-07-02 23:18:42 | DEBUG    | nvd_fetch | Specific CVE: CVE-2025-59689
2026-07-02 23:18:42 | INFO     | nvd_fetch | Successfully fetched page at index 0, got 1 CVEs
2026-07-02 23:18:49 | DEBUG    | nvd_fetch | Fetching NVD page: startIndex=0, resultsPerPage=200
2026-07-02 23:18:49 | DEBUG    | nvd_fetch | Specific CVE: CVE-2025-10035
2026-07-02 23:18:49 | INFO     | nvd_fetch | Successfully fetched page at index 0, got 1 CVEs
2026-07-02 23:18:56 | DEBUG    | nvd_fetch | Fetching NVD page: startIndex=0, resultsPerPage=200
2026-07-02 23:18:56 | DEBUG    | nvd_fetch | Specific CVE: CVE-2025-20352
2026-07-02 23:18:57 | INFO     | nvd_fetch | Successfully fetched page at index 0, got 1 CVEs
2026-07-02 23:19:03 | DEBUG    | nvd_fetch | Fetching NVD page: startIndex=0, resultsPerPage=200
2026-07-02 23:19:03 | DEBUG    | nvd_fetch | Specific CVE: CVE-2021-21311
2026-07-02 23:19:04 | INFO     | nvd_fetch | Successfully fetched page at index 0, got 1 CVEs
2026-07-02 23:19:10 | DEBUG    | nvd_fetch | Fetching NVD page: startIndex=0, resultsPerPage=200
2026-07-02 23:19:10 | DEBUG    | nvd_fetch | Specific CVE: CVE-2025-20362
2026-07-02 23:19:11 | INFO     | nvd_fetch | Successfully fetched page at index 0, got 1 CVEs
2026-07-02 23:19:17 | DEBUG    | nvd_fetch | Fetching NVD page: startIndex=0, resultsPerPage=200
2026-07-02 23:19:17 | DEBUG    | nvd_fetch | Specific CVE: CVE-2025-20333
2026-07-02 23:19:18 | INFO     | nvd_fetch | Successfully fetched page at index 0, got 1 CVEs
2026-07-02 23:19:24 | DEBUG    | nvd_fetch | Fetching NVD page: startIndex=0, resultsPerPage=200
2026-07-02 23:19:24 | DEBUG    | nvd_fetch | Specific CVE: CVE-2025-10585
2026-07-02 23:19:25 | INFO     | nvd_fetch | Successfully fetched page at index 0, got 1 CVEs
2026-07-02 23:19:32 | DEBUG    | nvd_fetch | Fetching NVD page: startIndex=0, resultsPerPage=200
2026-07-02 23:19:32 | DEBUG    | nvd_fetch | Specific CVE: CVE-2025-5086
2026-07-02 23:19:32 | INFO     | nvd_fetch | Successfully fetched page at index 0, got 1 CVEs
2026-07-02 23:19:39 | DEBUG    | nvd_fetch | Fetching NVD page: startIndex=0, resultsPerPage=200
2026-07-02 23:19:39 | DEBUG    | nvd_fetch | Specific CVE: CVE-2025-38352
2026-07-02 23:19:40 | INFO     | nvd_fetch | Successfully fetched page at index 0, got 1 CVEs
2026-07-02 23:19:47 | DEBUG    | nvd_fetch | Fetching NVD page: startIndex=0, resultsPerPage=200
2026-07-02 23:19:47 | DEBUG    | nvd_fetch | Specific CVE: CVE-2025-48543
2026-07-02 23:19:47 | INFO     | nvd_fetch | Successfully fetched page at index 0, got 1 CVEs
2026-07-02 23:19:53 | DEBUG    | nvd_fetch | Fetching NVD page: startIndex=0, resultsPerPage=200
2026-07-02 23:19:53 | DEBUG    | nvd_fetch | Specific CVE: CVE-2025-53690
2026-07-02 23:19:55 | INFO     | nvd_fetch | Successfully fetched page at index 0, got 1 CVEs
2026-07-02 23:20:01 | DEBUG    | nvd_fetch | Fetching NVD page: startIndex=0, resultsPerPage=200
2026-07-02 23:20:01 | DEBUG    | nvd_fetch | Specific CVE: CVE-2023-50224
2026-07-02 23:20:01 | INFO     | nvd_fetch | Successfully fetched page at index 0, got 1 CVEs
2026-07-02 23:20:08 | DEBUG    | nvd_fetch | Fetching NVD page: startIndex=0, resultsPerPage=200
2026-07-02 23:20:08 | DEBUG    | nvd_fetch | Specific CVE: CVE-2025-9377
2026-07-02 23:20:08 | INFO     | nvd_fetch | Successfully fetched page at index 0, got 1 CVEs
2026-07-02 23:20:15 | DEBUG    | nvd_fetch | Fetching NVD page: startIndex=0, resultsPerPage=200
2026-07-02 23:20:15 | DEBUG    | nvd_fetch | Specific CVE: CVE-2020-24363
2026-07-02 23:20:15 | INFO     | nvd_fetch | Successfully fetched page at index 0, got 1 CVEs
2026-07-02 23:20:22 | DEBUG    | nvd_fetch | Fetching NVD page: startIndex=0, resultsPerPage=200
2026-07-02 23:20:22 | DEBUG    | nvd_fetch | Specific CVE: CVE-2025-55177
2026-07-02 23:20:22 | INFO     | nvd_fetch | Successfully fetched page at index 0, got 1 CVEs
2026-07-02 23:20:29 | DEBUG    | nvd_fetch | Fetching NVD page: startIndex=0, resultsPerPage=200
2026-07-02 23:20:29 | DEBUG    | nvd_fetch | Specific CVE: CVE-2025-57819
2026-07-02 23:20:29 | INFO     | nvd_fetch | Successfully fetched page at index 0, got 1 CVEs
2026-07-02 23:20:36 | DEBUG    | nvd_fetch | Fetching NVD page: startIndex=0, resultsPerPage=200
2026-07-02 23:20:36 | DEBUG    | nvd_fetch | Specific CVE: CVE-2025-7775
2026-07-02 23:20:36 | INFO     | nvd_fetch | Successfully fetched page at index 0, got 1 CVEs
2026-07-02 23:20:42 | DEBUG    | nvd_fetch | Fetching NVD page: startIndex=0, resultsPerPage=200
2026-07-02 23:20:42 | DEBUG    | nvd_fetch | Specific CVE: CVE-2025-48384
2026-07-02 23:20:43 | INFO     | nvd_fetch | Successfully fetched page at index 0, got 1 CVEs
2026-07-02 23:20:49 | DEBUG    | nvd_fetch | Fetching NVD page: startIndex=0, resultsPerPage=200
2026-07-02 23:20:49 | DEBUG    | nvd_fetch | Specific CVE: CVE-2024-8068
2026-07-02 23:20:49 | INFO     | nvd_fetch | Successfully fetched page at index 0, got 1 CVEs
2026-07-02 23:20:56 | DEBUG    | nvd_fetch | Fetching NVD page: startIndex=0, resultsPerPage=200
2026-07-02 23:20:56 | DEBUG    | nvd_fetch | Specific CVE: CVE-2024-8069
2026-07-02 23:20:56 | INFO     | nvd_fetch | Successfully fetched page at index 0, got 1 CVEs
2026-07-02 23:21:03 | DEBUG    | nvd_fetch | Fetching NVD page: startIndex=0, resultsPerPage=200
2026-07-02 23:21:03 | DEBUG    | nvd_fetch | Specific CVE: CVE-2025-43300
2026-07-02 23:21:03 | INFO     | nvd_fetch | Successfully fetched page at index 0, got 1 CVEs
2026-07-02 23:21:10 | DEBUG    | nvd_fetch | Fetching NVD page: startIndex=0, resultsPerPage=200
2026-07-02 23:21:10 | DEBUG    | nvd_fetch | Specific CVE: CVE-2025-54948
2026-07-02 23:21:10 | INFO     | nvd_fetch | Successfully fetched page at index 0, got 1 CVEs
2026-07-02 23:21:17 | DEBUG    | nvd_fetch | Fetching NVD page: startIndex=0, resultsPerPage=200
2026-07-02 23:21:17 | DEBUG    | nvd_fetch | Specific CVE: CVE-2025-8876
2026-07-02 23:21:17 | INFO     | nvd_fetch | Successfully fetched page at index 0, got 1 CVEs
2026-07-02 23:21:23 | DEBUG    | nvd_fetch | Fetching NVD page: startIndex=0, resultsPerPage=200
2026-07-02 23:21:23 | DEBUG    | nvd_fetch | Specific CVE: CVE-2025-8875
2026-07-02 23:21:24 | INFO     | nvd_fetch | Successfully fetched page at index 0, got 1 CVEs
2026-07-02 23:21:30 | DEBUG    | nvd_fetch | Fetching NVD page: startIndex=0, resultsPerPage=200
2026-07-02 23:21:30 | DEBUG    | nvd_fetch | Specific CVE: CVE-2025-8088
2026-07-02 23:21:31 | INFO     | nvd_fetch | Successfully fetched page at index 0, got 1 CVEs
2026-07-02 23:21:37 | DEBUG    | nvd_fetch | Fetching NVD page: startIndex=0, resultsPerPage=200
2026-07-02 23:21:37 | DEBUG    | nvd_fetch | Specific CVE: CVE-2007-0671
2026-07-02 23:21:37 | INFO     | nvd_fetch | Successfully fetched page at index 0, got 1 CVEs
2026-07-02 23:21:44 | DEBUG    | nvd_fetch | Fetching NVD page: startIndex=0, resultsPerPage=200
2026-07-02 23:21:44 | DEBUG    | nvd_fetch | Specific CVE: CVE-2013-3893
2026-07-02 23:21:44 | INFO     | nvd_fetch | Successfully fetched page at index 0, got 1 CVEs
2026-07-02 23:21:51 | DEBUG    | nvd_fetch | Fetching NVD page: startIndex=0, resultsPerPage=200
2026-07-02 23:21:51 | DEBUG    | nvd_fetch | Specific CVE: CVE-2020-25078
2026-07-02 23:21:51 | INFO     | nvd_fetch | Successfully fetched page at index 0, got 1 CVEs
2026-07-02 23:21:57 | DEBUG    | nvd_fetch | Fetching NVD page: startIndex=0, resultsPerPage=200
2026-07-02 23:21:57 | DEBUG    | nvd_fetch | Specific CVE: CVE-2020-25079
2026-07-02 23:21:58 | INFO     | nvd_fetch | Successfully fetched page at index 0, got 1 CVEs
2026-07-02 23:22:04 | DEBUG    | nvd_fetch | Fetching NVD page: startIndex=0, resultsPerPage=200
2026-07-02 23:22:04 | DEBUG    | nvd_fetch | Specific CVE: CVE-2022-40799
2026-07-02 23:22:05 | INFO     | nvd_fetch | Successfully fetched page at index 0, got 1 CVEs
2026-07-02 23:22:11 | DEBUG    | nvd_fetch | Fetching NVD page: startIndex=0, resultsPerPage=200
2026-07-02 23:22:11 | DEBUG    | nvd_fetch | Specific CVE: CVE-2023-2533
2026-07-02 23:22:11 | INFO     | nvd_fetch | Successfully fetched page at index 0, got 1 CVEs
2026-07-02 23:22:18 | DEBUG    | nvd_fetch | Fetching NVD page: startIndex=0, resultsPerPage=200
2026-07-02 23:22:18 | DEBUG    | nvd_fetch | Specific CVE: CVE-2025-20337
2026-07-02 23:22:18 | INFO     | nvd_fetch | Successfully fetched page at index 0, got 1 CVEs
2026-07-02 23:22:25 | DEBUG    | nvd_fetch | Fetching NVD page: startIndex=0, resultsPerPage=200
2026-07-02 23:22:25 | DEBUG    | nvd_fetch | Specific CVE: CVE-2025-20281
2026-07-02 23:22:25 | INFO     | nvd_fetch | Successfully fetched page at index 0, got 1 CVEs
2026-07-02 23:22:32 | DEBUG    | nvd_fetch | Fetching NVD page: startIndex=0, resultsPerPage=200
2026-07-02 23:22:32 | DEBUG    | nvd_fetch | Specific CVE: CVE-2025-2775
2026-07-02 23:22:32 | INFO     | nvd_fetch | Successfully fetched page at index 0, got 1 CVEs
2026-07-02 23:22:38 | DEBUG    | nvd_fetch | Fetching NVD page: startIndex=0, resultsPerPage=200
2026-07-02 23:22:38 | DEBUG    | nvd_fetch | Specific CVE: CVE-2025-2776
2026-07-02 23:22:39 | INFO     | nvd_fetch | Successfully fetched page at index 0, got 1 CVEs
2026-07-02 23:22:45 | DEBUG    | nvd_fetch | Fetching NVD page: startIndex=0, resultsPerPage=200
2026-07-02 23:22:45 | DEBUG    | nvd_fetch | Specific CVE: CVE-2025-6558
2026-07-02 23:22:46 | INFO     | nvd_fetch | Successfully fetched page at index 0, got 1 CVEs
2026-07-02 23:22:52 | DEBUG    | nvd_fetch | Fetching NVD page: startIndex=0, resultsPerPage=200
2026-07-02 23:22:52 | DEBUG    | nvd_fetch | Specific CVE: CVE-2025-54309
2026-07-02 23:22:52 | INFO     | nvd_fetch | Successfully fetched page at index 0, got 1 CVEs
2026-07-02 23:22:59 | DEBUG    | nvd_fetch | Fetching NVD page: startIndex=0, resultsPerPage=200
2026-07-02 23:22:59 | DEBUG    | nvd_fetch | Specific CVE: CVE-2025-49704
2026-07-02 23:22:59 | INFO     | nvd_fetch | Successfully fetched page at index 0, got 1 CVEs
2026-07-02 23:23:06 | DEBUG    | nvd_fetch | Fetching NVD page: startIndex=0, resultsPerPage=200
2026-07-02 23:23:06 | DEBUG    | nvd_fetch | Specific CVE: CVE-2025-49706
2026-07-02 23:23:06 | INFO     | nvd_fetch | Successfully fetched page at index 0, got 1 CVEs
2026-07-02 23:23:12 | DEBUG    | nvd_fetch | Fetching NVD page: startIndex=0, resultsPerPage=200
2026-07-02 23:23:12 | DEBUG    | nvd_fetch | Specific CVE: CVE-2025-53770
2026-07-02 23:23:13 | INFO     | nvd_fetch | Successfully fetched page at index 0, got 1 CVEs
2026-07-02 23:23:19 | DEBUG    | nvd_fetch | Fetching NVD page: startIndex=0, resultsPerPage=200
2026-07-02 23:23:19 | DEBUG    | nvd_fetch | Specific CVE: CVE-2025-25257
2026-07-02 23:23:19 | INFO     | nvd_fetch | Successfully fetched page at index 0, got 1 CVEs
2026-07-02 23:23:26 | DEBUG    | nvd_fetch | Fetching NVD page: startIndex=0, resultsPerPage=200
2026-07-02 23:23:26 | DEBUG    | nvd_fetch | Specific CVE: CVE-2025-47812
2026-07-02 23:23:26 | INFO     | nvd_fetch | Successfully fetched page at index 0, got 1 CVEs
2026-07-02 23:23:33 | DEBUG    | nvd_fetch | Fetching NVD page: startIndex=0, resultsPerPage=200
2026-07-02 23:23:33 | DEBUG    | nvd_fetch | Specific CVE: CVE-2025-5777
2026-07-02 23:23:33 | INFO     | nvd_fetch | Successfully fetched page at index 0, got 1 CVEs
2026-07-02 23:23:39 | DEBUG    | nvd_fetch | Fetching NVD page: startIndex=0, resultsPerPage=200
2026-07-02 23:23:39 | DEBUG    | nvd_fetch | Specific CVE: CVE-2019-9621
2026-07-02 23:23:40 | INFO     | nvd_fetch | Successfully fetched page at index 0, got 1 CVEs
2026-07-02 23:23:46 | DEBUG    | nvd_fetch | Fetching NVD page: startIndex=0, resultsPerPage=200
2026-07-02 23:23:46 | DEBUG    | nvd_fetch | Specific CVE: CVE-2019-5418
2026-07-02 23:23:47 | INFO     | nvd_fetch | Successfully fetched page at index 0, got 1 CVEs
2026-07-02 23:23:53 | DEBUG    | nvd_fetch | Fetching NVD page: startIndex=0, resultsPerPage=200
2026-07-02 23:23:53 | DEBUG    | nvd_fetch | Specific CVE: CVE-2016-10033
2026-07-02 23:23:54 | INFO     | nvd_fetch | Successfully fetched page at index 0, got 1 CVEs
2026-07-02 23:24:00 | DEBUG    | nvd_fetch | Fetching NVD page: startIndex=0, resultsPerPage=200
2026-07-02 23:24:00 | DEBUG    | nvd_fetch | Specific CVE: CVE-2014-3931
2026-07-02 23:24:01 | INFO     | nvd_fetch | Successfully fetched page at index 0, got 1 CVEs
2026-07-02 23:24:07 | DEBUG    | nvd_fetch | Fetching NVD page: startIndex=0, resultsPerPage=200
2026-07-02 23:24:07 | DEBUG    | nvd_fetch | Specific CVE: CVE-2025-6554
2026-07-02 23:24:08 | INFO     | nvd_fetch | Successfully fetched page at index 0, got 1 CVEs
2026-07-02 23:24:14 | DEBUG    | nvd_fetch | Fetching NVD page: startIndex=0, resultsPerPage=200
2026-07-02 23:24:14 | DEBUG    | nvd_fetch | Specific CVE: CVE-2025-48928
2026-07-02 23:24:14 | INFO     | nvd_fetch | Successfully fetched page at index 0, got 1 CVEs
2026-07-02 23:24:21 | DEBUG    | nvd_fetch | Fetching NVD page: startIndex=0, resultsPerPage=200
2026-07-02 23:24:21 | DEBUG    | nvd_fetch | Specific CVE: CVE-2025-48927
2026-07-02 23:24:21 | INFO     | nvd_fetch | Successfully fetched page at index 0, got 1 CVEs
2026-07-02 23:24:28 | DEBUG    | nvd_fetch | Fetching NVD page: startIndex=0, resultsPerPage=200
2026-07-02 23:24:28 | DEBUG    | nvd_fetch | Specific CVE: CVE-2025-6543
2026-07-02 23:24:28 | INFO     | nvd_fetch | Successfully fetched page at index 0, got 1 CVEs
2026-07-02 23:24:35 | DEBUG    | nvd_fetch | Fetching NVD page: startIndex=0, resultsPerPage=200
2026-07-02 23:24:35 | DEBUG    | nvd_fetch | Specific CVE: CVE-2019-6693
2026-07-02 23:24:35 | INFO     | nvd_fetch | Successfully fetched page at index 0, got 1 CVEs
2026-07-02 23:24:41 | DEBUG    | nvd_fetch | Fetching NVD page: startIndex=0, resultsPerPage=200
2026-07-02 23:24:41 | DEBUG    | nvd_fetch | Specific CVE: CVE-2024-0769
2026-07-02 23:24:42 | INFO     | nvd_fetch | Successfully fetched page at index 0, got 1 CVEs
2026-07-02 23:24:48 | DEBUG    | nvd_fetch | Fetching NVD page: startIndex=0, resultsPerPage=200
2026-07-02 23:24:48 | DEBUG    | nvd_fetch | Specific CVE: CVE-2024-54085
2026-07-02 23:24:48 | INFO     | nvd_fetch | Successfully fetched page at index 0, got 1 CVEs
2026-07-02 23:24:55 | DEBUG    | nvd_fetch | Fetching NVD page: startIndex=0, resultsPerPage=200
2026-07-02 23:24:55 | DEBUG    | nvd_fetch | Specific CVE: CVE-2023-0386
2026-07-02 23:24:55 | INFO     | nvd_fetch | Successfully fetched page at index 0, got 1 CVEs
2026-07-02 23:25:02 | DEBUG    | nvd_fetch | Fetching NVD page: startIndex=0, resultsPerPage=200
2026-07-02 23:25:02 | DEBUG    | nvd_fetch | Specific CVE: CVE-2023-33538
2026-07-02 23:25:02 | INFO     | nvd_fetch | Successfully fetched page at index 0, got 1 CVEs
2026-07-02 23:25:08 | DEBUG    | nvd_fetch | Fetching NVD page: startIndex=0, resultsPerPage=200
2026-07-02 23:25:08 | DEBUG    | nvd_fetch | Specific CVE: CVE-2025-43200
2026-07-02 23:25:09 | INFO     | nvd_fetch | Successfully fetched page at index 0, got 1 CVEs
2026-07-02 23:25:15 | DEBUG    | nvd_fetch | Fetching NVD page: startIndex=0, resultsPerPage=200
2026-07-02 23:25:15 | DEBUG    | nvd_fetch | Specific CVE: CVE-2025-33053
2026-07-02 23:25:16 | INFO     | nvd_fetch | Successfully fetched page at index 0, got 1 CVEs
2026-07-02 23:25:22 | DEBUG    | nvd_fetch | Fetching NVD page: startIndex=0, resultsPerPage=200
2026-07-02 23:25:22 | DEBUG    | nvd_fetch | Specific CVE: CVE-2025-24016
2026-07-02 23:25:22 | INFO     | nvd_fetch | Successfully fetched page at index 0, got 1 CVEs
2026-07-02 23:25:29 | DEBUG    | nvd_fetch | Fetching NVD page: startIndex=0, resultsPerPage=200
2026-07-02 23:25:29 | DEBUG    | nvd_fetch | Specific CVE: CVE-2024-42009
2026-07-02 23:25:29 | INFO     | nvd_fetch | Successfully fetched page at index 0, got 1 CVEs
2026-07-02 23:25:36 | DEBUG    | nvd_fetch | Fetching NVD page: startIndex=0, resultsPerPage=200
2026-07-02 23:25:36 | DEBUG    | nvd_fetch | Specific CVE: CVE-2025-32433
2026-07-02 23:25:36 | INFO     | nvd_fetch | Successfully fetched page at index 0, got 1 CVEs
2026-07-02 23:25:42 | DEBUG    | nvd_fetch | Fetching NVD page: startIndex=0, resultsPerPage=200
2026-07-02 23:25:43 | DEBUG    | nvd_fetch | Specific CVE: CVE-2025-5419
2026-07-02 23:25:43 | INFO     | nvd_fetch | Successfully fetched page at index 0, got 1 CVEs
2026-07-02 23:25:50 | DEBUG    | nvd_fetch | Fetching NVD page: startIndex=0, resultsPerPage=200
2026-07-02 23:25:50 | DEBUG    | nvd_fetch | Specific CVE: CVE-2025-21479
2026-07-02 23:25:50 | INFO     | nvd_fetch | Successfully fetched page at index 0, got 1 CVEs
2026-07-02 23:25:56 | DEBUG    | nvd_fetch | Fetching NVD page: startIndex=0, resultsPerPage=200
2026-07-02 23:25:56 | DEBUG    | nvd_fetch | Specific CVE: CVE-2025-21480
2026-07-02 23:25:57 | INFO     | nvd_fetch | Successfully fetched page at index 0, got 1 CVEs
2026-07-02 23:26:03 | DEBUG    | nvd_fetch | Fetching NVD page: startIndex=0, resultsPerPage=200
2026-07-02 23:26:03 | DEBUG    | nvd_fetch | Specific CVE: CVE-2025-27038
2026-07-02 23:26:04 | INFO     | nvd_fetch | Successfully fetched page at index 0, got 1 CVEs
2026-07-02 23:26:10 | DEBUG    | nvd_fetch | Fetching NVD page: startIndex=0, resultsPerPage=200
2026-07-02 23:26:10 | DEBUG    | nvd_fetch | Specific CVE: CVE-2021-32030
2026-07-02 23:26:11 | INFO     | nvd_fetch | Successfully fetched page at index 0, got 1 CVEs
2026-07-02 23:26:17 | DEBUG    | nvd_fetch | Fetching NVD page: startIndex=0, resultsPerPage=200
2026-07-02 23:26:17 | DEBUG    | nvd_fetch | Specific CVE: CVE-2025-3935
2026-07-02 23:26:18 | INFO     | nvd_fetch | Successfully fetched page at index 0, got 1 CVEs
2026-07-02 23:26:24 | DEBUG    | nvd_fetch | Fetching NVD page: startIndex=0, resultsPerPage=200
2026-07-02 23:26:24 | DEBUG    | nvd_fetch | Specific CVE: CVE-2025-35939
2026-07-02 23:26:24 | INFO     | nvd_fetch | Successfully fetched page at index 0, got 1 CVEs
2026-07-02 23:26:31 | DEBUG    | nvd_fetch | Fetching NVD page: startIndex=0, resultsPerPage=200
2026-07-02 23:26:31 | DEBUG    | nvd_fetch | Specific CVE: CVE-2024-56145
2026-07-02 23:26:44 | INFO     | nvd_fetch | Successfully fetched page at index 0, got 1 CVEs
2026-07-02 23:26:51 | DEBUG    | nvd_fetch | Fetching NVD page: startIndex=0, resultsPerPage=200
2026-07-02 23:26:51 | DEBUG    | nvd_fetch | Specific CVE: CVE-2023-39780
2026-07-02 23:27:36 | INFO     | nvd_fetch | Successfully fetched page at index 0, got 1 CVEs
2026-07-02 23:27:43 | DEBUG    | nvd_fetch | Fetching NVD page: startIndex=0, resultsPerPage=200
2026-07-02 23:27:43 | DEBUG    | nvd_fetch | Specific CVE: CVE-2025-4632
2026-07-02 23:27:43 | INFO     | nvd_fetch | Successfully fetched page at index 0, got 1 CVEs
2026-07-02 23:27:50 | DEBUG    | nvd_fetch | Fetching NVD page: startIndex=0, resultsPerPage=200
2026-07-02 23:27:50 | DEBUG    | nvd_fetch | Specific CVE: CVE-2023-38950
2026-07-02 23:27:56 | INFO     | nvd_fetch | Successfully fetched page at index 0, got 1 CVEs
2026-07-02 23:28:03 | DEBUG    | nvd_fetch | Fetching NVD page: startIndex=0, resultsPerPage=200
2026-07-02 23:28:03 | DEBUG    | nvd_fetch | Specific CVE: CVE-2024-27443
2026-07-02 23:28:05 | INFO     | nvd_fetch | Successfully fetched page at index 0, got 1 CVEs
2026-07-02 23:28:11 | DEBUG    | nvd_fetch | Fetching NVD page: startIndex=0, resultsPerPage=200
2026-07-02 23:28:11 | DEBUG    | nvd_fetch | Specific CVE: CVE-2025-27920
2026-07-02 23:28:12 | INFO     | nvd_fetch | Successfully fetched page at index 0, got 1 CVEs
2026-07-02 23:28:18 | DEBUG    | nvd_fetch | Fetching NVD page: startIndex=0, resultsPerPage=200
2026-07-02 23:28:18 | DEBUG    | nvd_fetch | Specific CVE: CVE-2024-11182
2026-07-02 23:28:19 | INFO     | nvd_fetch | Successfully fetched page at index 0, got 1 CVEs
2026-07-02 23:28:25 | DEBUG    | nvd_fetch | Fetching NVD page: startIndex=0, resultsPerPage=200
2026-07-02 23:28:25 | DEBUG    | nvd_fetch | Specific CVE: CVE-2025-4428
2026-07-02 23:28:25 | INFO     | nvd_fetch | Successfully fetched page at index 0, got 1 CVEs
2026-07-02 23:28:32 | DEBUG    | nvd_fetch | Fetching NVD page: startIndex=0, resultsPerPage=200
2026-07-02 23:28:32 | DEBUG    | nvd_fetch | Specific CVE: CVE-2025-4427
2026-07-02 23:28:32 | INFO     | nvd_fetch | Successfully fetched page at index 0, got 1 CVEs
2026-07-02 23:36:45 | DEBUG    | nvd_fetch | Fetching NVD page: startIndex=0, resultsPerPage=200
2026-07-02 23:36:45 | DEBUG    | nvd_fetch | Specific CVE: CVE-2025-42999
2026-07-03 00:31:53 | WARNING  | nvd_fetch | NVD fetch connection error:  (attempt 1/6). Retrying in 5.0s...
2026-07-03 00:31:59 | INFO     | nvd_fetch | Successfully fetched page at index 0, got 1 CVEs
2026-07-03 00:32:06 | DEBUG    | nvd_fetch | Fetching NVD page: startIndex=0, resultsPerPage=200
2026-07-03 00:32:06 | DEBUG    | nvd_fetch | Specific CVE: CVE-2024-12987
2026-07-03 00:32:09 | INFO     | nvd_fetch | Successfully fetched page at index 0, got 1 CVEs
2026-07-03 00:32:16 | DEBUG    | nvd_fetch | Fetching NVD page: startIndex=0, resultsPerPage=200
2026-07-03 00:32:16 | DEBUG    | nvd_fetch | Specific CVE: CVE-2025-32756
2026-07-03 00:33:16 | WARNING  | nvd_fetch | NVD fetch connection error:  (attempt 1/6). Retrying in 5.0s...
2026-07-03 00:33:22 | INFO     | nvd_fetch | Successfully fetched page at index 0, got 1 CVEs
2026-07-03 00:33:28 | DEBUG    | nvd_fetch | Fetching NVD page: startIndex=0, resultsPerPage=200
2026-07-03 00:33:28 | DEBUG    | nvd_fetch | Specific CVE: CVE-2025-32709
2026-07-03 00:33:29 | INFO     | nvd_fetch | Successfully fetched page at index 0, got 1 CVEs
2026-07-03 00:33:35 | DEBUG    | nvd_fetch | Fetching NVD page: startIndex=0, resultsPerPage=200
2026-07-03 00:33:35 | DEBUG    | nvd_fetch | Specific CVE: CVE-2025-30397
2026-07-03 00:33:36 | INFO     | nvd_fetch | Successfully fetched page at index 0, got 1 CVEs
2026-07-03 00:33:42 | DEBUG    | nvd_fetch | Fetching NVD page: startIndex=0, resultsPerPage=200
2026-07-03 00:33:42 | DEBUG    | nvd_fetch | Specific CVE: CVE-2025-32706
2026-07-03 00:33:43 | INFO     | nvd_fetch | Successfully fetched page at index 0, got 1 CVEs
2026-07-03 00:33:49 | DEBUG    | nvd_fetch | Fetching NVD page: startIndex=0, resultsPerPage=200
2026-07-03 00:33:49 | DEBUG    | nvd_fetch | Specific CVE: CVE-2025-32701
2026-07-03 00:33:50 | INFO     | nvd_fetch | Successfully fetched page at index 0, got 1 CVEs
2026-07-03 00:33:56 | DEBUG    | nvd_fetch | Fetching NVD page: startIndex=0, resultsPerPage=200
2026-07-03 00:33:56 | DEBUG    | nvd_fetch | Specific CVE: CVE-2025-30400
2026-07-03 00:33:57 | INFO     | nvd_fetch | Successfully fetched page at index 0, got 1 CVEs
2026-07-03 00:34:04 | DEBUG    | nvd_fetch | Fetching NVD page: startIndex=0, resultsPerPage=200
2026-07-03 00:34:04 | DEBUG    | nvd_fetch | Specific CVE: CVE-2025-47729
2026-07-03 00:34:04 | INFO     | nvd_fetch | Successfully fetched page at index 0, got 1 CVEs
2026-07-03 00:34:11 | DEBUG    | nvd_fetch | Fetching NVD page: startIndex=0, resultsPerPage=200
2026-07-03 00:34:11 | DEBUG    | nvd_fetch | Specific CVE: CVE-2024-11120
2026-07-03 00:34:11 | INFO     | nvd_fetch | Successfully fetched page at index 0, got 1 CVEs
2026-07-03 00:34:18 | DEBUG    | nvd_fetch | Fetching NVD page: startIndex=0, resultsPerPage=200
2026-07-03 00:34:18 | DEBUG    | nvd_fetch | Specific CVE: CVE-2024-6047
2026-07-03 00:34:18 | INFO     | nvd_fetch | Successfully fetched page at index 0, got 1 CVEs
2026-07-03 00:34:25 | DEBUG    | nvd_fetch | Fetching NVD page: startIndex=0, resultsPerPage=200
2026-07-03 00:34:25 | DEBUG    | nvd_fetch | Specific CVE: CVE-2025-27363
2026-07-03 00:34:25 | INFO     | nvd_fetch | Successfully fetched page at index 0, got 1 CVEs
2026-07-03 00:34:32 | DEBUG    | nvd_fetch | Fetching NVD page: startIndex=0, resultsPerPage=200
2026-07-03 00:34:32 | DEBUG    | nvd_fetch | Specific CVE: CVE-2025-3248
2026-07-03 00:34:32 | INFO     | nvd_fetch | Successfully fetched page at index 0, got 1 CVEs
2026-07-03 00:34:39 | DEBUG    | nvd_fetch | Fetching NVD page: startIndex=0, resultsPerPage=200
2026-07-03 00:34:39 | DEBUG    | nvd_fetch | Specific CVE: CVE-2025-34028
2026-07-03 00:34:39 | INFO     | nvd_fetch | Successfully fetched page at index 0, got 1 CVEs
2026-07-03 00:34:45 | DEBUG    | nvd_fetch | Fetching NVD page: startIndex=0, resultsPerPage=200
2026-07-03 00:34:45 | DEBUG    | nvd_fetch | Specific CVE: CVE-2024-58136
2026-07-03 00:34:46 | INFO     | nvd_fetch | Successfully fetched page at index 0, got 1 CVEs
2026-07-03 00:34:52 | DEBUG    | nvd_fetch | Fetching NVD page: startIndex=0, resultsPerPage=200
2026-07-03 00:34:52 | DEBUG    | nvd_fetch | Specific CVE: CVE-2024-38475
2026-07-03 00:34:52 | INFO     | nvd_fetch | Successfully fetched page at index 0, got 1 CVEs
2026-07-03 00:34:59 | DEBUG    | nvd_fetch | Fetching NVD page: startIndex=0, resultsPerPage=200
2026-07-03 00:34:59 | DEBUG    | nvd_fetch | Specific CVE: CVE-2023-44221
2026-07-03 00:34:59 | INFO     | nvd_fetch | Successfully fetched page at index 0, got 1 CVEs
2026-07-03 00:35:06 | DEBUG    | nvd_fetch | Fetching NVD page: startIndex=0, resultsPerPage=200
2026-07-03 00:35:06 | DEBUG    | nvd_fetch | Specific CVE: CVE-2025-31324
2026-07-03 00:35:06 | INFO     | nvd_fetch | Successfully fetched page at index 0, got 1 CVEs
2026-07-03 00:35:12 | DEBUG    | nvd_fetch | Fetching NVD page: startIndex=0, resultsPerPage=200
2026-07-03 00:35:12 | DEBUG    | nvd_fetch | Specific CVE: CVE-2025-1976
2026-07-03 00:35:13 | INFO     | nvd_fetch | Successfully fetched page at index 0, got 1 CVEs
2026-07-03 00:35:19 | DEBUG    | nvd_fetch | Fetching NVD page: startIndex=0, resultsPerPage=200
2026-07-03 00:35:19 | DEBUG    | nvd_fetch | Specific CVE: CVE-2025-42599
2026-07-03 00:35:20 | INFO     | nvd_fetch | Successfully fetched page at index 0, got 1 CVEs
2026-07-03 00:35:26 | DEBUG    | nvd_fetch | Fetching NVD page: startIndex=0, resultsPerPage=200
2026-07-03 00:35:26 | DEBUG    | nvd_fetch | Specific CVE: CVE-2025-3928
2026-07-03 00:35:27 | INFO     | nvd_fetch | Successfully fetched page at index 0, got 1 CVEs
2026-07-03 00:35:33 | DEBUG    | nvd_fetch | Fetching NVD page: startIndex=0, resultsPerPage=200
2026-07-03 00:35:33 | DEBUG    | nvd_fetch | Specific CVE: CVE-2025-24054
2026-07-03 00:35:33 | INFO     | nvd_fetch | Successfully fetched page at index 0, got 1 CVEs
2026-07-03 00:35:40 | DEBUG    | nvd_fetch | Fetching NVD page: startIndex=0, resultsPerPage=200
2026-07-03 00:35:40 | DEBUG    | nvd_fetch | Specific CVE: CVE-2025-31201
2026-07-03 00:35:40 | INFO     | nvd_fetch | Successfully fetched page at index 0, got 1 CVEs
2026-07-03 00:35:47 | DEBUG    | nvd_fetch | Fetching NVD page: startIndex=0, resultsPerPage=200
2026-07-03 00:35:47 | DEBUG    | nvd_fetch | Specific CVE: CVE-2025-31200
2026-07-03 00:35:47 | INFO     | nvd_fetch | Successfully fetched page at index 0, got 1 CVEs
2026-07-03 00:35:54 | DEBUG    | nvd_fetch | Fetching NVD page: startIndex=0, resultsPerPage=200
2026-07-03 00:35:54 | DEBUG    | nvd_fetch | Specific CVE: CVE-2021-20035
2026-07-03 00:35:54 | INFO     | nvd_fetch | Successfully fetched page at index 0, got 1 CVEs
2026-07-03 00:36:01 | DEBUG    | nvd_fetch | Fetching NVD page: startIndex=0, resultsPerPage=200
2026-07-03 00:36:01 | DEBUG    | nvd_fetch | Specific CVE: CVE-2024-53150
2026-07-03 00:36:01 | INFO     | nvd_fetch | Successfully fetched page at index 0, got 1 CVEs
2026-07-03 00:36:07 | DEBUG    | nvd_fetch | Fetching NVD page: startIndex=0, resultsPerPage=200
2026-07-03 00:36:07 | DEBUG    | nvd_fetch | Specific CVE: CVE-2024-53197
2026-07-03 00:36:08 | INFO     | nvd_fetch | Successfully fetched page at index 0, got 1 CVEs
2026-07-03 00:36:14 | DEBUG    | nvd_fetch | Fetching NVD page: startIndex=0, resultsPerPage=200
2026-07-03 00:36:14 | DEBUG    | nvd_fetch | Specific CVE: CVE-2025-29824
2026-07-03 00:36:15 | INFO     | nvd_fetch | Successfully fetched page at index 0, got 1 CVEs
2026-07-03 00:36:21 | DEBUG    | nvd_fetch | Fetching NVD page: startIndex=0, resultsPerPage=200
2026-07-03 00:36:21 | DEBUG    | nvd_fetch | Specific CVE: CVE-2025-30406
2026-07-03 00:36:22 | INFO     | nvd_fetch | Successfully fetched page at index 0, got 1 CVEs
2026-07-03 00:36:28 | DEBUG    | nvd_fetch | Fetching NVD page: startIndex=0, resultsPerPage=200
2026-07-03 00:36:28 | DEBUG    | nvd_fetch | Specific CVE: CVE-2025-31161
2026-07-03 00:36:28 | INFO     | nvd_fetch | Successfully fetched page at index 0, got 1 CVEs
2026-07-03 00:36:35 | DEBUG    | nvd_fetch | Fetching NVD page: startIndex=0, resultsPerPage=200
2026-07-03 00:36:35 | DEBUG    | nvd_fetch | Specific CVE: CVE-2025-22457
2026-07-03 00:36:35 | INFO     | nvd_fetch | Successfully fetched page at index 0, got 1 CVEs
2026-07-03 00:36:42 | DEBUG    | nvd_fetch | Fetching NVD page: startIndex=0, resultsPerPage=200
2026-07-03 00:36:42 | DEBUG    | nvd_fetch | Specific CVE: CVE-2025-24813
2026-07-03 00:36:42 | INFO     | nvd_fetch | Successfully fetched page at index 0, got 1 CVEs
2026-07-03 00:36:48 | DEBUG    | nvd_fetch | Fetching NVD page: startIndex=0, resultsPerPage=200
2026-07-03 00:36:48 | DEBUG    | nvd_fetch | Specific CVE: CVE-2024-20439
2026-07-03 00:36:49 | INFO     | nvd_fetch | Successfully fetched page at index 0, got 1 CVEs
2026-07-03 00:36:55 | DEBUG    | nvd_fetch | Fetching NVD page: startIndex=0, resultsPerPage=200
2026-07-03 00:36:55 | DEBUG    | nvd_fetch | Specific CVE: CVE-2025-2783
2026-07-03 00:36:56 | INFO     | nvd_fetch | Successfully fetched page at index 0, got 1 CVEs
2026-07-03 00:37:02 | DEBUG    | nvd_fetch | Fetching NVD page: startIndex=0, resultsPerPage=200
2026-07-03 00:37:02 | DEBUG    | nvd_fetch | Specific CVE: CVE-2019-9875
2026-07-03 00:37:02 | INFO     | nvd_fetch | Successfully fetched page at index 0, got 1 CVEs
2026-07-03 00:37:09 | DEBUG    | nvd_fetch | Fetching NVD page: startIndex=0, resultsPerPage=200
2026-07-03 00:37:09 | DEBUG    | nvd_fetch | Specific CVE: CVE-2019-9874
2026-07-03 00:37:09 | INFO     | nvd_fetch | Successfully fetched page at index 0, got 1 CVEs
2026-07-03 00:37:16 | DEBUG    | nvd_fetch | Fetching NVD page: startIndex=0, resultsPerPage=200
2026-07-03 00:37:16 | DEBUG    | nvd_fetch | Specific CVE: CVE-2025-30154
2026-07-03 00:37:16 | INFO     | nvd_fetch | Successfully fetched page at index 0, got 1 CVEs
2026-07-03 00:37:23 | DEBUG    | nvd_fetch | Fetching NVD page: startIndex=0, resultsPerPage=200
2026-07-03 00:37:23 | DEBUG    | nvd_fetch | Specific CVE: CVE-2017-12637
2026-07-03 00:37:23 | INFO     | nvd_fetch | Successfully fetched page at index 0, got 1 CVEs
2026-07-03 00:37:30 | DEBUG    | nvd_fetch | Fetching NVD page: startIndex=0, resultsPerPage=200
2026-07-03 00:37:30 | DEBUG    | nvd_fetch | Specific CVE: CVE-2024-48248
2026-07-03 00:37:30 | INFO     | nvd_fetch | Successfully fetched page at index 0, got 1 CVEs
2026-07-03 00:37:37 | DEBUG    | nvd_fetch | Fetching NVD page: startIndex=0, resultsPerPage=200
2026-07-03 00:37:37 | DEBUG    | nvd_fetch | Specific CVE: CVE-2025-1316
2026-07-03 00:37:37 | INFO     | nvd_fetch | Successfully fetched page at index 0, got 1 CVEs
2026-07-03 00:37:44 | DEBUG    | nvd_fetch | Fetching NVD page: startIndex=0, resultsPerPage=200
2026-07-03 00:37:44 | DEBUG    | nvd_fetch | Specific CVE: CVE-2025-30066
2026-07-03 00:37:44 | INFO     | nvd_fetch | Successfully fetched page at index 0, got 1 CVEs
2026-07-03 00:37:51 | DEBUG    | nvd_fetch | Fetching NVD page: startIndex=0, resultsPerPage=200
2026-07-03 00:37:51 | DEBUG    | nvd_fetch | Specific CVE: CVE-2025-24472
2026-07-03 00:37:51 | INFO     | nvd_fetch | Successfully fetched page at index 0, got 1 CVEs
2026-07-03 00:37:57 | DEBUG    | nvd_fetch | Fetching NVD page: startIndex=0, resultsPerPage=200
2026-07-03 00:37:57 | DEBUG    | nvd_fetch | Specific CVE: CVE-2025-21590
2026-07-03 00:37:58 | INFO     | nvd_fetch | Successfully fetched page at index 0, got 1 CVEs
2026-07-03 00:38:05 | DEBUG    | nvd_fetch | Fetching NVD page: startIndex=0, resultsPerPage=200
2026-07-03 00:38:05 | DEBUG    | nvd_fetch | Specific CVE: CVE-2025-24201
2026-07-03 00:38:05 | INFO     | nvd_fetch | Successfully fetched page at index 0, got 1 CVEs
2026-07-03 00:38:11 | DEBUG    | nvd_fetch | Fetching NVD page: startIndex=0, resultsPerPage=200
2026-07-03 00:38:11 | DEBUG    | nvd_fetch | Specific CVE: CVE-2025-24993
2026-07-03 00:38:12 | INFO     | nvd_fetch | Successfully fetched page at index 0, got 1 CVEs
2026-07-03 00:38:18 | DEBUG    | nvd_fetch | Fetching NVD page: startIndex=0, resultsPerPage=200
2026-07-03 00:38:18 | DEBUG    | nvd_fetch | Specific CVE: CVE-2025-24991
2026-07-03 00:38:19 | INFO     | nvd_fetch | Successfully fetched page at index 0, got 1 CVEs
2026-07-03 01:05:02 | DEBUG    | nvd_fetch | Fetching NVD page: startIndex=0, resultsPerPage=200
2026-07-03 01:05:02 | DEBUG    | nvd_fetch | Specific CVE: CVE-2025-24985
2026-07-03 01:06:03 | WARNING  | nvd_fetch | NVD fetch connection error:  (attempt 1/6). Retrying in 5.0s...
2026-07-03 01:06:09 | INFO     | nvd_fetch | Successfully fetched page at index 0, got 1 CVEs
2026-07-03 01:06:16 | DEBUG    | nvd_fetch | Fetching NVD page: startIndex=0, resultsPerPage=200
2026-07-03 01:06:16 | DEBUG    | nvd_fetch | Specific CVE: CVE-2025-24984
2026-07-03 01:06:16 | INFO     | nvd_fetch | Successfully fetched page at index 0, got 1 CVEs
2026-07-03 01:06:23 | DEBUG    | nvd_fetch | Fetching NVD page: startIndex=0, resultsPerPage=200
2026-07-03 01:06:23 | DEBUG    | nvd_fetch | Specific CVE: CVE-2025-24983
2026-07-03 01:06:23 | INFO     | nvd_fetch | Successfully fetched page at index 0, got 1 CVEs
2026-07-03 01:06:30 | DEBUG    | nvd_fetch | Fetching NVD page: startIndex=0, resultsPerPage=200
2026-07-03 01:06:30 | DEBUG    | nvd_fetch | Specific CVE: CVE-2025-26633
2026-07-03 01:06:30 | INFO     | nvd_fetch | Successfully fetched page at index 0, got 1 CVEs
2026-07-03 01:06:36 | DEBUG    | nvd_fetch | Fetching NVD page: startIndex=0, resultsPerPage=200
2026-07-03 01:06:36 | DEBUG    | nvd_fetch | Specific CVE: CVE-2024-13161
2026-07-03 01:06:37 | INFO     | nvd_fetch | Successfully fetched page at index 0, got 1 CVEs
2026-07-03 01:06:43 | DEBUG    | nvd_fetch | Fetching NVD page: startIndex=0, resultsPerPage=200
2026-07-03 01:06:43 | DEBUG    | nvd_fetch | Specific CVE: CVE-2024-13160
2026-07-03 01:06:43 | INFO     | nvd_fetch | Successfully fetched page at index 0, got 1 CVEs
2026-07-03 01:06:50 | DEBUG    | nvd_fetch | Fetching NVD page: startIndex=0, resultsPerPage=200
2026-07-03 01:06:50 | DEBUG    | nvd_fetch | Specific CVE: CVE-2024-13159
2026-07-03 01:06:50 | INFO     | nvd_fetch | Successfully fetched page at index 0, got 1 CVEs
2026-07-03 01:06:57 | DEBUG    | nvd_fetch | Fetching NVD page: startIndex=0, resultsPerPage=200
2026-07-03 01:06:57 | DEBUG    | nvd_fetch | Specific CVE: CVE-2024-57968
2026-07-03 01:06:57 | INFO     | nvd_fetch | Successfully fetched page at index 0, got 1 CVEs
2026-07-03 01:07:03 | DEBUG    | nvd_fetch | Fetching NVD page: startIndex=0, resultsPerPage=200
2026-07-03 01:07:03 | DEBUG    | nvd_fetch | Specific CVE: CVE-2025-25181
2026-07-03 01:07:04 | INFO     | nvd_fetch | Successfully fetched page at index 0, got 1 CVEs
2026-07-03 01:07:10 | DEBUG    | nvd_fetch | Fetching NVD page: startIndex=0, resultsPerPage=200
2026-07-03 01:07:10 | DEBUG    | nvd_fetch | Specific CVE: CVE-2025-22226
2026-07-03 01:07:11 | INFO     | nvd_fetch | Successfully fetched page at index 0, got 1 CVEs
2026-07-03 01:07:17 | DEBUG    | nvd_fetch | Fetching NVD page: startIndex=0, resultsPerPage=200
2026-07-03 01:07:17 | DEBUG    | nvd_fetch | Specific CVE: CVE-2025-22225
2026-07-03 01:07:17 | INFO     | nvd_fetch | Successfully fetched page at index 0, got 1 CVEs
2026-07-03 01:07:24 | DEBUG    | nvd_fetch | Fetching NVD page: startIndex=0, resultsPerPage=200
2026-07-03 01:07:24 | DEBUG    | nvd_fetch | Specific CVE: CVE-2025-22224
2026-07-03 01:07:24 | INFO     | nvd_fetch | Successfully fetched page at index 0, got 1 CVEs
2026-07-03 01:07:31 | DEBUG    | nvd_fetch | Fetching NVD page: startIndex=0, resultsPerPage=200
2026-07-03 01:07:31 | DEBUG    | nvd_fetch | Specific CVE: CVE-2024-50302
2026-07-03 01:07:31 | INFO     | nvd_fetch | Successfully fetched page at index 0, got 1 CVEs
2026-07-03 01:07:38 | DEBUG    | nvd_fetch | Fetching NVD page: startIndex=0, resultsPerPage=200
2026-07-03 01:07:38 | DEBUG    | nvd_fetch | Specific CVE: CVE-2024-4885
2026-07-03 01:07:38 | INFO     | nvd_fetch | Successfully fetched page at index 0, got 1 CVEs
2026-07-03 01:07:45 | DEBUG    | nvd_fetch | Fetching NVD page: startIndex=0, resultsPerPage=200
2026-07-03 01:07:45 | DEBUG    | nvd_fetch | Specific CVE: CVE-2018-8639
2026-07-03 01:07:45 | INFO     | nvd_fetch | Successfully fetched page at index 0, got 1 CVEs
2026-07-03 01:07:52 | DEBUG    | nvd_fetch | Fetching NVD page: startIndex=0, resultsPerPage=200
2026-07-03 01:07:52 | DEBUG    | nvd_fetch | Specific CVE: CVE-2022-43769
2026-07-03 01:07:52 | INFO     | nvd_fetch | Successfully fetched page at index 0, got 1 CVEs
2026-07-03 01:07:58 | DEBUG    | nvd_fetch | Fetching NVD page: startIndex=0, resultsPerPage=200
2026-07-03 01:07:58 | DEBUG    | nvd_fetch | Specific CVE: CVE-2022-43939
2026-07-03 01:07:59 | INFO     | nvd_fetch | Successfully fetched page at index 0, got 1 CVEs
2026-07-03 01:08:05 | DEBUG    | nvd_fetch | Fetching NVD page: startIndex=0, resultsPerPage=200
2026-07-03 01:08:05 | DEBUG    | nvd_fetch | Specific CVE: CVE-2023-20118
2026-07-03 01:08:06 | INFO     | nvd_fetch | Successfully fetched page at index 0, got 1 CVEs
2026-07-03 01:08:12 | DEBUG    | nvd_fetch | Fetching NVD page: startIndex=0, resultsPerPage=200
2026-07-03 01:08:12 | DEBUG    | nvd_fetch | Specific CVE: CVE-2023-34192
2026-07-03 01:08:13 | INFO     | nvd_fetch | Successfully fetched page at index 0, got 1 CVEs
2026-07-03 01:08:19 | DEBUG    | nvd_fetch | Fetching NVD page: startIndex=0, resultsPerPage=200
2026-07-03 01:08:19 | DEBUG    | nvd_fetch | Specific CVE: CVE-2024-49035
2026-07-03 01:08:19 | INFO     | nvd_fetch | Successfully fetched page at index 0, got 1 CVEs
2026-07-03 01:08:26 | DEBUG    | nvd_fetch | Fetching NVD page: startIndex=0, resultsPerPage=200
2026-07-03 01:08:26 | DEBUG    | nvd_fetch | Specific CVE: CVE-2024-20953
2026-07-03 01:08:26 | INFO     | nvd_fetch | Successfully fetched page at index 0, got 1 CVEs
2026-07-03 01:08:33 | DEBUG    | nvd_fetch | Fetching NVD page: startIndex=0, resultsPerPage=200
2026-07-03 01:08:33 | DEBUG    | nvd_fetch | Specific CVE: CVE-2017-3066
2026-07-03 01:08:33 | INFO     | nvd_fetch | Successfully fetched page at index 0, got 1 CVEs
2026-07-03 01:08:39 | DEBUG    | nvd_fetch | Fetching NVD page: startIndex=0, resultsPerPage=200
2026-07-03 01:08:39 | DEBUG    | nvd_fetch | Specific CVE: CVE-2025-24989
2026-07-03 01:08:40 | INFO     | nvd_fetch | Successfully fetched page at index 0, got 1 CVEs
2026-07-03 01:08:46 | DEBUG    | nvd_fetch | Fetching NVD page: startIndex=0, resultsPerPage=200
2026-07-03 01:08:46 | DEBUG    | nvd_fetch | Specific CVE: CVE-2025-0111
2026-07-03 01:08:46 | INFO     | nvd_fetch | Successfully fetched page at index 0, got 1 CVEs
2026-07-03 01:08:53 | DEBUG    | nvd_fetch | Fetching NVD page: startIndex=0, resultsPerPage=200
2026-07-03 01:08:53 | DEBUG    | nvd_fetch | Specific CVE: CVE-2025-23209
2026-07-03 01:08:53 | INFO     | nvd_fetch | Successfully fetched page at index 0, got 1 CVEs
2026-07-03 01:09:00 | DEBUG    | nvd_fetch | Fetching NVD page: startIndex=0, resultsPerPage=200
2026-07-03 01:09:00 | DEBUG    | nvd_fetch | Specific CVE: CVE-2025-0108
2026-07-03 01:09:00 | INFO     | nvd_fetch | Successfully fetched page at index 0, got 1 CVEs
2026-07-03 01:09:07 | DEBUG    | nvd_fetch | Fetching NVD page: startIndex=0, resultsPerPage=200
2026-07-03 01:09:07 | DEBUG    | nvd_fetch | Specific CVE: CVE-2024-53704
2026-07-03 01:09:07 | INFO     | nvd_fetch | Successfully fetched page at index 0, got 1 CVEs
2026-07-03 01:09:14 | DEBUG    | nvd_fetch | Fetching NVD page: startIndex=0, resultsPerPage=200
2026-07-03 01:09:14 | DEBUG    | nvd_fetch | Specific CVE: CVE-2024-57727
2026-07-03 01:09:14 | INFO     | nvd_fetch | Successfully fetched page at index 0, got 1 CVEs
2026-07-03 01:09:20 | DEBUG    | nvd_fetch | Fetching NVD page: startIndex=0, resultsPerPage=200
2026-07-03 01:09:20 | DEBUG    | nvd_fetch | Specific CVE: CVE-2025-24200
2026-07-03 01:09:21 | INFO     | nvd_fetch | Successfully fetched page at index 0, got 1 CVEs
2026-07-03 01:09:27 | DEBUG    | nvd_fetch | Fetching NVD page: startIndex=0, resultsPerPage=200
2026-07-03 01:09:27 | DEBUG    | nvd_fetch | Specific CVE: CVE-2024-41710
2026-07-03 01:09:27 | INFO     | nvd_fetch | Successfully fetched page at index 0, got 1 CVEs
2026-07-03 01:09:34 | DEBUG    | nvd_fetch | Fetching NVD page: startIndex=0, resultsPerPage=200
2026-07-03 01:09:34 | DEBUG    | nvd_fetch | Specific CVE: CVE-2024-40891
2026-07-03 01:09:35 | INFO     | nvd_fetch | Successfully fetched page at index 0, got 1 CVEs
2026-07-03 01:09:41 | DEBUG    | nvd_fetch | Fetching NVD page: startIndex=0, resultsPerPage=200
2026-07-03 01:09:41 | DEBUG    | nvd_fetch | Specific CVE: CVE-2024-40890
2026-07-03 01:09:42 | INFO     | nvd_fetch | Successfully fetched page at index 0, got 1 CVEs
2026-07-03 01:09:48 | DEBUG    | nvd_fetch | Fetching NVD page: startIndex=0, resultsPerPage=200
2026-07-03 01:09:48 | DEBUG    | nvd_fetch | Specific CVE: CVE-2025-21418
2026-07-03 01:09:49 | INFO     | nvd_fetch | Successfully fetched page at index 0, got 1 CVEs
2026-07-03 01:09:55 | DEBUG    | nvd_fetch | Fetching NVD page: startIndex=0, resultsPerPage=200
2026-07-03 01:09:55 | DEBUG    | nvd_fetch | Specific CVE: CVE-2025-21391
2026-07-03 01:09:55 | INFO     | nvd_fetch | Successfully fetched page at index 0, got 1 CVEs
2026-07-03 01:10:02 | DEBUG    | nvd_fetch | Fetching NVD page: startIndex=0, resultsPerPage=200
2026-07-03 01:10:02 | DEBUG    | nvd_fetch | Specific CVE: CVE-2025-0994
2026-07-03 01:10:02 | INFO     | nvd_fetch | Successfully fetched page at index 0, got 1 CVEs
2026-07-03 01:10:09 | DEBUG    | nvd_fetch | Fetching NVD page: startIndex=0, resultsPerPage=200
2026-07-03 01:10:09 | DEBUG    | nvd_fetch | Specific CVE: CVE-2020-15069
2026-07-03 01:10:10 | INFO     | nvd_fetch | Successfully fetched page at index 0, got 1 CVEs
2026-07-03 01:10:16 | DEBUG    | nvd_fetch | Fetching NVD page: startIndex=0, resultsPerPage=200
2026-07-03 01:10:16 | DEBUG    | nvd_fetch | Specific CVE: CVE-2020-29574
2026-07-03 01:10:18 | INFO     | nvd_fetch | Successfully fetched page at index 0, got 1 CVEs
2026-07-03 01:10:24 | DEBUG    | nvd_fetch | Fetching NVD page: startIndex=0, resultsPerPage=200
2026-07-03 01:10:24 | DEBUG    | nvd_fetch | Specific CVE: CVE-2024-21413
2026-07-03 01:10:25 | INFO     | nvd_fetch | Successfully fetched page at index 0, got 1 CVEs
2026-07-03 01:10:31 | DEBUG    | nvd_fetch | Fetching NVD page: startIndex=0, resultsPerPage=200
2026-07-03 01:10:31 | DEBUG    | nvd_fetch | Specific CVE: CVE-2022-23748
2026-07-03 01:10:32 | INFO     | nvd_fetch | Successfully fetched page at index 0, got 1 CVEs
2026-07-03 01:10:38 | DEBUG    | nvd_fetch | Fetching NVD page: startIndex=0, resultsPerPage=200
2026-07-03 01:10:38 | DEBUG    | nvd_fetch | Specific CVE: CVE-2025-0411
2026-07-03 01:10:39 | INFO     | nvd_fetch | Successfully fetched page at index 0, got 1 CVEs
2026-07-03 01:10:45 | DEBUG    | nvd_fetch | Fetching NVD page: startIndex=0, resultsPerPage=200
2026-07-03 01:10:45 | DEBUG    | nvd_fetch | Specific CVE: CVE-2024-53104
2026-07-03 01:10:45 | INFO     | nvd_fetch | Successfully fetched page at index 0, got 1 CVEs
2026-07-03 01:10:52 | DEBUG    | nvd_fetch | Fetching NVD page: startIndex=0, resultsPerPage=200
2026-07-03 01:10:52 | DEBUG    | nvd_fetch | Specific CVE: CVE-2018-19410
2026-07-03 01:10:52 | INFO     | nvd_fetch | Successfully fetched page at index 0, got 1 CVEs
2026-07-03 01:10:59 | DEBUG    | nvd_fetch | Fetching NVD page: startIndex=0, resultsPerPage=200
2026-07-03 01:10:59 | DEBUG    | nvd_fetch | Specific CVE: CVE-2018-9276
2026-07-03 01:10:59 | INFO     | nvd_fetch | Successfully fetched page at index 0, got 1 CVEs
2026-07-03 01:11:06 | DEBUG    | nvd_fetch | Fetching NVD page: startIndex=0, resultsPerPage=200
2026-07-03 01:11:06 | DEBUG    | nvd_fetch | Specific CVE: CVE-2024-29059
2026-07-03 01:11:06 | INFO     | nvd_fetch | Successfully fetched page at index 0, got 1 CVEs
2026-07-03 01:11:13 | DEBUG    | nvd_fetch | Fetching NVD page: startIndex=0, resultsPerPage=200
2026-07-03 01:11:13 | DEBUG    | nvd_fetch | Specific CVE: CVE-2024-45195
2026-07-03 01:11:13 | INFO     | nvd_fetch | Successfully fetched page at index 0, got 1 CVEs
2026-07-03 01:11:20 | DEBUG    | nvd_fetch | Fetching NVD page: startIndex=0, resultsPerPage=200
2026-07-03 01:11:20 | DEBUG    | nvd_fetch | Specific CVE: CVE-2025-24085
2026-07-03 01:11:20 | INFO     | nvd_fetch | Successfully fetched page at index 0, got 1 CVEs
2026-07-03 01:11:26 | DEBUG    | nvd_fetch | Fetching NVD page: startIndex=0, resultsPerPage=200
2026-07-03 01:11:26 | DEBUG    | nvd_fetch | Specific CVE: CVE-2025-23006
2026-07-03 01:11:27 | INFO     | nvd_fetch | Successfully fetched page at index 0, got 1 CVEs
2026-07-03 01:11:33 | DEBUG    | nvd_fetch | Fetching NVD page: startIndex=0, resultsPerPage=200
2026-07-03 01:11:33 | DEBUG    | nvd_fetch | Specific CVE: CVE-2020-11023
2026-07-03 01:11:34 | INFO     | nvd_fetch | Successfully fetched page at index 0, got 1 CVEs
2026-07-03 01:11:41 | DEBUG    | nvd_fetch | Fetching NVD page: startIndex=0, resultsPerPage=200
2026-07-03 01:11:41 | DEBUG    | nvd_fetch | Specific CVE: CVE-2024-50603
2026-07-03 01:11:41 | INFO     | nvd_fetch | Successfully fetched page at index 0, got 1 CVEs
2026-07-03 01:11:47 | DEBUG    | nvd_fetch | Fetching NVD page: startIndex=0, resultsPerPage=200
2026-07-03 01:11:47 | DEBUG    | nvd_fetch | Specific CVE: CVE-2025-21335
2026-07-03 01:11:48 | INFO     | nvd_fetch | Successfully fetched page at index 0, got 1 CVEs
2026-07-03 01:11:54 | DEBUG    | nvd_fetch | Fetching NVD page: startIndex=0, resultsPerPage=200
2026-07-03 01:11:54 | DEBUG    | nvd_fetch | Specific CVE: CVE-2025-21334
2026-07-03 01:11:54 | INFO     | nvd_fetch | Successfully fetched page at index 0, got 1 CVEs
2026-07-03 01:12:01 | DEBUG    | nvd_fetch | Fetching NVD page: startIndex=0, resultsPerPage=200
2026-07-03 01:12:01 | DEBUG    | nvd_fetch | Specific CVE: CVE-2025-21333
2026-07-03 01:12:01 | INFO     | nvd_fetch | Successfully fetched page at index 0, got 1 CVEs
2026-07-03 01:12:08 | DEBUG    | nvd_fetch | Fetching NVD page: startIndex=0, resultsPerPage=200
2026-07-03 01:12:08 | DEBUG    | nvd_fetch | Specific CVE: CVE-2024-55591
2026-07-03 01:12:08 | INFO     | nvd_fetch | Successfully fetched page at index 0, got 1 CVEs
2026-07-03 01:12:15 | DEBUG    | nvd_fetch | Fetching NVD page: startIndex=0, resultsPerPage=200
2026-07-03 01:12:15 | DEBUG    | nvd_fetch | Specific CVE: CVE-2023-48365
2026-07-03 01:12:15 | INFO     | nvd_fetch | Successfully fetched page at index 0, got 1 CVEs
2026-07-03 01:12:22 | DEBUG    | nvd_fetch | Fetching NVD page: startIndex=0, resultsPerPage=200
2026-07-03 01:12:22 | DEBUG    | nvd_fetch | Specific CVE: CVE-2024-12686
2026-07-03 01:12:22 | INFO     | nvd_fetch | Successfully fetched page at index 0, got 1 CVEs
2026-07-03 01:12:28 | DEBUG    | nvd_fetch | Fetching NVD page: startIndex=0, resultsPerPage=200
2026-07-03 01:12:28 | DEBUG    | nvd_fetch | Specific CVE: CVE-2025-0282
2026-07-03 01:12:29 | INFO     | nvd_fetch | Successfully fetched page at index 0, got 1 CVEs
2026-07-03 01:12:36 | DEBUG    | nvd_fetch | Fetching NVD page: startIndex=0, resultsPerPage=200
2026-07-03 01:12:36 | DEBUG    | nvd_fetch | Specific CVE: CVE-2020-2883
2026-07-03 01:12:36 | INFO     | nvd_fetch | Successfully fetched page at index 0, got 1 CVEs
2026-07-03 01:12:43 | DEBUG    | nvd_fetch | Fetching NVD page: startIndex=0, resultsPerPage=200
2026-07-03 01:12:43 | DEBUG    | nvd_fetch | Specific CVE: CVE-2024-55550
2026-07-03 01:12:43 | INFO     | nvd_fetch | Successfully fetched page at index 0, got 1 CVEs
2026-07-03 01:12:50 | DEBUG    | nvd_fetch | Fetching NVD page: startIndex=0, resultsPerPage=200
2026-07-03 01:12:50 | DEBUG    | nvd_fetch | Specific CVE: CVE-2024-41713
2026-07-03 01:12:50 | INFO     | nvd_fetch | Successfully fetched page at index 0, got 1 CVEs
2026-07-03 01:12:57 | DEBUG    | nvd_fetch | Fetching NVD page: startIndex=0, resultsPerPage=200
2026-07-03 01:12:57 | DEBUG    | nvd_fetch | Specific CVE: CVE-2024-3393
2026-07-03 01:12:57 | INFO     | nvd_fetch | Successfully fetched page at index 0, got 1 CVEs
2026-07-03 01:13:04 | DEBUG    | nvd_fetch | Fetching NVD page: startIndex=0, resultsPerPage=200
2026-07-03 01:13:04 | DEBUG    | nvd_fetch | Specific CVE: CVE-2021-44207
2026-07-03 01:13:04 | INFO     | nvd_fetch | Successfully fetched page at index 0, got 1 CVEs
2026-07-03 01:13:11 | DEBUG    | nvd_fetch | Fetching NVD page: startIndex=0, resultsPerPage=200
2026-07-03 01:13:11 | DEBUG    | nvd_fetch | Specific CVE: CVE-2024-12356
2026-07-03 01:13:11 | INFO     | nvd_fetch | Successfully fetched page at index 0, got 1 CVEs
2026-07-03 01:13:18 | DEBUG    | nvd_fetch | Fetching NVD page: startIndex=0, resultsPerPage=200
2026-07-03 01:13:18 | DEBUG    | nvd_fetch | Specific CVE: CVE-2021-40407
2026-07-03 01:13:18 | INFO     | nvd_fetch | Successfully fetched page at index 0, got 1 CVEs
2026-07-03 01:13:25 | DEBUG    | nvd_fetch | Fetching NVD page: startIndex=0, resultsPerPage=200
2026-07-03 01:13:25 | DEBUG    | nvd_fetch | Specific CVE: CVE-2019-11001
2026-07-03 01:13:25 | INFO     | nvd_fetch | Successfully fetched page at index 0, got 1 CVEs
2026-07-03 01:13:32 | DEBUG    | nvd_fetch | Fetching NVD page: startIndex=0, resultsPerPage=200
2026-07-03 01:13:32 | DEBUG    | nvd_fetch | Specific CVE: CVE-2022-23227
2026-07-03 01:13:32 | INFO     | nvd_fetch | Successfully fetched page at index 0, got 1 CVEs
2026-07-03 01:13:38 | DEBUG    | nvd_fetch | Fetching NVD page: startIndex=0, resultsPerPage=200
2026-07-03 01:13:38 | DEBUG    | nvd_fetch | Specific CVE: CVE-2018-14933
2026-07-03 01:13:40 | INFO     | nvd_fetch | Successfully fetched page at index 0, got 1 CVEs
2026-07-03 01:13:46 | DEBUG    | nvd_fetch | Fetching NVD page: startIndex=0, resultsPerPage=200
2026-07-03 01:13:46 | DEBUG    | nvd_fetch | Specific CVE: CVE-2024-55956
2026-07-03 01:13:47 | INFO     | nvd_fetch | Successfully fetched page at index 0, got 1 CVEs
2026-07-03 01:13:53 | DEBUG    | nvd_fetch | Fetching NVD page: startIndex=0, resultsPerPage=200
2026-07-03 01:13:53 | DEBUG    | nvd_fetch | Specific CVE: CVE-2024-35250
2026-07-03 01:13:54 | INFO     | nvd_fetch | Successfully fetched page at index 0, got 1 CVEs
2026-07-03 01:14:01 | DEBUG    | nvd_fetch | Fetching NVD page: startIndex=0, resultsPerPage=200
2026-07-03 01:14:01 | DEBUG    | nvd_fetch | Specific CVE: CVE-2024-20767
2026-07-03 01:14:01 | INFO     | nvd_fetch | Successfully fetched page at index 0, got 1 CVEs
2026-07-03 01:14:08 | DEBUG    | nvd_fetch | Fetching NVD page: startIndex=0, resultsPerPage=200
2026-07-03 01:14:08 | DEBUG    | nvd_fetch | Specific CVE: CVE-2024-50623
2026-07-03 01:14:08 | INFO     | nvd_fetch | Successfully fetched page at index 0, got 1 CVEs
2026-07-03 01:14:12 | DEBUG    | nvd_fetch | Fetching NVD page: startIndex=0, resultsPerPage=200
2026-07-03 01:14:12 | DEBUG    | nvd_fetch | Specific CVE: CVE-2026-45659
2026-07-03 01:14:14 | INFO     | nvd_fetch | Successfully fetched page at index 0, got 1 CVEs
2026-07-03 01:14:14 | DEBUG    | nvd_fetch | Fetching NVD page: startIndex=0, resultsPerPage=200
2026-07-03 01:14:14 | DEBUG    | nvd_fetch | Specific CVE: CVE-2024-49138
2026-07-03 01:14:15 | INFO     | nvd_fetch | Successfully fetched page at index 0, got 1 CVEs
2026-07-03 01:14:20 | DEBUG    | nvd_fetch | Fetching NVD page: startIndex=0, resultsPerPage=200
2026-07-03 01:14:20 | DEBUG    | nvd_fetch | Specific CVE: CVE-2026-48558
2026-07-03 01:14:21 | INFO     | nvd_fetch | Successfully fetched page at index 0, got 1 CVEs
2026-07-03 01:14:21 | DEBUG    | nvd_fetch | Fetching NVD page: startIndex=0, resultsPerPage=200
2026-07-03 01:14:21 | DEBUG    | nvd_fetch | Specific CVE: CVE-2024-51378
2026-07-03 01:14:22 | INFO     | nvd_fetch | Successfully fetched page at index 0, got 1 CVEs
2026-07-03 01:14:28 | DEBUG    | nvd_fetch | Fetching NVD page: startIndex=0, resultsPerPage=200
2026-07-03 01:14:28 | DEBUG    | nvd_fetch | Specific CVE: CVE-2026-12569
2026-07-03 01:14:28 | DEBUG    | nvd_fetch | Fetching NVD page: startIndex=0, resultsPerPage=200
2026-07-03 01:14:28 | DEBUG    | nvd_fetch | Specific CVE: CVE-2024-11667
2026-07-03 01:14:29 | INFO     | nvd_fetch | Successfully fetched page at index 0, got 1 CVEs
2026-07-03 01:14:29 | INFO     | nvd_fetch | Successfully fetched page at index 0, got 1 CVEs
2026-07-03 01:14:35 | DEBUG    | nvd_fetch | Fetching NVD page: startIndex=0, resultsPerPage=200
2026-07-03 01:14:35 | DEBUG    | nvd_fetch | Specific CVE: CVE-2024-11680
2026-07-03 01:14:36 | INFO     | nvd_fetch | Successfully fetched page at index 0, got 1 CVEs
2026-07-03 01:14:36 | DEBUG    | nvd_fetch | Fetching NVD page: startIndex=0, resultsPerPage=200
2026-07-03 01:14:36 | DEBUG    | nvd_fetch | Specific CVE: CVE-2026-20230
2026-07-03 01:14:37 | INFO     | nvd_fetch | Successfully fetched page at index 0, got 1 CVEs
2026-07-03 01:14:42 | DEBUG    | nvd_fetch | Fetching NVD page: startIndex=0, resultsPerPage=200
2026-07-03 01:14:42 | DEBUG    | nvd_fetch | Specific CVE: CVE-2023-45727
2026-07-03 01:14:42 | INFO     | nvd_fetch | Successfully fetched page at index 0, got 1 CVEs
2026-07-03 01:14:43 | DEBUG    | nvd_fetch | Fetching NVD page: startIndex=0, resultsPerPage=200
2026-07-03 01:14:43 | DEBUG    | nvd_fetch | Specific CVE: CVE-2025-67038
2026-07-03 01:14:44 | INFO     | nvd_fetch | Successfully fetched page at index 0, got 1 CVEs
2026-07-03 01:14:49 | DEBUG    | nvd_fetch | Fetching NVD page: startIndex=0, resultsPerPage=200
2026-07-03 01:14:49 | DEBUG    | nvd_fetch | Specific CVE: CVE-2023-28461
2026-07-03 01:14:50 | INFO     | nvd_fetch | Successfully fetched page at index 0, got 1 CVEs
2026-07-03 01:14:50 | DEBUG    | nvd_fetch | Fetching NVD page: startIndex=0, resultsPerPage=200
2026-07-03 01:14:50 | DEBUG    | nvd_fetch | Specific CVE: CVE-2026-34910
2026-07-03 01:14:52 | INFO     | nvd_fetch | Successfully fetched page at index 0, got 1 CVEs
2026-07-03 01:14:56 | DEBUG    | nvd_fetch | Fetching NVD page: startIndex=0, resultsPerPage=200
2026-07-03 01:14:56 | DEBUG    | nvd_fetch | Specific CVE: CVE-2024-21287
2026-07-03 01:14:57 | INFO     | nvd_fetch | Successfully fetched page at index 0, got 1 CVEs
2026-07-03 01:14:58 | DEBUG    | nvd_fetch | Fetching NVD page: startIndex=0, resultsPerPage=200
2026-07-03 01:14:58 | DEBUG    | nvd_fetch | Specific CVE: CVE-2026-34909
2026-07-03 01:14:59 | INFO     | nvd_fetch | Successfully fetched page at index 0, got 1 CVEs
2026-07-03 01:15:04 | DEBUG    | nvd_fetch | Fetching NVD page: startIndex=0, resultsPerPage=200
2026-07-03 01:15:04 | DEBUG    | nvd_fetch | Specific CVE: CVE-2024-44309
2026-07-03 01:15:05 | INFO     | nvd_fetch | Successfully fetched page at index 0, got 1 CVEs
2026-07-03 01:15:06 | DEBUG    | nvd_fetch | Fetching NVD page: startIndex=0, resultsPerPage=200
2026-07-03 01:15:06 | DEBUG    | nvd_fetch | Specific CVE: CVE-2026-34908
2026-07-03 01:15:06 | INFO     | nvd_fetch | Successfully fetched page at index 0, got 1 CVEs
2026-07-03 01:15:11 | DEBUG    | nvd_fetch | Fetching NVD page: startIndex=0, resultsPerPage=200
2026-07-03 01:15:11 | DEBUG    | nvd_fetch | Specific CVE: CVE-2024-44308
2026-07-03 01:15:12 | INFO     | nvd_fetch | Successfully fetched page at index 0, got 1 CVEs
2026-07-03 01:15:13 | DEBUG    | nvd_fetch | Fetching NVD page: startIndex=0, resultsPerPage=200
2026-07-03 01:15:13 | DEBUG    | nvd_fetch | Specific CVE: CVE-2026-20253
2026-07-03 01:15:14 | INFO     | nvd_fetch | Successfully fetched page at index 0, got 1 CVEs
2026-07-03 01:15:19 | DEBUG    | nvd_fetch | Fetching NVD page: startIndex=0, resultsPerPage=200
2026-07-03 01:15:19 | DEBUG    | nvd_fetch | Specific CVE: CVE-2024-38813
2026-07-03 01:15:20 | INFO     | nvd_fetch | Successfully fetched page at index 0, got 1 CVEs
2026-07-03 01:15:21 | DEBUG    | nvd_fetch | Fetching NVD page: startIndex=0, resultsPerPage=200
2026-07-03 01:15:21 | DEBUG    | nvd_fetch | Specific CVE: CVE-2026-48907
2026-07-03 01:15:21 | INFO     | nvd_fetch | Successfully fetched page at index 0, got 1 CVEs
2026-07-03 01:15:26 | DEBUG    | nvd_fetch | Fetching NVD page: startIndex=0, resultsPerPage=200
2026-07-03 01:15:26 | DEBUG    | nvd_fetch | Specific CVE: CVE-2024-38812
2026-07-03 01:15:28 | DEBUG    | nvd_fetch | Fetching NVD page: startIndex=0, resultsPerPage=200
2026-07-03 01:15:28 | DEBUG    | nvd_fetch | Specific CVE: CVE-2026-54420
2026-07-03 01:16:27 | WARNING  | nvd_fetch | NVD fetch connection error:  (attempt 1/6). Retrying in 5.0s...
2026-07-03 01:16:29 | WARNING  | nvd_fetch | NVD fetch connection error:  (attempt 1/6). Retrying in 5.0s...
2026-07-03 01:16:37 | INFO     | nvd_fetch | Successfully fetched page at index 0, got 1 CVEs
2026-07-03 01:16:41 | INFO     | nvd_fetch | Successfully fetched page at index 0, got 1 CVEs
2026-07-03 01:16:44 | DEBUG    | nvd_fetch | Fetching NVD page: startIndex=0, resultsPerPage=200
2026-07-03 01:16:44 | DEBUG    | nvd_fetch | Specific CVE: CVE-2024-9474
2026-07-03 01:16:48 | DEBUG    | nvd_fetch | Fetching NVD page: startIndex=0, resultsPerPage=200
2026-07-03 01:16:48 | DEBUG    | nvd_fetch | Specific CVE: CVE-2026-20262
2026-07-03 01:16:56 | INFO     | nvd_fetch | Successfully fetched page at index 0, got 1 CVEs
2026-07-03 01:16:56 | INFO     | nvd_fetch | Successfully fetched page at index 0, got 1 CVEs
2026-07-03 01:17:02 | DEBUG    | nvd_fetch | Fetching NVD page: startIndex=0, resultsPerPage=200
2026-07-03 01:17:02 | DEBUG    | nvd_fetch | Specific CVE: CVE-2024-0012
2026-07-03 01:17:03 | DEBUG    | nvd_fetch | Fetching NVD page: startIndex=0, resultsPerPage=200
2026-07-03 01:17:03 | DEBUG    | nvd_fetch | Specific CVE: CVE-2026-35273
2026-07-03 01:17:10 | INFO     | nvd_fetch | Successfully fetched page at index 0, got 1 CVEs
2026-07-03 01:17:12 | INFO     | nvd_fetch | Successfully fetched page at index 0, got 1 CVEs
2026-07-03 01:17:16 | DEBUG    | nvd_fetch | Fetching NVD page: startIndex=0, resultsPerPage=200
2026-07-03 01:17:16 | DEBUG    | nvd_fetch | Specific CVE: CVE-2026-10520
2026-07-03 01:17:17 | INFO     | nvd_fetch | Successfully fetched page at index 0, got 1 CVEs
2026-07-03 01:17:18 | DEBUG    | nvd_fetch | Fetching NVD page: startIndex=0, resultsPerPage=200
2026-07-03 01:17:18 | DEBUG    | nvd_fetch | Specific CVE: CVE-2024-1212
2026-07-03 01:17:24 | DEBUG    | nvd_fetch | Fetching NVD page: startIndex=0, resultsPerPage=200
2026-07-03 01:17:24 | DEBUG    | nvd_fetch | Specific CVE: CVE-2026-11645
2026-07-03 01:17:24 | INFO     | nvd_fetch | Successfully fetched page at index 0, got 1 CVEs
2026-07-03 01:17:29 | INFO     | nvd_fetch | Successfully fetched page at index 0, got 1 CVEs
2026-07-03 01:17:30 | DEBUG    | nvd_fetch | Fetching NVD page: startIndex=0, resultsPerPage=200
2026-07-03 01:17:30 | DEBUG    | nvd_fetch | Specific CVE: CVE-2026-7473
2026-07-03 01:17:35 | DEBUG    | nvd_fetch | Fetching NVD page: startIndex=0, resultsPerPage=200
2026-07-03 01:17:35 | DEBUG    | nvd_fetch | Specific CVE: CVE-2024-9465
2026-07-03 01:17:36 | INFO     | nvd_fetch | Successfully fetched page at index 0, got 1 CVEs
2026-07-03 01:17:36 | INFO     | nvd_fetch | Successfully fetched page at index 0, got 1 CVEs
2026-07-03 01:17:42 | DEBUG    | nvd_fetch | Fetching NVD page: startIndex=0, resultsPerPage=200
2026-07-03 01:17:42 | DEBUG    | nvd_fetch | Specific CVE: CVE-2024-9463
2026-07-03 01:17:43 | DEBUG    | nvd_fetch | Fetching NVD page: startIndex=0, resultsPerPage=200
2026-07-03 01:17:43 | DEBUG    | nvd_fetch | Specific CVE: CVE-2026-20245
2026-07-03 01:17:43 | INFO     | nvd_fetch | Successfully fetched page at index 0, got 1 CVEs
2026-07-03 01:17:44 | INFO     | nvd_fetch | Successfully fetched page at index 0, got 1 CVEs
2026-07-03 01:17:49 | DEBUG    | nvd_fetch | Fetching NVD page: startIndex=0, resultsPerPage=200
2026-07-03 01:17:49 | DEBUG    | nvd_fetch | Specific CVE: CVE-2021-26086
2026-07-03 01:17:50 | DEBUG    | nvd_fetch | Fetching NVD page: startIndex=0, resultsPerPage=200
2026-07-03 01:17:50 | DEBUG    | nvd_fetch | Specific CVE: CVE-2026-42271
2026-07-03 01:17:51 | INFO     | nvd_fetch | Successfully fetched page at index 0, got 1 CVEs
2026-07-03 01:17:53 | INFO     | nvd_fetch | Successfully fetched page at index 0, got 1 CVEs
2026-07-03 01:17:57 | DEBUG    | nvd_fetch | Fetching NVD page: startIndex=0, resultsPerPage=200
2026-07-03 01:17:57 | DEBUG    | nvd_fetch | Specific CVE: CVE-2014-2120
2026-07-03 01:17:57 | INFO     | nvd_fetch | Successfully fetched page at index 0, got 1 CVEs
2026-07-03 01:17:59 | DEBUG    | nvd_fetch | Fetching NVD page: startIndex=0, resultsPerPage=200
2026-07-03 01:17:59 | DEBUG    | nvd_fetch | Specific CVE: CVE-2026-50751
2026-07-03 01:18:01 | INFO     | nvd_fetch | Successfully fetched page at index 0, got 1 CVEs
2026-07-03 01:18:04 | DEBUG    | nvd_fetch | Fetching NVD page: startIndex=0, resultsPerPage=200
2026-07-03 01:18:04 | DEBUG    | nvd_fetch | Specific CVE: CVE-2021-41277
2026-07-03 01:18:05 | INFO     | nvd_fetch | Successfully fetched page at index 0, got 1 CVEs
2026-07-03 01:18:07 | DEBUG    | nvd_fetch | Fetching NVD page: startIndex=0, resultsPerPage=200
2026-07-03 01:18:07 | DEBUG    | nvd_fetch | Specific CVE: CVE-2026-28318
2026-07-03 01:18:08 | INFO     | nvd_fetch | Successfully fetched page at index 0, got 1 CVEs
2026-07-03 01:18:11 | DEBUG    | nvd_fetch | Fetching NVD page: startIndex=0, resultsPerPage=200
2026-07-03 01:18:11 | DEBUG    | nvd_fetch | Specific CVE: CVE-2024-43451
2026-07-03 01:18:12 | INFO     | nvd_fetch | Successfully fetched page at index 0, got 1 CVEs
2026-07-03 01:18:14 | DEBUG    | nvd_fetch | Fetching NVD page: startIndex=0, resultsPerPage=200
2026-07-03 01:18:14 | DEBUG    | nvd_fetch | Specific CVE: CVE-2026-45247
2026-07-03 01:18:15 | INFO     | nvd_fetch | Successfully fetched page at index 0, got 1 CVEs
2026-07-03 01:18:19 | DEBUG    | nvd_fetch | Fetching NVD page: startIndex=0, resultsPerPage=200
2026-07-03 01:18:19 | DEBUG    | nvd_fetch | Specific CVE: CVE-2024-49039
2026-07-03 01:18:20 | INFO     | nvd_fetch | Successfully fetched page at index 0, got 1 CVEs
2026-07-03 01:18:22 | DEBUG    | nvd_fetch | Fetching NVD page: startIndex=0, resultsPerPage=200
2026-07-03 01:18:22 | DEBUG    | nvd_fetch | Specific CVE: CVE-2022-0492
2026-07-03 01:18:22 | INFO     | nvd_fetch | Successfully fetched page at index 0, got 1 CVEs
2026-07-03 01:18:26 | DEBUG    | nvd_fetch | Fetching NVD page: startIndex=0, resultsPerPage=200
2026-07-03 01:18:26 | DEBUG    | nvd_fetch | Specific CVE: CVE-2019-16278
2026-07-03 01:18:27 | INFO     | nvd_fetch | Successfully fetched page at index 0, got 1 CVEs
2026-07-03 01:18:29 | DEBUG    | nvd_fetch | Fetching NVD page: startIndex=0, resultsPerPage=200
2026-07-03 01:18:29 | DEBUG    | nvd_fetch | Specific CVE: CVE-2025-48595
2026-07-03 01:18:29 | INFO     | nvd_fetch | Successfully fetched page at index 0, got 1 CVEs
2026-07-03 01:18:33 | DEBUG    | nvd_fetch | Fetching NVD page: startIndex=0, resultsPerPage=200
2026-07-03 01:18:33 | DEBUG    | nvd_fetch | Specific CVE: CVE-2024-51567
2026-07-03 01:18:34 | INFO     | nvd_fetch | Successfully fetched page at index 0, got 1 CVEs
2026-07-03 01:18:36 | DEBUG    | nvd_fetch | Fetching NVD page: startIndex=0, resultsPerPage=200
2026-07-03 01:18:36 | DEBUG    | nvd_fetch | Specific CVE: CVE-2024-21182
2026-07-03 01:18:37 | INFO     | nvd_fetch | Successfully fetched page at index 0, got 1 CVEs
2026-07-03 01:18:40 | DEBUG    | nvd_fetch | Fetching NVD page: startIndex=0, resultsPerPage=200
2026-07-03 01:18:40 | DEBUG    | nvd_fetch | Specific CVE: CVE-2024-43093
2026-07-03 01:18:41 | INFO     | nvd_fetch | Successfully fetched page at index 0, got 1 CVEs
2026-07-03 01:18:43 | DEBUG    | nvd_fetch | Fetching NVD page: startIndex=0, resultsPerPage=200
2026-07-03 01:18:43 | DEBUG    | nvd_fetch | Specific CVE: CVE-2026-0257
2026-07-03 01:18:44 | INFO     | nvd_fetch | Successfully fetched page at index 0, got 1 CVEs
2026-07-03 01:18:47 | DEBUG    | nvd_fetch | Fetching NVD page: startIndex=0, resultsPerPage=200
2026-07-03 01:18:47 | DEBUG    | nvd_fetch | Specific CVE: CVE-2024-5910
2026-07-03 01:18:47 | INFO     | nvd_fetch | Successfully fetched page at index 0, got 1 CVEs
2026-07-03 01:18:50 | DEBUG    | nvd_fetch | Fetching NVD page: startIndex=0, resultsPerPage=200
2026-07-03 01:18:50 | DEBUG    | nvd_fetch | Specific CVE: CVE-2026-48027
2026-07-03 01:18:51 | INFO     | nvd_fetch | Successfully fetched page at index 0, got 1 CVEs
2026-07-03 01:18:54 | DEBUG    | nvd_fetch | Fetching NVD page: startIndex=0, resultsPerPage=200
2026-07-03 01:18:54 | DEBUG    | nvd_fetch | Specific CVE: CVE-2024-8956
2026-07-03 01:18:54 | INFO     | nvd_fetch | Successfully fetched page at index 0, got 1 CVEs
2026-07-03 01:18:57 | DEBUG    | nvd_fetch | Fetching NVD page: startIndex=0, resultsPerPage=200
2026-07-03 01:18:57 | DEBUG    | nvd_fetch | Specific CVE: CVE-2026-45321
2026-07-03 01:18:59 | INFO     | nvd_fetch | Successfully fetched page at index 0, got 1 CVEs
2026-07-03 01:19:01 | DEBUG    | nvd_fetch | Fetching NVD page: startIndex=0, resultsPerPage=200
2026-07-03 01:19:01 | DEBUG    | nvd_fetch | Specific CVE: CVE-2024-8957
2026-07-03 01:19:01 | INFO     | nvd_fetch | Successfully fetched page at index 0, got 1 CVEs
2026-07-03 01:19:05 | DEBUG    | nvd_fetch | Fetching NVD page: startIndex=0, resultsPerPage=200
2026-07-03 01:19:05 | DEBUG    | nvd_fetch | Specific CVE: CVE-2026-8398
2026-07-03 01:19:07 | INFO     | nvd_fetch | Successfully fetched page at index 0, got 1 CVEs
2026-07-03 01:19:08 | DEBUG    | nvd_fetch | Fetching NVD page: startIndex=0, resultsPerPage=200
2026-07-03 01:19:08 | DEBUG    | nvd_fetch | Specific CVE: CVE-2024-37383
2026-07-03 01:19:08 | INFO     | nvd_fetch | Successfully fetched page at index 0, got 1 CVEs
2026-07-03 01:19:13 | DEBUG    | nvd_fetch | Fetching NVD page: startIndex=0, resultsPerPage=200
2026-07-03 01:19:13 | DEBUG    | nvd_fetch | Specific CVE: CVE-2026-48172
2026-07-03 01:19:15 | DEBUG    | nvd_fetch | Fetching NVD page: startIndex=0, resultsPerPage=200
2026-07-03 01:19:15 | DEBUG    | nvd_fetch | Specific CVE: CVE-2024-20481
2026-07-03 01:19:15 | INFO     | nvd_fetch | Successfully fetched page at index 0, got 1 CVEs
2026-07-03 01:19:15 | INFO     | nvd_fetch | Successfully fetched page at index 0, got 1 CVEs
2026-07-03 01:19:21 | DEBUG    | nvd_fetch | Fetching NVD page: startIndex=0, resultsPerPage=200
2026-07-03 01:19:21 | DEBUG    | nvd_fetch | Specific CVE: CVE-2024-47575
2026-07-03 01:19:22 | INFO     | nvd_fetch | Successfully fetched page at index 0, got 1 CVEs
2026-07-03 01:19:22 | DEBUG    | nvd_fetch | Fetching NVD page: startIndex=0, resultsPerPage=200
2026-07-03 01:19:22 | DEBUG    | nvd_fetch | Specific CVE: CVE-2026-9082
2026-07-03 01:19:23 | INFO     | nvd_fetch | Successfully fetched page at index 0, got 1 CVEs
2026-07-03 01:19:28 | DEBUG    | nvd_fetch | Fetching NVD page: startIndex=0, resultsPerPage=200
2026-07-03 01:19:28 | DEBUG    | nvd_fetch | Specific CVE: CVE-2024-38094
2026-07-03 01:19:28 | INFO     | nvd_fetch | Successfully fetched page at index 0, got 1 CVEs
2026-07-03 01:19:29 | DEBUG    | nvd_fetch | Fetching NVD page: startIndex=0, resultsPerPage=200
2026-07-03 01:19:29 | DEBUG    | nvd_fetch | Specific CVE: CVE-2025-34291
2026-07-03 01:19:29 | INFO     | nvd_fetch | Successfully fetched page at index 0, got 1 CVEs
2026-07-03 01:19:35 | DEBUG    | nvd_fetch | Fetching NVD page: startIndex=0, resultsPerPage=200
2026-07-03 01:19:35 | DEBUG    | nvd_fetch | Specific CVE: CVE-2024-9537
2026-07-03 01:19:35 | INFO     | nvd_fetch | Successfully fetched page at index 0, got 1 CVEs
2026-07-03 01:19:36 | DEBUG    | nvd_fetch | Fetching NVD page: startIndex=0, resultsPerPage=200
2026-07-03 01:19:36 | DEBUG    | nvd_fetch | Specific CVE: CVE-2026-34926
2026-07-03 01:19:36 | INFO     | nvd_fetch | Successfully fetched page at index 0, got 1 CVEs
2026-07-03 01:19:42 | DEBUG    | nvd_fetch | Fetching NVD page: startIndex=0, resultsPerPage=200
2026-07-03 01:19:42 | DEBUG    | nvd_fetch | Specific CVE: CVE-2024-40711
2026-07-03 01:19:42 | INFO     | nvd_fetch | Successfully fetched page at index 0, got 1 CVEs
2026-07-03 01:19:43 | DEBUG    | nvd_fetch | Fetching NVD page: startIndex=0, resultsPerPage=200
2026-07-03 01:19:43 | DEBUG    | nvd_fetch | Specific CVE: CVE-2008-4250
2026-07-03 01:19:44 | INFO     | nvd_fetch | Successfully fetched page at index 0, got 1 CVEs
2026-07-03 01:19:49 | DEBUG    | nvd_fetch | Fetching NVD page: startIndex=0, resultsPerPage=200
2026-07-03 01:19:49 | DEBUG    | nvd_fetch | Specific CVE: CVE-2024-28987
2026-07-03 01:19:49 | INFO     | nvd_fetch | Successfully fetched page at index 0, got 1 CVEs
2026-07-03 01:19:50 | DEBUG    | nvd_fetch | Fetching NVD page: startIndex=0, resultsPerPage=200
2026-07-03 01:19:50 | DEBUG    | nvd_fetch | Specific CVE: CVE-2009-1537
2026-07-03 01:19:51 | INFO     | nvd_fetch | Successfully fetched page at index 0, got 1 CVEs
2026-07-03 01:19:55 | DEBUG    | nvd_fetch | Fetching NVD page: startIndex=0, resultsPerPage=200
2026-07-03 01:19:55 | DEBUG    | nvd_fetch | Specific CVE: CVE-2024-9680
2026-07-03 01:19:56 | INFO     | nvd_fetch | Successfully fetched page at index 0, got 1 CVEs
2026-07-03 01:19:58 | DEBUG    | nvd_fetch | Fetching NVD page: startIndex=0, resultsPerPage=200
2026-07-03 01:19:58 | DEBUG    | nvd_fetch | Specific CVE: CVE-2009-3459
2026-07-03 01:19:59 | INFO     | nvd_fetch | Successfully fetched page at index 0, got 1 CVEs
2026-07-03 01:20:02 | DEBUG    | nvd_fetch | Fetching NVD page: startIndex=0, resultsPerPage=200
2026-07-03 01:20:02 | DEBUG    | nvd_fetch | Specific CVE: CVE-2024-30088
2026-07-03 01:20:03 | INFO     | nvd_fetch | Successfully fetched page at index 0, got 1 CVEs
2026-07-03 01:20:05 | DEBUG    | nvd_fetch | Fetching NVD page: startIndex=0, resultsPerPage=200
2026-07-03 01:20:05 | DEBUG    | nvd_fetch | Specific CVE: CVE-2010-0249
2026-07-03 01:20:09 | INFO     | nvd_fetch | Successfully fetched page at index 0, got 1 CVEs
2026-07-03 01:20:09 | DEBUG    | nvd_fetch | Fetching NVD page: startIndex=0, resultsPerPage=200
2026-07-03 01:20:09 | DEBUG    | nvd_fetch | Specific CVE: CVE-2024-9380
2026-07-03 01:20:09 | INFO     | nvd_fetch | Successfully fetched page at index 0, got 1 CVEs
2026-07-03 01:20:16 | DEBUG    | nvd_fetch | Fetching NVD page: startIndex=0, resultsPerPage=200
2026-07-03 01:20:16 | DEBUG    | nvd_fetch | Specific CVE: CVE-2010-0806
2026-07-03 01:20:16 | DEBUG    | nvd_fetch | Fetching NVD page: startIndex=0, resultsPerPage=200
2026-07-03 01:20:16 | DEBUG    | nvd_fetch | Specific CVE: CVE-2024-9379
2026-07-03 01:20:16 | INFO     | nvd_fetch | Successfully fetched page at index 0, got 1 CVEs
2026-07-03 01:20:17 | INFO     | nvd_fetch | Successfully fetched page at index 0, got 1 CVEs
2026-07-03 01:20:23 | DEBUG    | nvd_fetch | Fetching NVD page: startIndex=0, resultsPerPage=200
2026-07-03 01:20:23 | DEBUG    | nvd_fetch | Specific CVE: CVE-2024-23113
2026-07-03 01:20:24 | DEBUG    | nvd_fetch | Fetching NVD page: startIndex=0, resultsPerPage=200
2026-07-03 01:20:24 | DEBUG    | nvd_fetch | Specific CVE: CVE-2026-41091
2026-07-03 01:20:25 | INFO     | nvd_fetch | Successfully fetched page at index 0, got 1 CVEs
2026-07-03 01:20:26 | INFO     | nvd_fetch | Successfully fetched page at index 0, got 1 CVEs
2026-07-03 01:20:31 | DEBUG    | nvd_fetch | Fetching NVD page: startIndex=0, resultsPerPage=200
2026-07-03 01:20:31 | DEBUG    | nvd_fetch | Specific CVE: CVE-2026-45498
2026-07-03 01:20:32 | DEBUG    | nvd_fetch | Fetching NVD page: startIndex=0, resultsPerPage=200
2026-07-03 01:20:32 | DEBUG    | nvd_fetch | Specific CVE: CVE-2024-43573
2026-07-03 01:20:33 | INFO     | nvd_fetch | Successfully fetched page at index 0, got 1 CVEs
2026-07-03 01:20:36 | INFO     | nvd_fetch | Successfully fetched page at index 0, got 1 CVEs
2026-07-03 01:20:39 | DEBUG    | nvd_fetch | Fetching NVD page: startIndex=0, resultsPerPage=200
2026-07-03 01:20:39 | DEBUG    | nvd_fetch | Specific CVE: CVE-2026-42897
2026-07-03 01:20:42 | DEBUG    | nvd_fetch | Fetching NVD page: startIndex=0, resultsPerPage=200
2026-07-03 01:20:42 | DEBUG    | nvd_fetch | Specific CVE: CVE-2024-43572
2026-07-03 01:20:42 | INFO     | nvd_fetch | Successfully fetched page at index 0, got 1 CVEs
2026-07-03 01:20:43 | INFO     | nvd_fetch | Successfully fetched page at index 0, got 1 CVEs
2026-07-03 01:20:49 | DEBUG    | nvd_fetch | Fetching NVD page: startIndex=0, resultsPerPage=200
2026-07-03 01:20:49 | DEBUG    | nvd_fetch | Specific CVE: CVE-2024-43047
2026-07-03 01:20:49 | INFO     | nvd_fetch | Successfully fetched page at index 0, got 1 CVEs
2026-07-03 01:20:50 | DEBUG    | nvd_fetch | Fetching NVD page: startIndex=0, resultsPerPage=200
2026-07-03 01:20:50 | DEBUG    | nvd_fetch | Specific CVE: CVE-2026-20182
2026-07-03 01:20:51 | INFO     | nvd_fetch | Successfully fetched page at index 0, got 1 CVEs
2026-07-03 01:20:56 | DEBUG    | nvd_fetch | Fetching NVD page: startIndex=0, resultsPerPage=200
2026-07-03 01:20:56 | DEBUG    | nvd_fetch | Specific CVE: CVE-2024-45519
2026-07-03 01:20:56 | INFO     | nvd_fetch | Successfully fetched page at index 0, got 1 CVEs
2026-07-03 01:20:57 | DEBUG    | nvd_fetch | Fetching NVD page: startIndex=0, resultsPerPage=200
2026-07-03 01:20:57 | DEBUG    | nvd_fetch | Specific CVE: CVE-2026-42208
2026-07-03 01:20:58 | INFO     | nvd_fetch | Successfully fetched page at index 0, got 1 CVEs
2026-07-03 01:21:03 | DEBUG    | nvd_fetch | Fetching NVD page: startIndex=0, resultsPerPage=200
2026-07-03 01:21:03 | DEBUG    | nvd_fetch | Specific CVE: CVE-2024-29824
2026-07-03 01:21:03 | INFO     | nvd_fetch | Successfully fetched page at index 0, got 1 CVEs
2026-07-03 01:21:04 | DEBUG    | nvd_fetch | Fetching NVD page: startIndex=0, resultsPerPage=200
2026-07-03 01:21:04 | DEBUG    | nvd_fetch | Specific CVE: CVE-2026-6973
2026-07-03 01:21:05 | INFO     | nvd_fetch | Successfully fetched page at index 0, got 1 CVEs
2026-07-03 01:21:10 | DEBUG    | nvd_fetch | Fetching NVD page: startIndex=0, resultsPerPage=200
2026-07-03 01:21:10 | DEBUG    | nvd_fetch | Specific CVE: CVE-2019-0344
2026-07-03 01:21:11 | INFO     | nvd_fetch | Successfully fetched page at index 0, got 1 CVEs
2026-07-03 01:21:11 | DEBUG    | nvd_fetch | Fetching NVD page: startIndex=0, resultsPerPage=200
2026-07-03 01:21:11 | DEBUG    | nvd_fetch | Specific CVE: CVE-2026-0300
2026-07-03 01:21:14 | INFO     | nvd_fetch | Successfully fetched page at index 0, got 1 CVEs
2026-07-03 01:21:17 | DEBUG    | nvd_fetch | Fetching NVD page: startIndex=0, resultsPerPage=200
2026-07-03 01:21:17 | DEBUG    | nvd_fetch | Specific CVE: CVE-2020-15415
2026-07-03 01:21:18 | INFO     | nvd_fetch | Successfully fetched page at index 0, got 1 CVEs
2026-07-03 01:21:21 | DEBUG    | nvd_fetch | Fetching NVD page: startIndex=0, resultsPerPage=200
2026-07-03 01:21:21 | DEBUG    | nvd_fetch | Specific CVE: CVE-2026-31431
2026-07-03 01:21:21 | INFO     | nvd_fetch | Successfully fetched page at index 0, got 1 CVEs
2026-07-03 01:21:24 | DEBUG    | nvd_fetch | Fetching NVD page: startIndex=0, resultsPerPage=200
2026-07-03 01:21:24 | DEBUG    | nvd_fetch | Specific CVE: CVE-2023-25280
2026-07-03 01:21:24 | INFO     | nvd_fetch | Successfully fetched page at index 0, got 1 CVEs
2026-07-03 01:21:28 | DEBUG    | nvd_fetch | Fetching NVD page: startIndex=0, resultsPerPage=200
2026-07-03 01:21:28 | DEBUG    | nvd_fetch | Specific CVE: CVE-2026-41940
2026-07-03 01:21:28 | INFO     | nvd_fetch | Successfully fetched page at index 0, got 1 CVEs
2026-07-03 01:21:31 | DEBUG    | nvd_fetch | Fetching NVD page: startIndex=0, resultsPerPage=200
2026-07-03 01:21:31 | DEBUG    | nvd_fetch | Specific CVE: CVE-2024-7593
2026-07-03 01:21:31 | INFO     | nvd_fetch | Successfully fetched page at index 0, got 1 CVEs
2026-07-03 01:21:35 | DEBUG    | nvd_fetch | Fetching NVD page: startIndex=0, resultsPerPage=200
2026-07-03 01:21:35 | DEBUG    | nvd_fetch | Specific CVE: CVE-2024-1708
2026-07-03 01:21:35 | INFO     | nvd_fetch | Successfully fetched page at index 0, got 1 CVEs
2026-07-03 01:21:38 | DEBUG    | nvd_fetch | Fetching NVD page: startIndex=0, resultsPerPage=200
2026-07-03 01:21:38 | DEBUG    | nvd_fetch | Specific CVE: CVE-2024-8963
2026-07-03 01:21:39 | INFO     | nvd_fetch | Successfully fetched page at index 0, got 1 CVEs
2026-07-03 01:21:42 | DEBUG    | nvd_fetch | Fetching NVD page: startIndex=0, resultsPerPage=200
2026-07-03 01:21:42 | DEBUG    | nvd_fetch | Specific CVE: CVE-2026-32202
2026-07-03 01:21:42 | INFO     | nvd_fetch | Successfully fetched page at index 0, got 1 CVEs
2026-07-03 01:21:46 | DEBUG    | nvd_fetch | Fetching NVD page: startIndex=0, resultsPerPage=200
2026-07-03 01:21:46 | DEBUG    | nvd_fetch | Specific CVE: CVE-2020-14644
2026-07-03 01:21:46 | INFO     | nvd_fetch | Successfully fetched page at index 0, got 1 CVEs
2026-07-03 01:21:48 | DEBUG    | nvd_fetch | Fetching NVD page: startIndex=0, resultsPerPage=200
2026-07-03 01:21:48 | DEBUG    | nvd_fetch | Specific CVE: CVE-2025-29635
2026-07-03 01:21:49 | INFO     | nvd_fetch | Successfully fetched page at index 0, got 1 CVEs
2026-07-03 01:21:53 | DEBUG    | nvd_fetch | Fetching NVD page: startIndex=0, resultsPerPage=200
2026-07-03 01:21:53 | DEBUG    | nvd_fetch | Specific CVE: CVE-2022-21445
2026-07-03 01:21:53 | INFO     | nvd_fetch | Successfully fetched page at index 0, got 1 CVEs
2026-07-03 01:21:55 | DEBUG    | nvd_fetch | Fetching NVD page: startIndex=0, resultsPerPage=200
2026-07-03 01:21:55 | DEBUG    | nvd_fetch | Specific CVE: CVE-2024-7399
2026-07-03 01:21:56 | INFO     | nvd_fetch | Successfully fetched page at index 0, got 1 CVEs
2026-07-03 01:21:59 | DEBUG    | nvd_fetch | Fetching NVD page: startIndex=0, resultsPerPage=200
2026-07-03 01:21:59 | DEBUG    | nvd_fetch | Specific CVE: CVE-2020-0618
2026-07-03 01:22:00 | INFO     | nvd_fetch | Successfully fetched page at index 0, got 1 CVEs
2026-07-03 01:22:02 | DEBUG    | nvd_fetch | Fetching NVD page: startIndex=0, resultsPerPage=200
2026-07-03 01:22:02 | DEBUG    | nvd_fetch | Specific CVE: CVE-2024-57728
2026-07-03 01:22:03 | INFO     | nvd_fetch | Successfully fetched page at index 0, got 1 CVEs
2026-07-03 01:22:06 | DEBUG    | nvd_fetch | Fetching NVD page: startIndex=0, resultsPerPage=200
2026-07-03 01:22:06 | DEBUG    | nvd_fetch | Specific CVE: CVE-2024-27348
2026-07-03 01:22:07 | INFO     | nvd_fetch | Successfully fetched page at index 0, got 1 CVEs
2026-07-03 01:22:11 | DEBUG    | nvd_fetch | Fetching NVD page: startIndex=0, resultsPerPage=200
2026-07-03 01:22:11 | DEBUG    | nvd_fetch | Specific CVE: CVE-2024-57726
2026-07-03 01:22:11 | INFO     | nvd_fetch | Successfully fetched page at index 0, got 1 CVEs
2026-07-03 01:22:14 | DEBUG    | nvd_fetch | Fetching NVD page: startIndex=0, resultsPerPage=200
2026-07-03 01:22:14 | DEBUG    | nvd_fetch | Specific CVE: CVE-2014-0502
2026-07-03 01:22:15 | INFO     | nvd_fetch | Successfully fetched page at index 0, got 1 CVEs
2026-07-03 01:22:17 | DEBUG    | nvd_fetch | Fetching NVD page: startIndex=0, resultsPerPage=200
2026-07-03 01:22:17 | DEBUG    | nvd_fetch | Specific CVE: CVE-2026-39987
2026-07-03 01:22:18 | INFO     | nvd_fetch | Successfully fetched page at index 0, got 1 CVEs
2026-07-03 01:22:21 | DEBUG    | nvd_fetch | Fetching NVD page: startIndex=0, resultsPerPage=200
2026-07-03 01:22:21 | DEBUG    | nvd_fetch | Specific CVE: CVE-2013-0648
2026-07-03 01:22:22 | INFO     | nvd_fetch | Successfully fetched page at index 0, got 1 CVEs
2026-07-03 01:22:24 | DEBUG    | nvd_fetch | Fetching NVD page: startIndex=0, resultsPerPage=200
2026-07-03 01:22:24 | DEBUG    | nvd_fetch | Specific CVE: CVE-2026-33825
2026-07-03 01:22:25 | INFO     | nvd_fetch | Successfully fetched page at index 0, got 1 CVEs
2026-07-03 01:22:28 | DEBUG    | nvd_fetch | Fetching NVD page: startIndex=0, resultsPerPage=200
2026-07-03 01:22:28 | DEBUG    | nvd_fetch | Specific CVE: CVE-2013-0643
2026-07-03 01:22:28 | INFO     | nvd_fetch | Successfully fetched page at index 0, got 1 CVEs
2026-07-03 01:22:31 | DEBUG    | nvd_fetch | Fetching NVD page: startIndex=0, resultsPerPage=200
2026-07-03 01:22:31 | DEBUG    | nvd_fetch | Specific CVE: CVE-2026-20122
2026-07-03 01:22:32 | INFO     | nvd_fetch | Successfully fetched page at index 0, got 1 CVEs
2026-07-03 01:22:35 | DEBUG    | nvd_fetch | Fetching NVD page: startIndex=0, resultsPerPage=200
2026-07-03 01:22:35 | DEBUG    | nvd_fetch | Specific CVE: CVE-2014-0497
2026-07-03 01:22:35 | INFO     | nvd_fetch | Successfully fetched page at index 0, got 1 CVEs
2026-07-03 01:22:38 | DEBUG    | nvd_fetch | Fetching NVD page: startIndex=0, resultsPerPage=200
2026-07-03 01:22:38 | DEBUG    | nvd_fetch | Specific CVE: CVE-2026-20133
2026-07-03 01:22:40 | INFO     | nvd_fetch | Successfully fetched page at index 0, got 1 CVEs
2026-07-03 01:22:42 | DEBUG    | nvd_fetch | Fetching NVD page: startIndex=0, resultsPerPage=200
2026-07-03 01:22:42 | DEBUG    | nvd_fetch | Specific CVE: CVE-2024-6670
2026-07-03 01:22:42 | INFO     | nvd_fetch | Successfully fetched page at index 0, got 1 CVEs
2026-07-03 01:22:47 | DEBUG    | nvd_fetch | Fetching NVD page: startIndex=0, resultsPerPage=200
2026-07-03 01:22:47 | DEBUG    | nvd_fetch | Specific CVE: CVE-2025-2749
2026-07-03 01:22:47 | INFO     | nvd_fetch | Successfully fetched page at index 0, got 1 CVEs
2026-07-03 01:22:49 | DEBUG    | nvd_fetch | Fetching NVD page: startIndex=0, resultsPerPage=200
2026-07-03 01:22:49 | DEBUG    | nvd_fetch | Specific CVE: CVE-2024-43461
2026-07-03 01:22:49 | INFO     | nvd_fetch | Successfully fetched page at index 0, got 1 CVEs
2026-07-03 01:22:53 | DEBUG    | nvd_fetch | Fetching NVD page: startIndex=0, resultsPerPage=200
2026-07-03 01:22:53 | DEBUG    | nvd_fetch | Specific CVE: CVE-2023-27351
2026-07-03 01:22:54 | INFO     | nvd_fetch | Successfully fetched page at index 0, got 1 CVEs
2026-07-03 01:22:56 | DEBUG    | nvd_fetch | Fetching NVD page: startIndex=0, resultsPerPage=200
2026-07-03 01:22:56 | DEBUG    | nvd_fetch | Specific CVE: CVE-2024-8190
2026-07-03 01:22:56 | INFO     | nvd_fetch | Successfully fetched page at index 0, got 1 CVEs
2026-07-03 01:23:00 | DEBUG    | nvd_fetch | Fetching NVD page: startIndex=0, resultsPerPage=200
2026-07-03 01:23:00 | DEBUG    | nvd_fetch | Specific CVE: CVE-2025-48700
2026-07-03 01:23:01 | INFO     | nvd_fetch | Successfully fetched page at index 0, got 1 CVEs
2026-07-03 01:23:02 | DEBUG    | nvd_fetch | Fetching NVD page: startIndex=0, resultsPerPage=200
2026-07-03 01:23:02 | DEBUG    | nvd_fetch | Specific CVE: CVE-2024-38217
2026-07-03 01:23:03 | INFO     | nvd_fetch | Successfully fetched page at index 0, got 1 CVEs
2026-07-03 01:23:07 | DEBUG    | nvd_fetch | Fetching NVD page: startIndex=0, resultsPerPage=200
2026-07-03 01:23:07 | DEBUG    | nvd_fetch | Specific CVE: CVE-2026-20128
2026-07-03 01:23:08 | INFO     | nvd_fetch | Successfully fetched page at index 0, got 1 CVEs
2026-07-03 01:23:09 | DEBUG    | nvd_fetch | Fetching NVD page: startIndex=0, resultsPerPage=200
2026-07-03 01:23:09 | DEBUG    | nvd_fetch | Specific CVE: CVE-2024-38014
2026-07-03 01:23:10 | INFO     | nvd_fetch | Successfully fetched page at index 0, got 1 CVEs
2026-07-03 01:23:14 | DEBUG    | nvd_fetch | Fetching NVD page: startIndex=0, resultsPerPage=200
2026-07-03 01:23:14 | DEBUG    | nvd_fetch | Specific CVE: CVE-2025-32975
2026-07-03 01:23:15 | INFO     | nvd_fetch | Successfully fetched page at index 0, got 1 CVEs
2026-07-03 01:23:16 | DEBUG    | nvd_fetch | Fetching NVD page: startIndex=0, resultsPerPage=200
2026-07-03 01:23:16 | DEBUG    | nvd_fetch | Specific CVE: CVE-2024-38226
2026-07-03 01:23:17 | INFO     | nvd_fetch | Successfully fetched page at index 0, got 1 CVEs
2026-07-03 01:23:21 | DEBUG    | nvd_fetch | Fetching NVD page: startIndex=0, resultsPerPage=200
2026-07-03 01:23:21 | DEBUG    | nvd_fetch | Specific CVE: CVE-2024-27199
2026-07-03 01:23:22 | INFO     | nvd_fetch | Successfully fetched page at index 0, got 1 CVEs
2026-07-03 01:23:23 | DEBUG    | nvd_fetch | Fetching NVD page: startIndex=0, resultsPerPage=200
2026-07-03 01:23:23 | DEBUG    | nvd_fetch | Specific CVE: CVE-2024-40766
2026-07-03 01:23:23 | INFO     | nvd_fetch | Successfully fetched page at index 0, got 1 CVEs
2026-07-03 01:23:28 | DEBUG    | nvd_fetch | Fetching NVD page: startIndex=0, resultsPerPage=200
2026-07-03 01:23:28 | DEBUG    | nvd_fetch | Specific CVE: CVE-2026-34197
2026-07-03 01:23:29 | INFO     | nvd_fetch | Successfully fetched page at index 0, got 1 CVEs
2026-07-03 01:23:30 | DEBUG    | nvd_fetch | Fetching NVD page: startIndex=0, resultsPerPage=200
2026-07-03 01:23:30 | DEBUG    | nvd_fetch | Specific CVE: CVE-2017-1000253
2026-07-03 01:23:31 | INFO     | nvd_fetch | Successfully fetched page at index 0, got 1 CVEs
2026-07-03 01:23:35 | DEBUG    | nvd_fetch | Fetching NVD page: startIndex=0, resultsPerPage=200
2026-07-03 01:23:35 | DEBUG    | nvd_fetch | Specific CVE: CVE-2009-0238
2026-07-03 01:23:35 | INFO     | nvd_fetch | Successfully fetched page at index 0, got 1 CVEs
2026-07-03 01:23:37 | DEBUG    | nvd_fetch | Fetching NVD page: startIndex=0, resultsPerPage=200
2026-07-03 01:23:37 | DEBUG    | nvd_fetch | Specific CVE: CVE-2016-3714
2026-07-03 01:23:40 | INFO     | nvd_fetch | Successfully fetched page at index 0, got 1 CVEs
2026-07-03 01:23:42 | DEBUG    | nvd_fetch | Fetching NVD page: startIndex=0, resultsPerPage=200
2026-07-03 01:23:42 | DEBUG    | nvd_fetch | Specific CVE: CVE-2026-32201
2026-07-03 01:23:42 | INFO     | nvd_fetch | Successfully fetched page at index 0, got 1 CVEs
2026-07-03 01:23:46 | DEBUG    | nvd_fetch | Fetching NVD page: startIndex=0, resultsPerPage=200
2026-07-03 01:23:46 | DEBUG    | nvd_fetch | Specific CVE: CVE-2024-7262
2026-07-03 01:23:47 | INFO     | nvd_fetch | Successfully fetched page at index 0, got 1 CVEs
2026-07-03 01:23:49 | DEBUG    | nvd_fetch | Fetching NVD page: startIndex=0, resultsPerPage=200
2026-07-03 01:23:49 | DEBUG    | nvd_fetch | Specific CVE: CVE-2012-1854
2026-07-03 01:23:50 | INFO     | nvd_fetch | Successfully fetched page at index 0, got 1 CVEs
2026-07-03 01:23:53 | DEBUG    | nvd_fetch | Fetching NVD page: startIndex=0, resultsPerPage=200
2026-07-03 01:23:53 | DEBUG    | nvd_fetch | Specific CVE: CVE-2021-20124
2026-07-03 01:23:54 | INFO     | nvd_fetch | Successfully fetched page at index 0, got 1 CVEs
2026-07-03 01:23:56 | DEBUG    | nvd_fetch | Fetching NVD page: startIndex=0, resultsPerPage=200
2026-07-03 01:23:56 | DEBUG    | nvd_fetch | Specific CVE: CVE-2025-60710
2026-07-03 01:23:57 | INFO     | nvd_fetch | Successfully fetched page at index 0, got 1 CVEs
2026-07-03 01:24:00 | DEBUG    | nvd_fetch | Fetching NVD page: startIndex=0, resultsPerPage=200
2026-07-03 01:24:00 | DEBUG    | nvd_fetch | Specific CVE: CVE-2021-20123
2026-07-03 01:24:00 | INFO     | nvd_fetch | Successfully fetched page at index 0, got 1 CVEs
2026-07-03 01:24:03 | DEBUG    | nvd_fetch | Fetching NVD page: startIndex=0, resultsPerPage=200
2026-07-03 01:24:03 | DEBUG    | nvd_fetch | Specific CVE: CVE-2023-21529
2026-07-03 01:24:04 | INFO     | nvd_fetch | Successfully fetched page at index 0, got 1 CVEs
2026-07-03 01:24:07 | DEBUG    | nvd_fetch | Fetching NVD page: startIndex=0, resultsPerPage=200
2026-07-03 01:24:07 | DEBUG    | nvd_fetch | Specific CVE: CVE-2024-7965
2026-07-03 01:24:07 | INFO     | nvd_fetch | Successfully fetched page at index 0, got 1 CVEs
2026-07-03 01:24:10 | DEBUG    | nvd_fetch | Fetching NVD page: startIndex=0, resultsPerPage=200
2026-07-03 01:24:10 | DEBUG    | nvd_fetch | Specific CVE: CVE-2023-36424
2026-07-03 01:24:11 | INFO     | nvd_fetch | Successfully fetched page at index 0, got 1 CVEs
2026-07-03 01:24:14 | DEBUG    | nvd_fetch | Fetching NVD page: startIndex=0, resultsPerPage=200
2026-07-03 01:24:14 | DEBUG    | nvd_fetch | Specific CVE: CVE-2024-38856
2026-07-03 01:24:14 | INFO     | nvd_fetch | Successfully fetched page at index 0, got 1 CVEs
2026-07-03 01:24:17 | DEBUG    | nvd_fetch | Fetching NVD page: startIndex=0, resultsPerPage=200
2026-07-03 01:24:17 | DEBUG    | nvd_fetch | Specific CVE: CVE-2020-9715
2026-07-03 01:24:18 | INFO     | nvd_fetch | Successfully fetched page at index 0, got 1 CVEs
2026-07-03 01:24:21 | DEBUG    | nvd_fetch | Fetching NVD page: startIndex=0, resultsPerPage=200
2026-07-03 01:24:21 | DEBUG    | nvd_fetch | Specific CVE: CVE-2024-7971
2026-07-03 01:24:21 | INFO     | nvd_fetch | Successfully fetched page at index 0, got 1 CVEs
2026-07-03 01:24:25 | DEBUG    | nvd_fetch | Fetching NVD page: startIndex=0, resultsPerPage=200
2026-07-03 01:24:25 | DEBUG    | nvd_fetch | Specific CVE: CVE-2026-21643
2026-07-03 01:24:27 | INFO     | nvd_fetch | Successfully fetched page at index 0, got 1 CVEs
2026-07-03 01:24:27 | DEBUG    | nvd_fetch | Fetching NVD page: startIndex=0, resultsPerPage=200
2026-07-03 01:24:27 | DEBUG    | nvd_fetch | Specific CVE: CVE-2024-39717
2026-07-03 01:24:28 | INFO     | nvd_fetch | Successfully fetched page at index 0, got 1 CVEs
2026-07-03 01:24:34 | DEBUG    | nvd_fetch | Fetching NVD page: startIndex=0, resultsPerPage=200
2026-07-03 01:24:34 | DEBUG    | nvd_fetch | Specific CVE: CVE-2026-34621
2026-07-03 01:24:34 | DEBUG    | nvd_fetch | Fetching NVD page: startIndex=0, resultsPerPage=200
2026-07-03 01:24:34 | DEBUG    | nvd_fetch | Specific CVE: CVE-2021-31196
2026-07-03 01:24:34 | INFO     | nvd_fetch | Successfully fetched page at index 0, got 1 CVEs
2026-07-03 01:24:35 | INFO     | nvd_fetch | Successfully fetched page at index 0, got 1 CVEs
2026-07-03 01:24:41 | DEBUG    | nvd_fetch | Fetching NVD page: startIndex=0, resultsPerPage=200
2026-07-03 01:24:41 | DEBUG    | nvd_fetch | Specific CVE: CVE-2026-1340
2026-07-03 01:24:41 | DEBUG    | nvd_fetch | Fetching NVD page: startIndex=0, resultsPerPage=200
2026-07-03 01:24:41 | DEBUG    | nvd_fetch | Specific CVE: CVE-2022-0185
2026-07-03 01:24:41 | INFO     | nvd_fetch | Successfully fetched page at index 0, got 1 CVEs
2026-07-03 01:24:41 | INFO     | nvd_fetch | Successfully fetched page at index 0, got 1 CVEs
2026-07-03 01:24:48 | DEBUG    | nvd_fetch | Fetching NVD page: startIndex=0, resultsPerPage=200
2026-07-03 01:24:48 | DEBUG    | nvd_fetch | Fetching NVD page: startIndex=0, resultsPerPage=200
2026-07-03 01:24:48 | DEBUG    | nvd_fetch | Specific CVE: CVE-2026-35616
2026-07-03 01:24:48 | DEBUG    | nvd_fetch | Specific CVE: CVE-2021-33045
2026-07-03 01:24:48 | INFO     | nvd_fetch | Successfully fetched page at index 0, got 1 CVEs
2026-07-03 01:24:49 | INFO     | nvd_fetch | Successfully fetched page at index 0, got 1 CVEs
2026-07-03 01:24:55 | DEBUG    | nvd_fetch | Fetching NVD page: startIndex=0, resultsPerPage=200
2026-07-03 01:24:55 | DEBUG    | nvd_fetch | Specific CVE: CVE-2021-33044
2026-07-03 01:24:55 | INFO     | nvd_fetch | Successfully fetched page at index 0, got 1 CVEs
2026-07-03 01:24:55 | DEBUG    | nvd_fetch | Fetching NVD page: startIndex=0, resultsPerPage=200
2026-07-03 01:24:55 | DEBUG    | nvd_fetch | Specific CVE: CVE-2026-3502
2026-07-03 01:24:56 | INFO     | nvd_fetch | Successfully fetched page at index 0, got 1 CVEs
2026-07-03 01:25:02 | DEBUG    | nvd_fetch | Fetching NVD page: startIndex=0, resultsPerPage=200
2026-07-03 01:25:02 | DEBUG    | nvd_fetch | Specific CVE: CVE-2024-23897
2026-07-03 01:25:02 | DEBUG    | nvd_fetch | Fetching NVD page: startIndex=0, resultsPerPage=200
2026-07-03 01:25:02 | DEBUG    | nvd_fetch | Specific CVE: CVE-2026-5281
2026-07-03 01:25:02 | INFO     | nvd_fetch | Successfully fetched page at index 0, got 1 CVEs
2026-07-03 01:25:04 | INFO     | nvd_fetch | Successfully fetched page at index 0, got 1 CVEs
2026-07-03 01:25:09 | DEBUG    | nvd_fetch | Fetching NVD page: startIndex=0, resultsPerPage=200
2026-07-03 01:25:09 | DEBUG    | nvd_fetch | Specific CVE: CVE-2024-28986
2026-07-03 01:25:09 | INFO     | nvd_fetch | Successfully fetched page at index 0, got 1 CVEs
2026-07-03 01:25:10 | DEBUG    | nvd_fetch | Fetching NVD page: startIndex=0, resultsPerPage=200
2026-07-03 01:25:10 | DEBUG    | nvd_fetch | Specific CVE: CVE-2026-3055
2026-07-03 01:25:11 | INFO     | nvd_fetch | Successfully fetched page at index 0, got 1 CVEs
2026-07-03 01:25:16 | DEBUG    | nvd_fetch | Fetching NVD page: startIndex=0, resultsPerPage=200
2026-07-03 01:25:16 | DEBUG    | nvd_fetch | Specific CVE: CVE-2024-38107
2026-07-03 01:25:16 | INFO     | nvd_fetch | Successfully fetched page at index 0, got 1 CVEs
2026-07-03 01:25:18 | DEBUG    | nvd_fetch | Fetching NVD page: startIndex=0, resultsPerPage=200
2026-07-03 01:25:18 | DEBUG    | nvd_fetch | Specific CVE: CVE-2025-53521
2026-07-03 01:25:18 | INFO     | nvd_fetch | Successfully fetched page at index 0, got 1 CVEs
2026-07-03 01:25:23 | DEBUG    | nvd_fetch | Fetching NVD page: startIndex=0, resultsPerPage=200
2026-07-03 01:25:23 | DEBUG    | nvd_fetch | Specific CVE: CVE-2024-38106
2026-07-03 01:25:24 | INFO     | nvd_fetch | Successfully fetched page at index 0, got 1 CVEs
2026-07-03 01:25:24 | DEBUG    | nvd_fetch | Fetching NVD page: startIndex=0, resultsPerPage=200
2026-07-03 01:25:24 | DEBUG    | nvd_fetch | Specific CVE: CVE-2026-33634
2026-07-03 01:25:25 | INFO     | nvd_fetch | Successfully fetched page at index 0, got 1 CVEs
2026-07-03 01:25:30 | DEBUG    | nvd_fetch | Fetching NVD page: startIndex=0, resultsPerPage=200
2026-07-03 01:25:30 | DEBUG    | nvd_fetch | Specific CVE: CVE-2024-38193
2026-07-03 01:25:31 | INFO     | nvd_fetch | Successfully fetched page at index 0, got 1 CVEs
2026-07-03 01:25:32 | DEBUG    | nvd_fetch | Fetching NVD page: startIndex=0, resultsPerPage=200
2026-07-03 01:25:32 | DEBUG    | nvd_fetch | Specific CVE: CVE-2026-33017
2026-07-03 01:25:32 | INFO     | nvd_fetch | Successfully fetched page at index 0, got 1 CVEs
2026-07-03 01:25:37 | DEBUG    | nvd_fetch | Fetching NVD page: startIndex=0, resultsPerPage=200
2026-07-03 01:25:37 | DEBUG    | nvd_fetch | Specific CVE: CVE-2024-38213
2026-07-03 01:25:37 | INFO     | nvd_fetch | Successfully fetched page at index 0, got 1 CVEs
2026-07-03 01:25:39 | DEBUG    | nvd_fetch | Fetching NVD page: startIndex=0, resultsPerPage=200
2026-07-03 01:25:39 | DEBUG    | nvd_fetch | Specific CVE: CVE-2025-32432
2026-07-03 01:25:39 | INFO     | nvd_fetch | Successfully fetched page at index 0, got 1 CVEs
2026-07-03 01:25:44 | DEBUG    | nvd_fetch | Fetching NVD page: startIndex=0, resultsPerPage=200
2026-07-03 01:25:44 | DEBUG    | nvd_fetch | Specific CVE: CVE-2024-38178
2026-07-03 01:25:44 | INFO     | nvd_fetch | Successfully fetched page at index 0, got 1 CVEs
2026-07-03 01:25:46 | DEBUG    | nvd_fetch | Fetching NVD page: startIndex=0, resultsPerPage=200
2026-07-03 01:25:46 | DEBUG    | nvd_fetch | Specific CVE: CVE-2025-54068
2026-07-03 01:25:46 | INFO     | nvd_fetch | Successfully fetched page at index 0, got 1 CVEs
2026-07-03 01:25:51 | DEBUG    | nvd_fetch | Fetching NVD page: startIndex=0, resultsPerPage=200
2026-07-03 01:25:51 | DEBUG    | nvd_fetch | Specific CVE: CVE-2024-38189
2026-07-03 01:25:51 | INFO     | nvd_fetch | Successfully fetched page at index 0, got 1 CVEs
2026-07-03 01:25:53 | DEBUG    | nvd_fetch | Fetching NVD page: startIndex=0, resultsPerPage=200
2026-07-03 01:25:53 | DEBUG    | nvd_fetch | Specific CVE: CVE-2025-43510
2026-07-03 01:25:53 | INFO     | nvd_fetch | Successfully fetched page at index 0, got 1 CVEs
2026-07-03 01:25:58 | DEBUG    | nvd_fetch | Fetching NVD page: startIndex=0, resultsPerPage=200
2026-07-03 01:25:58 | DEBUG    | nvd_fetch | Specific CVE: CVE-2024-32113
2026-07-03 01:25:58 | INFO     | nvd_fetch | Successfully fetched page at index 0, got 1 CVEs
2026-07-03 01:26:00 | DEBUG    | nvd_fetch | Fetching NVD page: startIndex=0, resultsPerPage=200
2026-07-03 01:26:00 | DEBUG    | nvd_fetch | Specific CVE: CVE-2025-43520
2026-07-03 01:26:00 | INFO     | nvd_fetch | Successfully fetched page at index 0, got 1 CVEs
2026-07-03 01:26:05 | DEBUG    | nvd_fetch | Fetching NVD page: startIndex=0, resultsPerPage=200
2026-07-03 01:26:05 | DEBUG    | nvd_fetch | Specific CVE: CVE-2024-36971
2026-07-03 01:26:05 | INFO     | nvd_fetch | Successfully fetched page at index 0, got 1 CVEs
2026-07-03 01:26:07 | DEBUG    | nvd_fetch | Fetching NVD page: startIndex=0, resultsPerPage=200
2026-07-03 01:26:07 | DEBUG    | nvd_fetch | Specific CVE: CVE-2025-31277
2026-07-03 01:26:07 | INFO     | nvd_fetch | Successfully fetched page at index 0, got 1 CVEs
2026-07-03 01:26:11 | DEBUG    | nvd_fetch | Fetching NVD page: startIndex=0, resultsPerPage=200
2026-07-03 01:26:11 | DEBUG    | nvd_fetch | Specific CVE: CVE-2018-0824
2026-07-03 01:26:12 | INFO     | nvd_fetch | Successfully fetched page at index 0, got 1 CVEs
2026-07-03 01:26:14 | DEBUG    | nvd_fetch | Fetching NVD page: startIndex=0, resultsPerPage=200
2026-07-03 01:26:14 | DEBUG    | nvd_fetch | Specific CVE: CVE-2026-20131
2026-07-03 01:26:14 | INFO     | nvd_fetch | Successfully fetched page at index 0, got 1 CVEs
2026-07-03 01:26:18 | DEBUG    | nvd_fetch | Fetching NVD page: startIndex=0, resultsPerPage=200
2026-07-03 01:26:18 | DEBUG    | nvd_fetch | Specific CVE: CVE-2024-37085
2026-07-03 01:26:19 | INFO     | nvd_fetch | Successfully fetched page at index 0, got 1 CVEs
2026-07-03 01:26:21 | DEBUG    | nvd_fetch | Fetching NVD page: startIndex=0, resultsPerPage=200
2026-07-03 01:26:21 | DEBUG    | nvd_fetch | Specific CVE: CVE-2025-66376
2026-07-03 01:26:21 | INFO     | nvd_fetch | Successfully fetched page at index 0, got 1 CVEs
2026-07-03 01:26:26 | DEBUG    | nvd_fetch | Fetching NVD page: startIndex=0, resultsPerPage=200
2026-07-03 01:26:26 | DEBUG    | nvd_fetch | Specific CVE: CVE-2023-45249
2026-07-03 01:26:27 | INFO     | nvd_fetch | Successfully fetched page at index 0, got 1 CVEs
2026-07-03 01:26:28 | DEBUG    | nvd_fetch | Fetching NVD page: startIndex=0, resultsPerPage=200
2026-07-03 01:26:28 | DEBUG    | nvd_fetch | Specific CVE: CVE-2026-20963
2026-07-03 01:26:28 | INFO     | nvd_fetch | Successfully fetched page at index 0, got 1 CVEs
2026-07-03 01:26:33 | DEBUG    | nvd_fetch | Fetching NVD page: startIndex=0, resultsPerPage=200
2026-07-03 01:26:33 | DEBUG    | nvd_fetch | Specific CVE: CVE-2024-5217
2026-07-03 01:26:34 | INFO     | nvd_fetch | Successfully fetched page at index 0, got 1 CVEs
2026-07-03 01:26:35 | DEBUG    | nvd_fetch | Fetching NVD page: startIndex=0, resultsPerPage=200
2026-07-03 01:26:35 | DEBUG    | nvd_fetch | Specific CVE: CVE-2025-47813
2026-07-03 01:26:36 | INFO     | nvd_fetch | Successfully fetched page at index 0, got 1 CVEs
2026-07-03 01:26:40 | DEBUG    | nvd_fetch | Fetching NVD page: startIndex=0, resultsPerPage=200
2026-07-03 01:26:40 | DEBUG    | nvd_fetch | Specific CVE: CVE-2024-4879
2026-07-03 01:26:42 | DEBUG    | nvd_fetch | Fetching NVD page: startIndex=0, resultsPerPage=200
2026-07-03 01:26:42 | DEBUG    | nvd_fetch | Specific CVE: CVE-2026-3910
2026-07-03 01:26:42 | INFO     | nvd_fetch | Successfully fetched page at index 0, got 1 CVEs
2026-07-03 01:26:43 | INFO     | nvd_fetch | Successfully fetched page at index 0, got 1 CVEs
2026-07-03 01:26:49 | DEBUG    | nvd_fetch | Fetching NVD page: startIndex=0, resultsPerPage=200
2026-07-03 01:26:49 | DEBUG    | nvd_fetch | Specific CVE: CVE-2024-39891
2026-07-03 01:26:49 | DEBUG    | nvd_fetch | Fetching NVD page: startIndex=0, resultsPerPage=200
2026-07-03 01:26:49 | DEBUG    | nvd_fetch | Specific CVE: CVE-2026-3909
2026-07-03 01:26:49 | INFO     | nvd_fetch | Successfully fetched page at index 0, got 1 CVEs
2026-07-03 01:26:50 | INFO     | nvd_fetch | Successfully fetched page at index 0, got 1 CVEs
2026-07-03 01:26:56 | DEBUG    | nvd_fetch | Fetching NVD page: startIndex=0, resultsPerPage=200
2026-07-03 01:26:56 | DEBUG    | nvd_fetch | Specific CVE: CVE-2012-4792
2026-07-03 01:26:56 | DEBUG    | nvd_fetch | Fetching NVD page: startIndex=0, resultsPerPage=200
2026-07-03 01:26:56 | DEBUG    | nvd_fetch | Specific CVE: CVE-2025-68613
2026-07-03 01:26:57 | INFO     | nvd_fetch | Successfully fetched page at index 0, got 1 CVEs
2026-07-03 01:26:57 | INFO     | nvd_fetch | Successfully fetched page at index 0, got 1 CVEs
2026-07-03 01:27:03 | DEBUG    | nvd_fetch | Fetching NVD page: startIndex=0, resultsPerPage=200
2026-07-03 01:27:03 | DEBUG    | nvd_fetch | Fetching NVD page: startIndex=0, resultsPerPage=200
2026-07-03 01:27:03 | DEBUG    | nvd_fetch | Specific CVE: CVE-2021-22054
2026-07-03 01:27:03 | DEBUG    | nvd_fetch | Specific CVE: CVE-2022-22948
2026-07-03 01:27:03 | INFO     | nvd_fetch | Successfully fetched page at index 0, got 1 CVEs
2026-07-03 01:27:03 | INFO     | nvd_fetch | Successfully fetched page at index 0, got 1 CVEs
2026-07-03 01:27:10 | DEBUG    | nvd_fetch | Fetching NVD page: startIndex=0, resultsPerPage=200
2026-07-03 01:27:10 | DEBUG    | nvd_fetch | Specific CVE: CVE-2024-28995
2026-07-03 01:27:10 | DEBUG    | nvd_fetch | Fetching NVD page: startIndex=0, resultsPerPage=200
2026-07-03 01:27:10 | DEBUG    | nvd_fetch | Specific CVE: CVE-2025-26399
2026-07-03 01:27:10 | INFO     | nvd_fetch | Successfully fetched page at index 0, got 1 CVEs
2026-07-03 01:27:10 | INFO     | nvd_fetch | Successfully fetched page at index 0, got 1 CVEs
2026-07-03 01:27:17 | DEBUG    | nvd_fetch | Fetching NVD page: startIndex=0, resultsPerPage=200
2026-07-03 01:27:17 | DEBUG    | nvd_fetch | Specific CVE: CVE-2024-34102
2026-07-03 01:27:17 | DEBUG    | nvd_fetch | Fetching NVD page: startIndex=0, resultsPerPage=200
2026-07-03 01:27:17 | DEBUG    | nvd_fetch | Specific CVE: CVE-2026-1603
2026-07-03 01:27:17 | INFO     | nvd_fetch | Successfully fetched page at index 0, got 1 CVEs
2026-07-03 01:27:17 | INFO     | nvd_fetch | Successfully fetched page at index 0, got 1 CVEs
2026-07-03 01:27:23 | DEBUG    | nvd_fetch | Fetching NVD page: startIndex=0, resultsPerPage=200
2026-07-03 01:27:23 | DEBUG    | nvd_fetch | Specific CVE: CVE-2024-36401
2026-07-03 01:27:24 | DEBUG    | nvd_fetch | Fetching NVD page: startIndex=0, resultsPerPage=200
2026-07-03 01:27:24 | DEBUG    | nvd_fetch | Specific CVE: CVE-2017-7921
2026-07-03 01:27:24 | INFO     | nvd_fetch | Successfully fetched page at index 0, got 1 CVEs
2026-07-03 01:27:25 | INFO     | nvd_fetch | Successfully fetched page at index 0, got 1 CVEs
2026-07-03 01:27:30 | DEBUG    | nvd_fetch | Fetching NVD page: startIndex=0, resultsPerPage=200
2026-07-03 01:27:30 | DEBUG    | nvd_fetch | Specific CVE: CVE-2024-23692
2026-07-03 01:27:31 | INFO     | nvd_fetch | Successfully fetched page at index 0, got 1 CVEs
2026-07-03 01:27:32 | DEBUG    | nvd_fetch | Fetching NVD page: startIndex=0, resultsPerPage=200
2026-07-03 01:27:32 | DEBUG    | nvd_fetch | Specific CVE: CVE-2021-22681
2026-07-03 01:27:33 | INFO     | nvd_fetch | Successfully fetched page at index 0, got 1 CVEs
2026-07-03 01:27:37 | DEBUG    | nvd_fetch | Fetching NVD page: startIndex=0, resultsPerPage=200
2026-07-03 01:27:37 | DEBUG    | nvd_fetch | Specific CVE: CVE-2024-38080
2026-07-03 01:27:38 | INFO     | nvd_fetch | Successfully fetched page at index 0, got 1 CVEs
2026-07-03 01:27:39 | DEBUG    | nvd_fetch | Fetching NVD page: startIndex=0, resultsPerPage=200
2026-07-03 01:27:39 | DEBUG    | nvd_fetch | Specific CVE: CVE-2023-43000
2026-07-03 01:27:40 | INFO     | nvd_fetch | Successfully fetched page at index 0, got 1 CVEs
2026-07-03 01:27:44 | DEBUG    | nvd_fetch | Fetching NVD page: startIndex=0, resultsPerPage=200
2026-07-03 01:27:44 | DEBUG    | nvd_fetch | Specific CVE: CVE-2024-38112
2026-07-03 01:27:45 | INFO     | nvd_fetch | Successfully fetched page at index 0, got 1 CVEs
2026-07-03 01:27:46 | DEBUG    | nvd_fetch | Fetching NVD page: startIndex=0, resultsPerPage=200
2026-07-03 01:27:46 | DEBUG    | nvd_fetch | Specific CVE: CVE-2021-30952
2026-07-03 01:27:47 | INFO     | nvd_fetch | Successfully fetched page at index 0, got 1 CVEs
2026-07-03 01:27:51 | DEBUG    | nvd_fetch | Fetching NVD page: startIndex=0, resultsPerPage=200
2026-07-03 01:27:51 | DEBUG    | nvd_fetch | Specific CVE: CVE-2024-20399
2026-07-03 01:27:53 | DEBUG    | nvd_fetch | Fetching NVD page: startIndex=0, resultsPerPage=200
2026-07-03 01:27:53 | DEBUG    | nvd_fetch | Specific CVE: CVE-2023-41974
2026-07-03 01:27:54 | INFO     | nvd_fetch | Successfully fetched page at index 0, got 1 CVEs
2026-07-03 01:27:59 | INFO     | nvd_fetch | Successfully fetched page at index 0, got 1 CVEs
2026-07-03 01:28:00 | DEBUG    | nvd_fetch | Fetching NVD page: startIndex=0, resultsPerPage=200
2026-07-03 01:28:00 | DEBUG    | nvd_fetch | Specific CVE: CVE-2026-22719
2026-07-03 01:28:01 | INFO     | nvd_fetch | Successfully fetched page at index 0, got 1 CVEs
2026-07-03 01:28:05 | DEBUG    | nvd_fetch | Fetching NVD page: startIndex=0, resultsPerPage=200
2026-07-03 01:28:05 | DEBUG    | nvd_fetch | Specific CVE: CVE-2020-13965
2026-07-03 01:28:05 | INFO     | nvd_fetch | Successfully fetched page at index 0, got 1 CVEs
2026-07-03 01:28:08 | DEBUG    | nvd_fetch | Fetching NVD page: startIndex=0, resultsPerPage=200
2026-07-03 01:28:08 | DEBUG    | nvd_fetch | Specific CVE: CVE-2026-21385
2026-07-03 01:28:12 | DEBUG    | nvd_fetch | Fetching NVD page: startIndex=0, resultsPerPage=200
2026-07-03 01:28:12 | DEBUG    | nvd_fetch | Specific CVE: CVE-2022-2586
2026-07-03 01:28:12 | INFO     | nvd_fetch | Successfully fetched page at index 0, got 1 CVEs
2026-07-03 01:28:12 | INFO     | nvd_fetch | Successfully fetched page at index 0, got 1 CVEs
2026-07-03 01:28:19 | DEBUG    | nvd_fetch | Fetching NVD page: startIndex=0, resultsPerPage=200
2026-07-03 01:28:19 | DEBUG    | nvd_fetch | Fetching NVD page: startIndex=0, resultsPerPage=200
2026-07-03 01:28:19 | DEBUG    | nvd_fetch | Specific CVE: CVE-2022-24816
2026-07-03 01:28:19 | DEBUG    | nvd_fetch | Specific CVE: CVE-2022-20775
2026-07-03 01:28:19 | INFO     | nvd_fetch | Successfully fetched page at index 0, got 1 CVEs
2026-07-03 01:28:19 | INFO     | nvd_fetch | Successfully fetched page at index 0, got 1 CVEs
2026-07-03 01:28:26 | DEBUG    | nvd_fetch | Fetching NVD page: startIndex=0, resultsPerPage=200
2026-07-03 01:28:26 | DEBUG    | nvd_fetch | Specific CVE: CVE-2024-4358
2026-07-03 01:28:26 | DEBUG    | nvd_fetch | Fetching NVD page: startIndex=0, resultsPerPage=200
2026-07-03 01:28:26 | DEBUG    | nvd_fetch | Specific CVE: CVE-2026-20127
2026-07-03 01:28:26 | INFO     | nvd_fetch | Successfully fetched page at index 0, got 1 CVEs
2026-07-03 01:28:26 | INFO     | nvd_fetch | Successfully fetched page at index 0, got 1 CVEs
2026-07-03 01:28:32 | DEBUG    | nvd_fetch | Fetching NVD page: startIndex=0, resultsPerPage=200
2026-07-03 01:28:32 | DEBUG    | nvd_fetch | Specific CVE: CVE-2024-26169
2026-07-03 01:28:33 | DEBUG    | nvd_fetch | Fetching NVD page: startIndex=0, resultsPerPage=200
2026-07-03 01:28:33 | DEBUG    | nvd_fetch | Specific CVE: CVE-2026-25108
2026-07-03 01:28:33 | INFO     | nvd_fetch | Successfully fetched page at index 0, got 1 CVEs
2026-07-03 01:28:33 | INFO     | nvd_fetch | Successfully fetched page at index 0, got 1 CVEs
2026-07-03 01:28:40 | DEBUG    | nvd_fetch | Fetching NVD page: startIndex=0, resultsPerPage=200
2026-07-03 01:28:40 | DEBUG    | nvd_fetch | Specific CVE: CVE-2024-32896
2026-07-03 01:28:40 | DEBUG    | nvd_fetch | Fetching NVD page: startIndex=0, resultsPerPage=200
2026-07-03 01:28:40 | DEBUG    | nvd_fetch | Specific CVE: CVE-2025-49113
2026-07-03 01:28:40 | INFO     | nvd_fetch | Successfully fetched page at index 0, got 1 CVEs
2026-07-03 01:28:40 | INFO     | nvd_fetch | Successfully fetched page at index 0, got 1 CVEs
2026-07-03 01:28:47 | DEBUG    | nvd_fetch | Fetching NVD page: startIndex=0, resultsPerPage=200
2026-07-03 01:28:47 | DEBUG    | nvd_fetch | Specific CVE: CVE-2025-68461
2026-07-03 01:28:47 | DEBUG    | nvd_fetch | Fetching NVD page: startIndex=0, resultsPerPage=200
2026-07-03 01:28:47 | DEBUG    | nvd_fetch | Specific CVE: CVE-2024-4577
2026-07-03 01:28:47 | INFO     | nvd_fetch | Successfully fetched page at index 0, got 1 CVEs
2026-07-03 01:28:47 | INFO     | nvd_fetch | Successfully fetched page at index 0, got 1 CVEs
2026-07-03 01:28:54 | DEBUG    | nvd_fetch | Fetching NVD page: startIndex=0, resultsPerPage=200
2026-07-03 01:28:54 | DEBUG    | nvd_fetch | Specific CVE: CVE-2024-4610
2026-07-03 01:28:54 | DEBUG    | nvd_fetch | Fetching NVD page: startIndex=0, resultsPerPage=200
2026-07-03 01:28:54 | DEBUG    | nvd_fetch | Specific CVE: CVE-2021-22175
2026-07-03 01:28:54 | INFO     | nvd_fetch | Successfully fetched page at index 0, got 1 CVEs
2026-07-03 01:28:55 | INFO     | nvd_fetch | Successfully fetched page at index 0, got 1 CVEs
2026-07-03 01:29:01 | DEBUG    | nvd_fetch | Fetching NVD page: startIndex=0, resultsPerPage=200
2026-07-03 01:29:01 | DEBUG    | nvd_fetch | Specific CVE: CVE-2017-3506
2026-07-03 01:29:01 | INFO     | nvd_fetch | Successfully fetched page at index 0, got 1 CVEs
2026-07-03 01:29:02 | DEBUG    | nvd_fetch | Fetching NVD page: startIndex=0, resultsPerPage=200
2026-07-03 01:29:02 | DEBUG    | nvd_fetch | Specific CVE: CVE-2026-22769
2026-07-03 01:29:02 | INFO     | nvd_fetch | Successfully fetched page at index 0, got 1 CVEs
2026-07-03 01:29:08 | DEBUG    | nvd_fetch | Fetching NVD page: startIndex=0, resultsPerPage=200
2026-07-03 01:29:08 | DEBUG    | nvd_fetch | Specific CVE: CVE-2024-1086
2026-07-03 01:29:08 | INFO     | nvd_fetch | Successfully fetched page at index 0, got 1 CVEs
2026-07-03 01:29:09 | DEBUG    | nvd_fetch | Fetching NVD page: startIndex=0, resultsPerPage=200
2026-07-03 01:29:09 | DEBUG    | nvd_fetch | Specific CVE: CVE-2020-7796
2026-07-03 01:29:09 | INFO     | nvd_fetch | Successfully fetched page at index 0, got 1 CVEs
2026-07-03 01:29:14 | DEBUG    | nvd_fetch | Fetching NVD page: startIndex=0, resultsPerPage=200
2026-07-03 01:29:14 | DEBUG    | nvd_fetch | Specific CVE: CVE-2024-24919
2026-07-03 01:29:15 | INFO     | nvd_fetch | Successfully fetched page at index 0, got 1 CVEs
2026-07-03 01:29:16 | DEBUG    | nvd_fetch | Fetching NVD page: startIndex=0, resultsPerPage=200
2026-07-03 01:29:16 | DEBUG    | nvd_fetch | Specific CVE: CVE-2024-7694
2026-07-03 01:29:18 | INFO     | nvd_fetch | Successfully fetched page at index 0, got 1 CVEs
2026-07-03 01:29:21 | DEBUG    | nvd_fetch | Fetching NVD page: startIndex=0, resultsPerPage=200
2026-07-03 01:29:21 | DEBUG    | nvd_fetch | Specific CVE: CVE-2024-4978
2026-07-03 01:29:22 | INFO     | nvd_fetch | Successfully fetched page at index 0, got 1 CVEs
2026-07-03 01:29:24 | DEBUG    | nvd_fetch | Fetching NVD page: startIndex=0, resultsPerPage=200
2026-07-03 01:29:24 | DEBUG    | nvd_fetch | Specific CVE: CVE-2008-0015
2026-07-03 01:29:25 | INFO     | nvd_fetch | Successfully fetched page at index 0, got 1 CVEs
2026-07-03 01:29:28 | DEBUG    | nvd_fetch | Fetching NVD page: startIndex=0, resultsPerPage=200
2026-07-03 01:29:28 | DEBUG    | nvd_fetch | Specific CVE: CVE-2024-5274
2026-07-03 01:29:29 | INFO     | nvd_fetch | Successfully fetched page at index 0, got 1 CVEs
2026-07-03 01:29:31 | DEBUG    | nvd_fetch | Fetching NVD page: startIndex=0, resultsPerPage=200
2026-07-03 01:29:31 | DEBUG    | nvd_fetch | Specific CVE: CVE-2026-2441
2026-07-03 01:29:32 | INFO     | nvd_fetch | Successfully fetched page at index 0, got 1 CVEs
2026-07-03 01:29:35 | DEBUG    | nvd_fetch | Fetching NVD page: startIndex=0, resultsPerPage=200
2026-07-03 01:29:35 | DEBUG    | nvd_fetch | Specific CVE: CVE-2020-17519
2026-07-03 01:29:36 | INFO     | nvd_fetch | Successfully fetched page at index 0, got 1 CVEs
2026-07-03 01:29:38 | DEBUG    | nvd_fetch | Fetching NVD page: startIndex=0, resultsPerPage=200
2026-07-03 01:29:38 | DEBUG    | nvd_fetch | Specific CVE: CVE-2026-1731
2026-07-03 01:29:40 | INFO     | nvd_fetch | Successfully fetched page at index 0, got 1 CVEs
2026-07-03 01:29:42 | DEBUG    | nvd_fetch | Fetching NVD page: startIndex=0, resultsPerPage=200
2026-07-03 01:29:42 | DEBUG    | nvd_fetch | Specific CVE: CVE-2024-4947
2026-07-03 01:29:42 | INFO     | nvd_fetch | Successfully fetched page at index 0, got 1 CVEs
2026-07-03 01:29:47 | DEBUG    | nvd_fetch | Fetching NVD page: startIndex=0, resultsPerPage=200
2026-07-03 01:29:47 | DEBUG    | nvd_fetch | Specific CVE: CVE-2026-20700
2026-07-03 01:29:47 | INFO     | nvd_fetch | Successfully fetched page at index 0, got 1 CVEs
2026-07-03 01:29:49 | DEBUG    | nvd_fetch | Fetching NVD page: startIndex=0, resultsPerPage=200
2026-07-03 01:29:49 | DEBUG    | nvd_fetch | Specific CVE: CVE-2023-43208
2026-07-03 01:29:49 | INFO     | nvd_fetch | Successfully fetched page at index 0, got 1 CVEs
2026-07-03 01:29:53 | DEBUG    | nvd_fetch | Fetching NVD page: startIndex=0, resultsPerPage=200
2026-07-03 01:29:53 | DEBUG    | nvd_fetch | Specific CVE: CVE-2024-43468
2026-07-03 01:29:55 | INFO     | nvd_fetch | Successfully fetched page at index 0, got 1 CVEs
2026-07-03 01:29:56 | DEBUG    | nvd_fetch | Fetching NVD page: startIndex=0, resultsPerPage=200
2026-07-03 01:29:56 | DEBUG    | nvd_fetch | Specific CVE: CVE-2024-4761
2026-07-03 01:29:56 | INFO     | nvd_fetch | Successfully fetched page at index 0, got 1 CVEs
2026-07-03 01:30:02 | DEBUG    | nvd_fetch | Fetching NVD page: startIndex=0, resultsPerPage=200
2026-07-03 01:30:02 | DEBUG    | nvd_fetch | Specific CVE: CVE-2025-15556
2026-07-03 01:30:02 | DEBUG    | nvd_fetch | Fetching NVD page: startIndex=0, resultsPerPage=200
2026-07-03 01:30:02 | DEBUG    | nvd_fetch | Specific CVE: CVE-2021-40655
2026-07-03 01:30:03 | INFO     | nvd_fetch | Successfully fetched page at index 0, got 1 CVEs
2026-07-03 01:30:03 | INFO     | nvd_fetch | Successfully fetched page at index 0, got 1 CVEs
2026-07-03 01:30:09 | DEBUG    | nvd_fetch | Fetching NVD page: startIndex=0, resultsPerPage=200
2026-07-03 01:30:09 | DEBUG    | nvd_fetch | Specific CVE: CVE-2025-40536
2026-07-03 01:30:09 | INFO     | nvd_fetch | Successfully fetched page at index 0, got 1 CVEs
2026-07-03 01:30:09 | DEBUG    | nvd_fetch | Fetching NVD page: startIndex=0, resultsPerPage=200
2026-07-03 01:30:09 | DEBUG    | nvd_fetch | Specific CVE: CVE-2014-100005
2026-07-03 01:30:10 | INFO     | nvd_fetch | Successfully fetched page at index 0, got 1 CVEs
2026-07-03 01:30:16 | DEBUG    | nvd_fetch | Fetching NVD page: startIndex=0, resultsPerPage=200
2026-07-03 01:30:16 | DEBUG    | nvd_fetch | Specific CVE: CVE-2026-21513
2026-07-03 01:30:16 | DEBUG    | nvd_fetch | Fetching NVD page: startIndex=0, resultsPerPage=200
2026-07-03 01:30:16 | DEBUG    | nvd_fetch | Specific CVE: CVE-2024-30040
2026-07-03 01:30:16 | INFO     | nvd_fetch | Successfully fetched page at index 0, got 1 CVEs
2026-07-03 01:30:16 | INFO     | nvd_fetch | Successfully fetched page at index 0, got 1 CVEs
2026-07-03 01:30:23 | DEBUG    | nvd_fetch | Fetching NVD page: startIndex=0, resultsPerPage=200
2026-07-03 01:30:23 | DEBUG    | nvd_fetch | Specific CVE: CVE-2026-21525
2026-07-03 01:30:23 | DEBUG    | nvd_fetch | Fetching NVD page: startIndex=0, resultsPerPage=200
2026-07-03 01:30:23 | DEBUG    | nvd_fetch | Specific CVE: CVE-2024-30051
2026-07-03 01:30:23 | INFO     | nvd_fetch | Successfully fetched page at index 0, got 1 CVEs
2026-07-03 01:30:24 | INFO     | nvd_fetch | Successfully fetched page at index 0, got 1 CVEs
2026-07-03 01:30:30 | DEBUG    | nvd_fetch | Fetching NVD page: startIndex=0, resultsPerPage=200
2026-07-03 01:30:30 | DEBUG    | nvd_fetch | Specific CVE: CVE-2024-4671
2026-07-03 01:30:30 | INFO     | nvd_fetch | Successfully fetched page at index 0, got 1 CVEs
2026-07-03 01:30:30 | DEBUG    | nvd_fetch | Fetching NVD page: startIndex=0, resultsPerPage=200
2026-07-03 01:30:30 | DEBUG    | nvd_fetch | Specific CVE: CVE-2026-21510
2026-07-03 01:30:31 | INFO     | nvd_fetch | Successfully fetched page at index 0, got 1 CVEs
2026-07-03 01:30:37 | DEBUG    | nvd_fetch | Fetching NVD page: startIndex=0, resultsPerPage=200
2026-07-03 01:30:37 | DEBUG    | nvd_fetch | Specific CVE: CVE-2023-7028
2026-07-03 01:30:37 | INFO     | nvd_fetch | Successfully fetched page at index 0, got 1 CVEs
2026-07-03 01:30:38 | DEBUG    | nvd_fetch | Fetching NVD page: startIndex=0, resultsPerPage=200
2026-07-03 01:30:38 | DEBUG    | nvd_fetch | Specific CVE: CVE-2026-21533
2026-07-03 01:30:39 | INFO     | nvd_fetch | Successfully fetched page at index 0, got 1 CVEs
2026-07-03 01:30:44 | DEBUG    | nvd_fetch | Fetching NVD page: startIndex=0, resultsPerPage=200
2026-07-03 01:30:44 | DEBUG    | nvd_fetch | Specific CVE: CVE-2024-29988
2026-07-03 01:30:44 | INFO     | nvd_fetch | Successfully fetched page at index 0, got 1 CVEs
2026-07-03 01:30:45 | DEBUG    | nvd_fetch | Fetching NVD page: startIndex=0, resultsPerPage=200
2026-07-03 01:30:45 | DEBUG    | nvd_fetch | Specific CVE: CVE-2026-21519
2026-07-03 01:30:46 | INFO     | nvd_fetch | Successfully fetched page at index 0, got 1 CVEs
2026-07-03 01:30:50 | DEBUG    | nvd_fetch | Fetching NVD page: startIndex=0, resultsPerPage=200
2026-07-03 01:30:50 | DEBUG    | nvd_fetch | Specific CVE: CVE-2024-4040
2026-07-03 01:30:51 | INFO     | nvd_fetch | Successfully fetched page at index 0, got 1 CVEs
2026-07-03 01:30:52 | DEBUG    | nvd_fetch | Fetching NVD page: startIndex=0, resultsPerPage=200
2026-07-03 01:30:52 | DEBUG    | nvd_fetch | Specific CVE: CVE-2026-21514
2026-07-03 01:30:53 | INFO     | nvd_fetch | Successfully fetched page at index 0, got 1 CVEs
2026-07-03 01:30:58 | DEBUG    | nvd_fetch | Fetching NVD page: startIndex=0, resultsPerPage=200
2026-07-03 01:30:58 | DEBUG    | nvd_fetch | Specific CVE: CVE-2024-20359
2026-07-03 01:30:58 | INFO     | nvd_fetch | Successfully fetched page at index 0, got 1 CVEs
2026-07-03 01:30:59 | DEBUG    | nvd_fetch | Fetching NVD page: startIndex=0, resultsPerPage=200
2026-07-03 01:30:59 | DEBUG    | nvd_fetch | Specific CVE: CVE-2025-11953
2026-07-03 01:31:01 | INFO     | nvd_fetch | Successfully fetched page at index 0, got 1 CVEs
2026-07-03 01:31:05 | DEBUG    | nvd_fetch | Fetching NVD page: startIndex=0, resultsPerPage=200
2026-07-03 01:31:05 | DEBUG    | nvd_fetch | Specific CVE: CVE-2024-20353
2026-07-03 01:31:05 | INFO     | nvd_fetch | Successfully fetched page at index 0, got 1 CVEs
2026-07-03 01:31:07 | DEBUG    | nvd_fetch | Fetching NVD page: startIndex=0, resultsPerPage=200
2026-07-03 01:31:07 | DEBUG    | nvd_fetch | Specific CVE: CVE-2026-24423
2026-07-03 01:31:08 | INFO     | nvd_fetch | Successfully fetched page at index 0, got 1 CVEs
2026-07-03 01:31:12 | DEBUG    | nvd_fetch | Fetching NVD page: startIndex=0, resultsPerPage=200
2026-07-03 01:31:12 | DEBUG    | nvd_fetch | Specific CVE: CVE-2022-38028
2026-07-03 01:31:12 | INFO     | nvd_fetch | Successfully fetched page at index 0, got 1 CVEs
2026-07-03 01:31:15 | DEBUG    | nvd_fetch | Fetching NVD page: startIndex=0, resultsPerPage=200
2026-07-03 01:31:15 | DEBUG    | nvd_fetch | Specific CVE: CVE-2021-39935
2026-07-03 01:31:15 | INFO     | nvd_fetch | Successfully fetched page at index 0, got 1 CVEs
2026-07-03 01:31:19 | DEBUG    | nvd_fetch | Fetching NVD page: startIndex=0, resultsPerPage=200
2026-07-03 01:31:19 | DEBUG    | nvd_fetch | Specific CVE: CVE-2024-3400
2026-07-03 01:31:19 | INFO     | nvd_fetch | Successfully fetched page at index 0, got 1 CVEs
2026-07-03 01:31:22 | DEBUG    | nvd_fetch | Fetching NVD page: startIndex=0, resultsPerPage=200
2026-07-03 01:31:22 | DEBUG    | nvd_fetch | Specific CVE: CVE-2025-64328
2026-07-03 01:31:22 | INFO     | nvd_fetch | Successfully fetched page at index 0, got 1 CVEs
2026-07-03 01:31:25 | DEBUG    | nvd_fetch | Fetching NVD page: startIndex=0, resultsPerPage=200
2026-07-03 01:31:26 | DEBUG    | nvd_fetch | Specific CVE: CVE-2024-3273
2026-07-03 01:31:26 | INFO     | nvd_fetch | Successfully fetched page at index 0, got 1 CVEs
2026-07-03 01:31:29 | DEBUG    | nvd_fetch | Fetching NVD page: startIndex=0, resultsPerPage=200
2026-07-03 01:31:29 | DEBUG    | nvd_fetch | Specific CVE: CVE-2019-19006
2026-07-03 01:31:29 | INFO     | nvd_fetch | Successfully fetched page at index 0, got 1 CVEs
2026-07-03 01:31:32 | DEBUG    | nvd_fetch | Fetching NVD page: startIndex=0, resultsPerPage=200
2026-07-03 01:31:32 | DEBUG    | nvd_fetch | Specific CVE: CVE-2024-3272
2026-07-03 01:31:33 | INFO     | nvd_fetch | Successfully fetched page at index 0, got 1 CVEs
2026-07-03 01:31:36 | DEBUG    | nvd_fetch | Fetching NVD page: startIndex=0, resultsPerPage=200
2026-07-03 01:31:36 | DEBUG    | nvd_fetch | Specific CVE: CVE-2025-40551
2026-07-03 01:31:36 | INFO     | nvd_fetch | Successfully fetched page at index 0, got 1 CVEs
2026-07-03 01:31:39 | DEBUG    | nvd_fetch | Fetching NVD page: startIndex=0, resultsPerPage=200
2026-07-03 01:31:39 | DEBUG    | nvd_fetch | Specific CVE: CVE-2024-29748
2026-07-03 01:31:39 | INFO     | nvd_fetch | Successfully fetched page at index 0, got 1 CVEs
2026-07-03 01:31:43 | DEBUG    | nvd_fetch | Fetching NVD page: startIndex=0, resultsPerPage=200
2026-07-03 01:31:43 | DEBUG    | nvd_fetch | Specific CVE: CVE-2026-1281
2026-07-03 01:31:43 | INFO     | nvd_fetch | Successfully fetched page at index 0, got 1 CVEs
2026-07-03 01:31:46 | DEBUG    | nvd_fetch | Fetching NVD page: startIndex=0, resultsPerPage=200
2026-07-03 01:31:46 | DEBUG    | nvd_fetch | Specific CVE: CVE-2024-29745
2026-07-03 01:31:46 | INFO     | nvd_fetch | Successfully fetched page at index 0, got 1 CVEs
2026-07-03 01:31:50 | DEBUG    | nvd_fetch | Fetching NVD page: startIndex=0, resultsPerPage=200
2026-07-03 01:31:50 | DEBUG    | nvd_fetch | Specific CVE: CVE-2026-24858
2026-07-03 01:31:50 | INFO     | nvd_fetch | Successfully fetched page at index 0, got 1 CVEs
2026-07-03 01:31:53 | DEBUG    | nvd_fetch | Fetching NVD page: startIndex=0, resultsPerPage=200
2026-07-03 01:31:53 | DEBUG    | nvd_fetch | Specific CVE: CVE-2023-24955
2026-07-03 01:31:53 | INFO     | nvd_fetch | Successfully fetched page at index 0, got 1 CVEs
2026-07-03 01:31:56 | DEBUG    | nvd_fetch | Fetching NVD page: startIndex=0, resultsPerPage=200
2026-07-03 01:31:56 | DEBUG    | nvd_fetch | Specific CVE: CVE-2018-14634
2026-07-03 01:31:57 | INFO     | nvd_fetch | Successfully fetched page at index 0, got 1 CVEs
2026-07-03 01:32:00 | DEBUG    | nvd_fetch | Fetching NVD page: startIndex=0, resultsPerPage=200
2026-07-03 01:32:00 | DEBUG    | nvd_fetch | Specific CVE: CVE-2019-7256
2026-07-03 01:32:00 | INFO     | nvd_fetch | Successfully fetched page at index 0, got 1 CVEs
2026-07-03 01:32:03 | DEBUG    | nvd_fetch | Fetching NVD page: startIndex=0, resultsPerPage=200
2026-07-03 01:32:03 | DEBUG    | nvd_fetch | Specific CVE: CVE-2025-52691
2026-07-03 01:32:04 | INFO     | nvd_fetch | Successfully fetched page at index 0, got 1 CVEs
2026-07-03 01:32:07 | DEBUG    | nvd_fetch | Fetching NVD page: startIndex=0, resultsPerPage=200
2026-07-03 01:32:07 | DEBUG    | nvd_fetch | Specific CVE: CVE-2021-44529
2026-07-03 01:32:07 | INFO     | nvd_fetch | Successfully fetched page at index 0, got 1 CVEs
2026-07-03 01:32:10 | DEBUG    | nvd_fetch | Fetching NVD page: startIndex=0, resultsPerPage=200
2026-07-03 01:32:10 | DEBUG    | nvd_fetch | Specific CVE: CVE-2026-23760
2026-07-03 01:32:11 | INFO     | nvd_fetch | Successfully fetched page at index 0, got 1 CVEs
2026-07-03 01:32:13 | DEBUG    | nvd_fetch | Fetching NVD page: startIndex=0, resultsPerPage=200
2026-07-03 01:32:13 | DEBUG    | nvd_fetch | Specific CVE: CVE-2023-48788
2026-07-03 01:32:14 | INFO     | nvd_fetch | Successfully fetched page at index 0, got 1 CVEs
2026-07-03 01:32:17 | DEBUG    | nvd_fetch | Fetching NVD page: startIndex=0, resultsPerPage=200
2026-07-03 01:32:17 | DEBUG    | nvd_fetch | Specific CVE: CVE-2026-24061
2026-07-03 01:32:18 | INFO     | nvd_fetch | Successfully fetched page at index 0, got 1 CVEs
2026-07-03 01:32:20 | DEBUG    | nvd_fetch | Fetching NVD page: startIndex=0, resultsPerPage=200
2026-07-03 01:32:20 | DEBUG    | nvd_fetch | Specific CVE: CVE-2024-27198
2026-07-03 01:32:20 | INFO     | nvd_fetch | Successfully fetched page at index 0, got 1 CVEs
2026-07-03 01:32:24 | DEBUG    | nvd_fetch | Fetching NVD page: startIndex=0, resultsPerPage=200
2026-07-03 01:32:24 | DEBUG    | nvd_fetch | Specific CVE: CVE-2026-21509
2026-07-03 01:32:24 | INFO     | nvd_fetch | Successfully fetched page at index 0, got 1 CVEs
2026-07-03 01:32:27 | DEBUG    | nvd_fetch | Fetching NVD page: startIndex=0, resultsPerPage=200
2026-07-03 01:32:27 | DEBUG    | nvd_fetch | Specific CVE: CVE-2024-23225
2026-07-03 01:32:27 | INFO     | nvd_fetch | Successfully fetched page at index 0, got 1 CVEs
2026-07-03 01:32:31 | DEBUG    | nvd_fetch | Fetching NVD page: startIndex=0, resultsPerPage=200
2026-07-03 01:32:31 | DEBUG    | nvd_fetch | Specific CVE: CVE-2024-37079
2026-07-03 01:32:33 | INFO     | nvd_fetch | Successfully fetched page at index 0, got 1 CVEs
2026-07-03 01:32:34 | DEBUG    | nvd_fetch | Fetching NVD page: startIndex=0, resultsPerPage=200
2026-07-03 01:32:34 | DEBUG    | nvd_fetch | Specific CVE: CVE-2024-23296
2026-07-03 01:32:34 | INFO     | nvd_fetch | Successfully fetched page at index 0, got 1 CVEs
2026-07-03 01:32:39 | DEBUG    | nvd_fetch | Fetching NVD page: startIndex=0, resultsPerPage=200
2026-07-03 01:32:39 | DEBUG    | nvd_fetch | Specific CVE: CVE-2025-68645
2026-07-03 01:32:40 | INFO     | nvd_fetch | Successfully fetched page at index 0, got 1 CVEs
2026-07-03 01:32:41 | DEBUG    | nvd_fetch | Fetching NVD page: startIndex=0, resultsPerPage=200
2026-07-03 01:32:41 | DEBUG    | nvd_fetch | Specific CVE: CVE-2023-21237
2026-07-03 01:32:41 | INFO     | nvd_fetch | Successfully fetched page at index 0, got 1 CVEs
2026-07-03 01:32:46 | DEBUG    | nvd_fetch | Fetching NVD page: startIndex=0, resultsPerPage=200
2026-07-03 01:32:46 | DEBUG    | nvd_fetch | Specific CVE: CVE-2025-34026
2026-07-03 01:32:47 | INFO     | nvd_fetch | Successfully fetched page at index 0, got 1 CVEs
2026-07-03 01:32:48 | DEBUG    | nvd_fetch | Fetching NVD page: startIndex=0, resultsPerPage=200
2026-07-03 01:32:48 | DEBUG    | nvd_fetch | Specific CVE: CVE-2021-36380
2026-07-03 01:32:48 | INFO     | nvd_fetch | Successfully fetched page at index 0, got 1 CVEs
2026-07-03 01:32:53 | DEBUG    | nvd_fetch | Fetching NVD page: startIndex=0, resultsPerPage=200
2026-07-03 01:32:53 | DEBUG    | nvd_fetch | Specific CVE: CVE-2025-31125
2026-07-03 01:32:54 | INFO     | nvd_fetch | Successfully fetched page at index 0, got 1 CVEs
2026-07-03 01:32:54 | DEBUG    | nvd_fetch | Fetching NVD page: startIndex=0, resultsPerPage=200
2026-07-03 01:32:54 | DEBUG    | nvd_fetch | Specific CVE: CVE-2024-21338
2026-07-03 01:32:55 | INFO     | nvd_fetch | Successfully fetched page at index 0, got 1 CVEs
2026-07-03 01:33:01 | DEBUG    | nvd_fetch | Fetching NVD page: startIndex=0, resultsPerPage=200
2026-07-03 01:33:01 | DEBUG    | nvd_fetch | Specific CVE: CVE-2025-54313
2026-07-03 01:33:01 | INFO     | nvd_fetch | Successfully fetched page at index 0, got 1 CVEs
2026-07-03 01:33:01 | DEBUG    | nvd_fetch | Fetching NVD page: startIndex=0, resultsPerPage=200
2026-07-03 01:33:01 | DEBUG    | nvd_fetch | Specific CVE: CVE-2023-29360
2026-07-03 01:33:02 | INFO     | nvd_fetch | Successfully fetched page at index 0, got 1 CVEs
2026-07-03 01:33:08 | DEBUG    | nvd_fetch | Fetching NVD page: startIndex=0, resultsPerPage=200
2026-07-03 01:33:08 | DEBUG    | nvd_fetch | Specific CVE: CVE-2026-20045
2026-07-03 01:33:08 | INFO     | nvd_fetch | Successfully fetched page at index 0, got 1 CVEs
2026-07-03 01:33:08 | DEBUG    | nvd_fetch | Fetching NVD page: startIndex=0, resultsPerPage=200
2026-07-03 01:33:08 | DEBUG    | nvd_fetch | Specific CVE: CVE-2024-1709
2026-07-03 01:33:09 | INFO     | nvd_fetch | Successfully fetched page at index 0, got 1 CVEs
2026-07-03 01:33:15 | DEBUG    | nvd_fetch | Fetching NVD page: startIndex=0, resultsPerPage=200
2026-07-03 01:33:15 | DEBUG    | nvd_fetch | Specific CVE: CVE-2026-20805
2026-07-03 01:33:15 | DEBUG    | nvd_fetch | Fetching NVD page: startIndex=0, resultsPerPage=200
2026-07-03 01:33:15 | DEBUG    | nvd_fetch | Specific CVE: CVE-2020-3259
2026-07-03 01:33:16 | INFO     | nvd_fetch | Successfully fetched page at index 0, got 1 CVEs
2026-07-03 01:33:16 | INFO     | nvd_fetch | Successfully fetched page at index 0, got 1 CVEs
2026-07-03 01:33:22 | DEBUG    | nvd_fetch | Fetching NVD page: startIndex=0, resultsPerPage=200
2026-07-03 01:33:22 | DEBUG    | nvd_fetch | Specific CVE: CVE-2024-21410
2026-07-03 01:33:22 | DEBUG    | nvd_fetch | Fetching NVD page: startIndex=0, resultsPerPage=200
2026-07-03 01:33:22 | DEBUG    | nvd_fetch | Specific CVE: CVE-2025-8110
2026-07-03 01:33:23 | INFO     | nvd_fetch | Successfully fetched page at index 0, got 1 CVEs
2026-07-03 01:33:23 | INFO     | nvd_fetch | Successfully fetched page at index 0, got 1 CVEs
2026-07-03 01:33:29 | DEBUG    | nvd_fetch | Fetching NVD page: startIndex=0, resultsPerPage=200
2026-07-03 01:33:29 | DEBUG    | nvd_fetch | Specific CVE: CVE-2009-0556
2026-07-03 01:33:29 | DEBUG    | nvd_fetch | Fetching NVD page: startIndex=0, resultsPerPage=200
2026-07-03 01:33:29 | DEBUG    | nvd_fetch | Specific CVE: CVE-2024-21412
2026-07-03 01:33:30 | INFO     | nvd_fetch | Successfully fetched page at index 0, got 1 CVEs
2026-07-03 01:33:30 | INFO     | nvd_fetch | Successfully fetched page at index 0, got 1 CVEs
2026-07-03 01:33:36 | DEBUG    | nvd_fetch | Fetching NVD page: startIndex=0, resultsPerPage=200
2026-07-03 01:33:36 | DEBUG    | nvd_fetch | Specific CVE: CVE-2024-21351
2026-07-03 01:33:37 | INFO     | nvd_fetch | Successfully fetched page at index 0, got 1 CVEs
2026-07-03 01:33:37 | DEBUG    | nvd_fetch | Fetching NVD page: startIndex=0, resultsPerPage=200
2026-07-03 01:33:37 | DEBUG    | nvd_fetch | Specific CVE: CVE-2025-37164
2026-07-03 01:33:37 | INFO     | nvd_fetch | Successfully fetched page at index 0, got 1 CVEs
2026-07-03 01:33:43 | DEBUG    | nvd_fetch | Fetching NVD page: startIndex=0, resultsPerPage=200
2026-07-03 01:33:43 | DEBUG    | nvd_fetch | Specific CVE: CVE-2023-43770
2026-07-03 01:33:44 | INFO     | nvd_fetch | Successfully fetched page at index 0, got 1 CVEs
2026-07-03 01:33:44 | DEBUG    | nvd_fetch | Fetching NVD page: startIndex=0, resultsPerPage=200
2026-07-03 01:33:44 | DEBUG    | nvd_fetch | Specific CVE: CVE-2025-14847
2026-07-03 01:33:44 | INFO     | nvd_fetch | Successfully fetched page at index 0, got 1 CVEs
2026-07-03 01:33:50 | DEBUG    | nvd_fetch | Fetching NVD page: startIndex=0, resultsPerPage=200
2026-07-03 01:33:50 | DEBUG    | nvd_fetch | Specific CVE: CVE-2024-21762
2026-07-03 01:33:50 | INFO     | nvd_fetch | Successfully fetched page at index 0, got 1 CVEs
2026-07-03 01:33:51 | DEBUG    | nvd_fetch | Fetching NVD page: startIndex=0, resultsPerPage=200
2026-07-03 01:33:51 | DEBUG    | nvd_fetch | Specific CVE: CVE-2023-52163
2026-07-03 01:33:51 | INFO     | nvd_fetch | Successfully fetched page at index 0, got 1 CVEs
2026-07-03 01:33:57 | DEBUG    | nvd_fetch | Fetching NVD page: startIndex=0, resultsPerPage=200
2026-07-03 01:33:57 | DEBUG    | nvd_fetch | Specific CVE: CVE-2023-4762
2026-07-03 01:33:57 | DEBUG    | nvd_fetch | Fetching NVD page: startIndex=0, resultsPerPage=200
2026-07-03 01:33:57 | DEBUG    | nvd_fetch | Specific CVE: CVE-2025-14733
2026-07-03 01:33:58 | INFO     | nvd_fetch | Successfully fetched page at index 0, got 1 CVEs
2026-07-03 01:33:59 | INFO     | nvd_fetch | Successfully fetched page at index 0, got 1 CVEs
2026-07-03 01:34:04 | DEBUG    | nvd_fetch | Fetching NVD page: startIndex=0, resultsPerPage=200
2026-07-03 01:34:04 | DEBUG    | nvd_fetch | Specific CVE: CVE-2022-48618
2026-07-03 01:34:04 | INFO     | nvd_fetch | Successfully fetched page at index 0, got 1 CVEs
2026-07-03 01:34:05 | DEBUG    | nvd_fetch | Fetching NVD page: startIndex=0, resultsPerPage=200
2026-07-03 01:34:05 | DEBUG    | nvd_fetch | Specific CVE: CVE-2025-59374
2026-07-03 01:34:05 | INFO     | nvd_fetch | Successfully fetched page at index 0, got 1 CVEs
2026-07-03 01:34:11 | DEBUG    | nvd_fetch | Fetching NVD page: startIndex=0, resultsPerPage=200
2026-07-03 01:34:11 | DEBUG    | nvd_fetch | Specific CVE: CVE-2024-21893
2026-07-03 01:34:11 | INFO     | nvd_fetch | Successfully fetched page at index 0, got 1 CVEs
2026-07-03 01:34:12 | DEBUG    | nvd_fetch | Fetching NVD page: startIndex=0, resultsPerPage=200
2026-07-03 01:34:12 | DEBUG    | nvd_fetch | Specific CVE: CVE-2025-40602
2026-07-03 01:34:12 | INFO     | nvd_fetch | Successfully fetched page at index 0, got 1 CVEs
2026-07-03 01:34:18 | DEBUG    | nvd_fetch | Fetching NVD page: startIndex=0, resultsPerPage=200
2026-07-03 01:34:18 | DEBUG    | nvd_fetch | Specific CVE: CVE-2023-22527
2026-07-03 01:34:19 | INFO     | nvd_fetch | Successfully fetched page at index 0, got 1 CVEs
2026-07-03 01:34:19 | DEBUG    | nvd_fetch | Fetching NVD page: startIndex=0, resultsPerPage=200
2026-07-03 01:34:19 | DEBUG    | nvd_fetch | Specific CVE: CVE-2025-20393
2026-07-03 01:34:20 | INFO     | nvd_fetch | Successfully fetched page at index 0, got 1 CVEs
2026-07-03 01:34:25 | DEBUG    | nvd_fetch | Fetching NVD page: startIndex=0, resultsPerPage=200
2026-07-03 01:34:25 | DEBUG    | nvd_fetch | Specific CVE: CVE-2024-23222
2026-07-03 01:34:26 | INFO     | nvd_fetch | Successfully fetched page at index 0, got 1 CVEs
2026-07-03 01:34:27 | DEBUG    | nvd_fetch | Fetching NVD page: startIndex=0, resultsPerPage=200
2026-07-03 01:34:27 | DEBUG    | nvd_fetch | Specific CVE: CVE-2025-59718
2026-07-03 01:34:27 | INFO     | nvd_fetch | Successfully fetched page at index 0, got 1 CVEs
2026-07-03 01:34:33 | DEBUG    | nvd_fetch | Fetching NVD page: startIndex=0, resultsPerPage=200
2026-07-03 01:34:33 | DEBUG    | nvd_fetch | Specific CVE: CVE-2023-34048
2026-07-03 01:34:33 | INFO     | nvd_fetch | Successfully fetched page at index 0, got 1 CVEs
2026-07-03 01:34:33 | DEBUG    | nvd_fetch | Fetching NVD page: startIndex=0, resultsPerPage=200
2026-07-03 01:34:33 | DEBUG    | nvd_fetch | Specific CVE: CVE-2025-14611
2026-07-03 01:34:34 | INFO     | nvd_fetch | Successfully fetched page at index 0, got 1 CVEs
2026-07-03 01:34:40 | DEBUG    | nvd_fetch | Fetching NVD page: startIndex=0, resultsPerPage=200
2026-07-03 01:34:40 | DEBUG    | nvd_fetch | Specific CVE: CVE-2023-35082
2026-07-03 01:34:40 | INFO     | nvd_fetch | Successfully fetched page at index 0, got 1 CVEs
2026-07-03 01:34:40 | DEBUG    | nvd_fetch | Fetching NVD page: startIndex=0, resultsPerPage=200
2026-07-03 01:34:40 | DEBUG    | nvd_fetch | Specific CVE: CVE-2025-43529
2026-07-03 01:34:41 | INFO     | nvd_fetch | Successfully fetched page at index 0, got 1 CVEs
2026-07-03 01:34:47 | DEBUG    | nvd_fetch | Fetching NVD page: startIndex=0, resultsPerPage=200
2026-07-03 01:34:47 | DEBUG    | nvd_fetch | Specific CVE: CVE-2024-0519
2026-07-03 01:34:47 | INFO     | nvd_fetch | Successfully fetched page at index 0, got 1 CVEs
2026-07-03 01:34:47 | DEBUG    | nvd_fetch | Fetching NVD page: startIndex=0, resultsPerPage=200
2026-07-03 01:34:47 | DEBUG    | nvd_fetch | Specific CVE: CVE-2018-4063
2026-07-03 01:34:48 | INFO     | nvd_fetch | Successfully fetched page at index 0, got 1 CVEs
2026-07-03 01:34:54 | DEBUG    | nvd_fetch | Fetching NVD page: startIndex=0, resultsPerPage=200
2026-07-03 01:34:54 | DEBUG    | nvd_fetch | Specific CVE: CVE-2023-6549
2026-07-03 01:34:54 | INFO     | nvd_fetch | Successfully fetched page at index 0, got 1 CVEs
2026-07-03 01:34:54 | DEBUG    | nvd_fetch | Fetching NVD page: startIndex=0, resultsPerPage=200
2026-07-03 01:34:54 | DEBUG    | nvd_fetch | Specific CVE: CVE-2025-14174
2026-07-03 01:34:55 | INFO     | nvd_fetch | Successfully fetched page at index 0, got 1 CVEs
2026-07-03 01:35:01 | DEBUG    | nvd_fetch | Fetching NVD page: startIndex=0, resultsPerPage=200
2026-07-03 01:35:01 | DEBUG    | nvd_fetch | Specific CVE: CVE-2023-6548
2026-07-03 01:35:01 | DEBUG    | nvd_fetch | Fetching NVD page: startIndex=0, resultsPerPage=200
2026-07-03 01:35:01 | DEBUG    | nvd_fetch | Specific CVE: CVE-2025-58360
2026-07-03 01:35:03 | INFO     | nvd_fetch | Successfully fetched page at index 0, got 1 CVEs
2026-07-03 01:35:06 | INFO     | nvd_fetch | Successfully fetched page at index 0, got 1 CVEs
2026-07-03 01:35:10 | DEBUG    | nvd_fetch | Fetching NVD page: startIndex=0, resultsPerPage=200
2026-07-03 01:35:10 | DEBUG    | nvd_fetch | Specific CVE: CVE-2025-6218
2026-07-03 01:35:11 | INFO     | nvd_fetch | Successfully fetched page at index 0, got 1 CVEs
2026-07-03 01:35:12 | DEBUG    | nvd_fetch | Fetching NVD page: startIndex=0, resultsPerPage=200
2026-07-03 01:35:12 | DEBUG    | nvd_fetch | Specific CVE: CVE-2018-15133
2026-07-03 01:35:13 | INFO     | nvd_fetch | Successfully fetched page at index 0, got 1 CVEs
2026-07-03 01:35:17 | DEBUG    | nvd_fetch | Fetching NVD page: startIndex=0, resultsPerPage=200
2026-07-03 01:35:17 | DEBUG    | nvd_fetch | Specific CVE: CVE-2025-62221
2026-07-03 01:35:18 | INFO     | nvd_fetch | Successfully fetched page at index 0, got 1 CVEs
2026-07-03 01:35:19 | DEBUG    | nvd_fetch | Fetching NVD page: startIndex=0, resultsPerPage=200
2026-07-03 01:35:19 | DEBUG    | nvd_fetch | Specific CVE: CVE-2023-29357
2026-07-03 01:35:19 | INFO     | nvd_fetch | Successfully fetched page at index 0, got 1 CVEs
2026-07-03 01:35:24 | DEBUG    | nvd_fetch | Fetching NVD page: startIndex=0, resultsPerPage=200
2026-07-03 01:35:24 | DEBUG    | nvd_fetch | Specific CVE: CVE-2022-37055
2026-07-03 01:35:24 | INFO     | nvd_fetch | Successfully fetched page at index 0, got 1 CVEs
2026-07-03 01:35:26 | DEBUG    | nvd_fetch | Fetching NVD page: startIndex=0, resultsPerPage=200
2026-07-03 01:35:26 | DEBUG    | nvd_fetch | Specific CVE: CVE-2023-46805
2026-07-03 01:35:26 | INFO     | nvd_fetch | Successfully fetched page at index 0, got 1 CVEs
2026-07-03 01:35:31 | DEBUG    | nvd_fetch | Fetching NVD page: startIndex=0, resultsPerPage=200
2026-07-03 01:35:31 | DEBUG    | nvd_fetch | Specific CVE: CVE-2025-66644
2026-07-03 01:35:31 | INFO     | nvd_fetch | Successfully fetched page at index 0, got 1 CVEs
2026-07-03 01:35:33 | DEBUG    | nvd_fetch | Fetching NVD page: startIndex=0, resultsPerPage=200
2026-07-03 01:35:33 | DEBUG    | nvd_fetch | Specific CVE: CVE-2024-21887
2026-07-03 01:35:33 | INFO     | nvd_fetch | Successfully fetched page at index 0, got 1 CVEs
2026-07-03 01:35:38 | DEBUG    | nvd_fetch | Fetching NVD page: startIndex=0, resultsPerPage=200
2026-07-03 01:35:38 | DEBUG    | nvd_fetch | Specific CVE: CVE-2025-55182
2026-07-03 01:35:38 | INFO     | nvd_fetch | Successfully fetched page at index 0, got 1 CVEs
2026-07-03 01:35:40 | DEBUG    | nvd_fetch | Fetching NVD page: startIndex=0, resultsPerPage=200
2026-07-03 01:35:40 | DEBUG    | nvd_fetch | Specific CVE: CVE-2023-23752
2026-07-03 01:35:40 | INFO     | nvd_fetch | Successfully fetched page at index 0, got 1 CVEs
2026-07-03 01:35:45 | DEBUG    | nvd_fetch | Fetching NVD page: startIndex=0, resultsPerPage=200
2026-07-03 01:35:45 | DEBUG    | nvd_fetch | Specific CVE: CVE-2021-26828
2026-07-03 01:35:45 | INFO     | nvd_fetch | Successfully fetched page at index 0, got 1 CVEs
2026-07-03 01:35:47 | DEBUG    | nvd_fetch | Fetching NVD page: startIndex=0, resultsPerPage=200
2026-07-03 01:35:47 | DEBUG    | nvd_fetch | Specific CVE: CVE-2016-20017
2026-07-03 01:35:47 | INFO     | nvd_fetch | Successfully fetched page at index 0, got 1 CVEs
2026-07-03 01:35:52 | DEBUG    | nvd_fetch | Fetching NVD page: startIndex=0, resultsPerPage=200
2026-07-03 01:35:52 | DEBUG    | nvd_fetch | Specific CVE: CVE-2025-48633
2026-07-03 01:35:52 | INFO     | nvd_fetch | Successfully fetched page at index 0, got 1 CVEs
2026-07-03 01:35:54 | DEBUG    | nvd_fetch | Fetching NVD page: startIndex=0, resultsPerPage=200
2026-07-03 01:35:54 | DEBUG    | nvd_fetch | Specific CVE: CVE-2023-41990
2026-07-03 01:35:54 | INFO     | nvd_fetch | Successfully fetched page at index 0, got 1 CVEs
2026-07-03 01:35:58 | DEBUG    | nvd_fetch | Fetching NVD page: startIndex=0, resultsPerPage=200
2026-07-03 01:35:58 | DEBUG    | nvd_fetch | Specific CVE: CVE-2025-48572
2026-07-03 01:35:59 | INFO     | nvd_fetch | Successfully fetched page at index 0, got 1 CVEs
2026-07-03 01:36:00 | DEBUG    | nvd_fetch | Fetching NVD page: startIndex=0, resultsPerPage=200
2026-07-03 01:36:00 | DEBUG    | nvd_fetch | Specific CVE: CVE-2023-27524
2026-07-03 01:36:01 | INFO     | nvd_fetch | Successfully fetched page at index 0, got 1 CVEs
2026-07-03 01:36:05 | DEBUG    | nvd_fetch | Fetching NVD page: startIndex=0, resultsPerPage=200
2026-07-03 01:36:05 | DEBUG    | nvd_fetch | Specific CVE: CVE-2021-26829
2026-07-03 01:36:06 | INFO     | nvd_fetch | Successfully fetched page at index 0, got 1 CVEs
2026-07-03 01:36:07 | DEBUG    | nvd_fetch | Fetching NVD page: startIndex=0, resultsPerPage=200
2026-07-03 01:36:07 | DEBUG    | nvd_fetch | Specific CVE: CVE-2023-29300
2026-07-03 01:36:08 | INFO     | nvd_fetch | Successfully fetched page at index 0, got 1 CVEs
2026-07-03 01:36:12 | DEBUG    | nvd_fetch | Fetching NVD page: startIndex=0, resultsPerPage=200
2026-07-03 01:36:12 | DEBUG    | nvd_fetch | Specific CVE: CVE-2025-61757
2026-07-03 01:36:12 | INFO     | nvd_fetch | Successfully fetched page at index 0, got 1 CVEs
2026-07-03 01:36:14 | DEBUG    | nvd_fetch | Fetching NVD page: startIndex=0, resultsPerPage=200
2026-07-03 01:36:14 | DEBUG    | nvd_fetch | Specific CVE: CVE-2023-38203
2026-07-03 01:36:14 | INFO     | nvd_fetch | Successfully fetched page at index 0, got 1 CVEs
2026-07-03 01:36:19 | DEBUG    | nvd_fetch | Fetching NVD page: startIndex=0, resultsPerPage=200
2026-07-03 01:36:19 | DEBUG    | nvd_fetch | Specific CVE: CVE-2025-13223
2026-07-03 01:36:19 | INFO     | nvd_fetch | Successfully fetched page at index 0, got 1 CVEs
2026-07-03 01:36:21 | DEBUG    | nvd_fetch | Fetching NVD page: startIndex=0, resultsPerPage=200
2026-07-03 01:36:21 | DEBUG    | nvd_fetch | Specific CVE: CVE-2023-7101
2026-07-03 01:36:22 | INFO     | nvd_fetch | Successfully fetched page at index 0, got 1 CVEs
2026-07-03 01:36:26 | DEBUG    | nvd_fetch | Fetching NVD page: startIndex=0, resultsPerPage=200
2026-07-03 01:36:26 | DEBUG    | nvd_fetch | Specific CVE: CVE-2025-58034
2026-07-03 01:36:26 | INFO     | nvd_fetch | Successfully fetched page at index 0, got 1 CVEs
2026-07-03 01:36:29 | DEBUG    | nvd_fetch | Fetching NVD page: startIndex=0, resultsPerPage=200
2026-07-03 01:36:29 | DEBUG    | nvd_fetch | Specific CVE: CVE-2023-7024
2026-07-03 01:36:29 | INFO     | nvd_fetch | Successfully fetched page at index 0, got 1 CVEs
2026-07-03 01:36:33 | DEBUG    | nvd_fetch | Fetching NVD page: startIndex=0, resultsPerPage=200
2026-07-03 01:36:33 | DEBUG    | nvd_fetch | Specific CVE: CVE-2025-64446
2026-07-03 01:36:33 | INFO     | nvd_fetch | Successfully fetched page at index 0, got 1 CVEs
2026-07-03 01:36:36 | DEBUG    | nvd_fetch | Fetching NVD page: startIndex=0, resultsPerPage=200
2026-07-03 01:36:36 | DEBUG    | nvd_fetch | Specific CVE: CVE-2023-49897
2026-07-03 01:36:36 | INFO     | nvd_fetch | Successfully fetched page at index 0, got 1 CVEs
2026-07-03 01:36:39 | DEBUG    | nvd_fetch | Fetching NVD page: startIndex=0, resultsPerPage=200
2026-07-03 01:36:39 | DEBUG    | nvd_fetch | Specific CVE: CVE-2025-12480
2026-07-03 01:36:40 | INFO     | nvd_fetch | Successfully fetched page at index 0, got 1 CVEs
2026-07-03 01:36:42 | DEBUG    | nvd_fetch | Fetching NVD page: startIndex=0, resultsPerPage=200
2026-07-03 01:36:42 | DEBUG    | nvd_fetch | Specific CVE: CVE-2023-47565
2026-07-03 01:36:43 | INFO     | nvd_fetch | Successfully fetched page at index 0, got 1 CVEs
2026-07-03 01:36:47 | DEBUG    | nvd_fetch | Fetching NVD page: startIndex=0, resultsPerPage=200
2026-07-03 01:36:47 | DEBUG    | nvd_fetch | Specific CVE: CVE-2025-62215
2026-07-03 01:36:47 | INFO     | nvd_fetch | Successfully fetched page at index 0, got 1 CVEs
2026-07-03 01:36:49 | DEBUG    | nvd_fetch | Fetching NVD page: startIndex=0, resultsPerPage=200
2026-07-03 01:36:49 | DEBUG    | nvd_fetch | Specific CVE: CVE-2023-6448
2026-07-03 01:36:50 | INFO     | nvd_fetch | Successfully fetched page at index 0, got 1 CVEs
2026-07-03 01:36:54 | DEBUG    | nvd_fetch | Fetching NVD page: startIndex=0, resultsPerPage=200
2026-07-03 01:36:54 | DEBUG    | nvd_fetch | Specific CVE: CVE-2025-9242
2026-07-03 01:36:54 | INFO     | nvd_fetch | Successfully fetched page at index 0, got 1 CVEs
2026-07-03 01:36:56 | DEBUG    | nvd_fetch | Fetching NVD page: startIndex=0, resultsPerPage=200
2026-07-03 01:36:56 | DEBUG    | nvd_fetch | Specific CVE: CVE-2023-41266
2026-07-03 01:36:56 | INFO     | nvd_fetch | Successfully fetched page at index 0, got 1 CVEs
2026-07-03 01:37:01 | DEBUG    | nvd_fetch | Fetching NVD page: startIndex=0, resultsPerPage=200
2026-07-03 01:37:01 | DEBUG    | nvd_fetch | Specific CVE: CVE-2025-21042
2026-07-03 01:37:02 | INFO     | nvd_fetch | Successfully fetched page at index 0, got 1 CVEs
2026-07-03 01:37:03 | DEBUG    | nvd_fetch | Fetching NVD page: startIndex=0, resultsPerPage=200
2026-07-03 01:37:03 | DEBUG    | nvd_fetch | Specific CVE: CVE-2023-41265
2026-07-03 01:37:03 | INFO     | nvd_fetch | Successfully fetched page at index 0, got 1 CVEs
2026-07-03 01:37:08 | DEBUG    | nvd_fetch | Fetching NVD page: startIndex=0, resultsPerPage=200
2026-07-03 01:37:08 | DEBUG    | nvd_fetch | Specific CVE: CVE-2025-48703
2026-07-03 01:37:10 | INFO     | nvd_fetch | Successfully fetched page at index 0, got 1 CVEs
2026-07-03 01:37:10 | DEBUG    | nvd_fetch | Fetching NVD page: startIndex=0, resultsPerPage=200
2026-07-03 01:37:10 | DEBUG    | nvd_fetch | Specific CVE: CVE-2023-33107
2026-07-03 01:37:12 | INFO     | nvd_fetch | Successfully fetched page at index 0, got 1 CVEs
2026-07-03 01:37:16 | DEBUG    | nvd_fetch | Fetching NVD page: startIndex=0, resultsPerPage=200
2026-07-03 01:37:16 | DEBUG    | nvd_fetch | Specific CVE: CVE-2025-11371
2026-07-03 01:37:17 | INFO     | nvd_fetch | Successfully fetched page at index 0, got 1 CVEs
2026-07-03 01:37:18 | DEBUG    | nvd_fetch | Fetching NVD page: startIndex=0, resultsPerPage=200
2026-07-03 01:37:18 | DEBUG    | nvd_fetch | Specific CVE: CVE-2023-33106
2026-07-03 01:37:19 | INFO     | nvd_fetch | Successfully fetched page at index 0, got 1 CVEs
2026-07-03 01:37:23 | DEBUG    | nvd_fetch | Fetching NVD page: startIndex=0, resultsPerPage=200
2026-07-03 01:37:23 | DEBUG    | nvd_fetch | Specific CVE: CVE-2025-41244
2026-07-03 01:37:24 | INFO     | nvd_fetch | Successfully fetched page at index 0, got 1 CVEs
2026-07-03 01:37:25 | DEBUG    | nvd_fetch | Fetching NVD page: startIndex=0, resultsPerPage=200
2026-07-03 01:37:25 | DEBUG    | nvd_fetch | Specific CVE: CVE-2023-33063
2026-07-03 01:37:25 | INFO     | nvd_fetch | Successfully fetched page at index 0, got 1 CVEs
2026-07-03 01:37:30 | DEBUG    | nvd_fetch | Fetching NVD page: startIndex=0, resultsPerPage=200
2026-07-03 01:37:30 | DEBUG    | nvd_fetch | Specific CVE: CVE-2025-24893
2026-07-03 01:37:31 | INFO     | nvd_fetch | Successfully fetched page at index 0, got 1 CVEs
2026-07-03 01:37:32 | DEBUG    | nvd_fetch | Fetching NVD page: startIndex=0, resultsPerPage=200
2026-07-03 01:37:32 | DEBUG    | nvd_fetch | Specific CVE: CVE-2022-22071
2026-07-03 01:37:32 | INFO     | nvd_fetch | Successfully fetched page at index 0, got 1 CVEs
2026-07-03 01:37:37 | DEBUG    | nvd_fetch | Fetching NVD page: startIndex=0, resultsPerPage=200
2026-07-03 01:37:37 | DEBUG    | nvd_fetch | Specific CVE: CVE-2025-6204
2026-07-03 01:37:37 | INFO     | nvd_fetch | Successfully fetched page at index 0, got 1 CVEs
2026-07-03 01:37:39 | DEBUG    | nvd_fetch | Fetching NVD page: startIndex=0, resultsPerPage=200
2026-07-03 01:37:39 | DEBUG    | nvd_fetch | Specific CVE: CVE-2023-42917
2026-07-03 01:37:39 | INFO     | nvd_fetch | Successfully fetched page at index 0, got 1 CVEs
2026-07-03 01:37:44 | DEBUG    | nvd_fetch | Fetching NVD page: startIndex=0, resultsPerPage=200
2026-07-03 01:37:44 | DEBUG    | nvd_fetch | Specific CVE: CVE-2025-6205
2026-07-03 01:37:44 | INFO     | nvd_fetch | Successfully fetched page at index 0, got 1 CVEs
2026-07-03 01:37:46 | DEBUG    | nvd_fetch | Fetching NVD page: startIndex=0, resultsPerPage=200
2026-07-03 01:37:46 | DEBUG    | nvd_fetch | Specific CVE: CVE-2023-42916
2026-07-03 01:37:46 | INFO     | nvd_fetch | Successfully fetched page at index 0, got 1 CVEs
2026-07-03 01:37:51 | DEBUG    | nvd_fetch | Fetching NVD page: startIndex=0, resultsPerPage=200
2026-07-03 01:37:51 | DEBUG    | nvd_fetch | Specific CVE: CVE-2025-54236
2026-07-03 01:37:51 | INFO     | nvd_fetch | Successfully fetched page at index 0, got 1 CVEs
2026-07-03 01:37:52 | DEBUG    | nvd_fetch | Fetching NVD page: startIndex=0, resultsPerPage=200
2026-07-03 01:37:52 | DEBUG    | nvd_fetch | Specific CVE: CVE-2023-6345
2026-07-03 01:37:53 | INFO     | nvd_fetch | Successfully fetched page at index 0, got 1 CVEs
2026-07-03 01:37:57 | DEBUG    | nvd_fetch | Fetching NVD page: startIndex=0, resultsPerPage=200
2026-07-03 01:37:57 | DEBUG    | nvd_fetch | Specific CVE: CVE-2025-59287
2026-07-03 01:37:58 | INFO     | nvd_fetch | Successfully fetched page at index 0, got 1 CVEs
2026-07-03 01:37:59 | DEBUG    | nvd_fetch | Fetching NVD page: startIndex=0, resultsPerPage=200
2026-07-03 01:37:59 | DEBUG    | nvd_fetch | Specific CVE: CVE-2023-49103
2026-07-03 01:38:00 | INFO     | nvd_fetch | Successfully fetched page at index 0, got 1 CVEs
2026-07-03 01:38:04 | DEBUG    | nvd_fetch | Fetching NVD page: startIndex=0, resultsPerPage=200
2026-07-03 01:38:04 | DEBUG    | nvd_fetch | Specific CVE: CVE-2025-61932
2026-07-03 01:38:04 | INFO     | nvd_fetch | Successfully fetched page at index 0, got 1 CVEs
2026-07-03 01:38:06 | DEBUG    | nvd_fetch | Fetching NVD page: startIndex=0, resultsPerPage=200
2026-07-03 01:38:06 | DEBUG    | nvd_fetch | Specific CVE: CVE-2023-4911
2026-07-03 01:38:06 | INFO     | nvd_fetch | Successfully fetched page at index 0, got 1 CVEs
2026-07-03 01:38:11 | DEBUG    | nvd_fetch | Fetching NVD page: startIndex=0, resultsPerPage=200
2026-07-03 01:38:11 | DEBUG    | nvd_fetch | Specific CVE: CVE-2022-48503
2026-07-03 01:38:11 | INFO     | nvd_fetch | Successfully fetched page at index 0, got 1 CVEs
2026-07-03 01:38:13 | DEBUG    | nvd_fetch | Fetching NVD page: startIndex=0, resultsPerPage=200
2026-07-03 01:38:13 | DEBUG    | nvd_fetch | Specific CVE: CVE-2023-36584
2026-07-03 01:38:13 | INFO     | nvd_fetch | Successfully fetched page at index 0, got 1 CVEs
2026-07-03 01:38:18 | DEBUG    | nvd_fetch | Fetching NVD page: startIndex=0, resultsPerPage=200
2026-07-03 01:38:18 | DEBUG    | nvd_fetch | Specific CVE: CVE-2025-2746
2026-07-03 01:38:18 | INFO     | nvd_fetch | Successfully fetched page at index 0, got 1 CVEs
2026-07-03 01:38:20 | DEBUG    | nvd_fetch | Fetching NVD page: startIndex=0, resultsPerPage=200
2026-07-03 01:38:20 | DEBUG    | nvd_fetch | Specific CVE: CVE-2023-1671
2026-07-03 01:38:20 | INFO     | nvd_fetch | Successfully fetched page at index 0, got 1 CVEs
2026-07-03 01:38:25 | DEBUG    | nvd_fetch | Fetching NVD page: startIndex=0, resultsPerPage=200
2026-07-03 01:38:25 | DEBUG    | nvd_fetch | Specific CVE: CVE-2025-2747
2026-07-03 01:38:25 | INFO     | nvd_fetch | Successfully fetched page at index 0, got 1 CVEs
2026-07-03 01:38:27 | DEBUG    | nvd_fetch | Fetching NVD page: startIndex=0, resultsPerPage=200
2026-07-03 01:38:27 | DEBUG    | nvd_fetch | Specific CVE: CVE-2020-2551
2026-07-03 01:38:27 | INFO     | nvd_fetch | Successfully fetched page at index 0, got 1 CVEs
2026-07-03 01:38:32 | DEBUG    | nvd_fetch | Fetching NVD page: startIndex=0, resultsPerPage=200
2026-07-03 01:38:32 | DEBUG    | nvd_fetch | Specific CVE: CVE-2025-33073
2026-07-03 01:38:32 | INFO     | nvd_fetch | Successfully fetched page at index 0, got 1 CVEs
2026-07-03 01:38:33 | DEBUG    | nvd_fetch | Fetching NVD page: startIndex=0, resultsPerPage=200
2026-07-03 01:38:33 | DEBUG    | nvd_fetch | Specific CVE: CVE-2023-36033
2026-07-03 01:38:34 | INFO     | nvd_fetch | Successfully fetched page at index 0, got 1 CVEs
2026-07-03 01:38:37 | DEBUG    | nvd_fetch | Fetching NVD page: startIndex=0, resultsPerPage=200
2026-07-03 01:38:37 | DEBUG    | nvd_fetch | Specific CVE: CVE-2026-45659
2026-07-03 01:38:38 | INFO     | nvd_fetch | Successfully fetched page at index 0, got 1 CVEs
2026-07-03 01:38:38 | DEBUG    | nvd_fetch | Fetching NVD page: startIndex=0, resultsPerPage=200
2026-07-03 01:38:38 | DEBUG    | nvd_fetch | Specific CVE: CVE-2025-61884
2026-07-03 01:38:39 | INFO     | nvd_fetch | Successfully fetched page at index 0, got 1 CVEs
2026-07-03 01:38:40 | DEBUG    | nvd_fetch | Fetching NVD page: startIndex=0, resultsPerPage=200
2026-07-03 01:38:40 | DEBUG    | nvd_fetch | Specific CVE: CVE-2023-36025
2026-07-03 01:38:41 | INFO     | nvd_fetch | Successfully fetched page at index 0, got 1 CVEs
2026-07-03 01:38:44 | DEBUG    | nvd_fetch | Fetching NVD page: startIndex=0, resultsPerPage=200
2026-07-03 01:38:44 | DEBUG    | nvd_fetch | Specific CVE: CVE-2026-48558
2026-07-03 01:38:44 | INFO     | nvd_fetch | Successfully fetched page at index 0, got 1 CVEs
2026-07-03 01:38:45 | DEBUG    | nvd_fetch | Fetching NVD page: startIndex=0, resultsPerPage=200
2026-07-03 01:38:45 | DEBUG    | nvd_fetch | Specific CVE: CVE-2025-54253
2026-07-03 01:38:45 | INFO     | nvd_fetch | Successfully fetched page at index 0, got 1 CVEs
2026-07-03 01:38:47 | DEBUG    | nvd_fetch | Fetching NVD page: startIndex=0, resultsPerPage=200
2026-07-03 01:38:47 | DEBUG    | nvd_fetch | Specific CVE: CVE-2023-36036
2026-07-03 01:38:47 | INFO     | nvd_fetch | Successfully fetched page at index 0, got 1 CVEs
2026-07-03 01:38:51 | DEBUG    | nvd_fetch | Fetching NVD page: startIndex=0, resultsPerPage=200
2026-07-03 01:38:51 | DEBUG    | nvd_fetch | Specific CVE: CVE-2026-12569
2026-07-03 01:38:51 | INFO     | nvd_fetch | Successfully fetched page at index 0, got 1 CVEs
2026-07-03 01:38:52 | DEBUG    | nvd_fetch | Fetching NVD page: startIndex=0, resultsPerPage=200
2026-07-03 01:38:52 | DEBUG    | nvd_fetch | Specific CVE: CVE-2025-47827
2026-07-03 01:38:52 | INFO     | nvd_fetch | Successfully fetched page at index 0, got 1 CVEs
2026-07-03 01:38:54 | DEBUG    | nvd_fetch | Fetching NVD page: startIndex=0, resultsPerPage=200
2026-07-03 01:38:54 | DEBUG    | nvd_fetch | Specific CVE: CVE-2023-47246
2026-07-03 01:38:54 | INFO     | nvd_fetch | Successfully fetched page at index 0, got 1 CVEs
2026-07-03 01:38:58 | DEBUG    | nvd_fetch | Fetching NVD page: startIndex=0, resultsPerPage=200
2026-07-03 01:38:58 | DEBUG    | nvd_fetch | Specific CVE: CVE-2026-20230
2026-07-03 01:38:58 | INFO     | nvd_fetch | Successfully fetched page at index 0, got 1 CVEs
2026-07-03 01:38:59 | DEBUG    | nvd_fetch | Fetching NVD page: startIndex=0, resultsPerPage=200
2026-07-03 01:38:59 | DEBUG    | nvd_fetch | Specific CVE: CVE-2025-24990
2026-07-03 01:38:59 | INFO     | nvd_fetch | Successfully fetched page at index 0, got 1 CVEs
2026-07-03 01:39:01 | DEBUG    | nvd_fetch | Fetching NVD page: startIndex=0, resultsPerPage=200
2026-07-03 01:39:01 | DEBUG    | nvd_fetch | Specific CVE: CVE-2023-36844
2026-07-03 01:39:01 | INFO     | nvd_fetch | Successfully fetched page at index 0, got 1 CVEs
2026-07-03 01:39:05 | DEBUG    | nvd_fetch | Fetching NVD page: startIndex=0, resultsPerPage=200
2026-07-03 01:39:05 | DEBUG    | nvd_fetch | Specific CVE: CVE-2025-67038
2026-07-03 01:39:05 | INFO     | nvd_fetch | Successfully fetched page at index 0, got 1 CVEs
2026-07-03 01:39:05 | DEBUG    | nvd_fetch | Fetching NVD page: startIndex=0, resultsPerPage=200
2026-07-03 01:39:05 | DEBUG    | nvd_fetch | Specific CVE: CVE-2025-59230
2026-07-03 01:39:06 | INFO     | nvd_fetch | Successfully fetched page at index 0, got 1 CVEs
2026-07-03 01:39:08 | DEBUG    | nvd_fetch | Fetching NVD page: startIndex=0, resultsPerPage=200
2026-07-03 01:39:08 | DEBUG    | nvd_fetch | Specific CVE: CVE-2023-36845
2026-07-03 01:39:08 | INFO     | nvd_fetch | Successfully fetched page at index 0, got 1 CVEs
2026-07-03 01:39:12 | DEBUG    | nvd_fetch | Fetching NVD page: startIndex=0, resultsPerPage=200
2026-07-03 01:39:12 | DEBUG    | nvd_fetch | Specific CVE: CVE-2026-34910
2026-07-03 01:39:12 | INFO     | nvd_fetch | Successfully fetched page at index 0, got 1 CVEs
2026-07-03 01:39:12 | DEBUG    | nvd_fetch | Fetching NVD page: startIndex=0, resultsPerPage=200
2026-07-03 01:39:12 | DEBUG    | nvd_fetch | Specific CVE: CVE-2016-7836
2026-07-03 01:39:13 | INFO     | nvd_fetch | Successfully fetched page at index 0, got 1 CVEs
2026-07-03 01:39:15 | DEBUG    | nvd_fetch | Fetching NVD page: startIndex=0, resultsPerPage=200
2026-07-03 01:39:15 | DEBUG    | nvd_fetch | Specific CVE: CVE-2023-36846
2026-07-03 01:39:15 | INFO     | nvd_fetch | Successfully fetched page at index 0, got 1 CVEs
2026-07-03 01:39:18 | DEBUG    | nvd_fetch | Fetching NVD page: startIndex=0, resultsPerPage=200
2026-07-03 01:39:18 | DEBUG    | nvd_fetch | Specific CVE: CVE-2026-34909
2026-07-03 01:39:19 | INFO     | nvd_fetch | Successfully fetched page at index 0, got 1 CVEs
2026-07-03 01:39:19 | DEBUG    | nvd_fetch | Fetching NVD page: startIndex=0, resultsPerPage=200
2026-07-03 01:39:19 | DEBUG    | nvd_fetch | Specific CVE: CVE-2021-43798
2026-07-03 01:39:20 | INFO     | nvd_fetch | Successfully fetched page at index 0, got 1 CVEs
2026-07-03 01:39:22 | DEBUG    | nvd_fetch | Fetching NVD page: startIndex=0, resultsPerPage=200
2026-07-03 01:39:22 | DEBUG    | nvd_fetch | Specific CVE: CVE-2023-36847
2026-07-03 01:39:22 | INFO     | nvd_fetch | Successfully fetched page at index 0, got 1 CVEs
2026-07-03 01:39:25 | DEBUG    | nvd_fetch | Fetching NVD page: startIndex=0, resultsPerPage=200
2026-07-03 01:39:25 | DEBUG    | nvd_fetch | Specific CVE: CVE-2026-34908
2026-07-03 01:39:26 | INFO     | nvd_fetch | Successfully fetched page at index 0, got 1 CVEs
2026-07-03 01:39:26 | DEBUG    | nvd_fetch | Fetching NVD page: startIndex=0, resultsPerPage=200
2026-07-03 01:39:26 | DEBUG    | nvd_fetch | Specific CVE: CVE-2025-27915
2026-07-03 01:39:26 | INFO     | nvd_fetch | Successfully fetched page at index 0, got 1 CVEs
2026-07-03 01:39:29 | DEBUG    | nvd_fetch | Fetching NVD page: startIndex=0, resultsPerPage=200
2026-07-03 01:39:29 | DEBUG    | nvd_fetch | Specific CVE: CVE-2023-36851
2026-07-03 01:39:29 | INFO     | nvd_fetch | Successfully fetched page at index 0, got 1 CVEs
2026-07-03 01:39:32 | DEBUG    | nvd_fetch | Fetching NVD page: startIndex=0, resultsPerPage=200
2026-07-03 01:39:32 | DEBUG    | nvd_fetch | Specific CVE: CVE-2026-20253
2026-07-03 01:39:32 | INFO     | nvd_fetch | Successfully fetched page at index 0, got 1 CVEs
2026-07-03 01:39:33 | DEBUG    | nvd_fetch | Fetching NVD page: startIndex=0, resultsPerPage=200
2026-07-03 01:39:33 | DEBUG    | nvd_fetch | Specific CVE: CVE-2021-22555
2026-07-03 01:39:33 | INFO     | nvd_fetch | Successfully fetched page at index 0, got 1 CVEs
2026-07-03 01:39:35 | DEBUG    | nvd_fetch | Fetching NVD page: startIndex=0, resultsPerPage=200
2026-07-03 01:39:35 | DEBUG    | nvd_fetch | Specific CVE: CVE-2023-29552
2026-07-03 01:39:36 | INFO     | nvd_fetch | Successfully fetched page at index 0, got 1 CVEs
2026-07-03 01:39:39 | DEBUG    | nvd_fetch | Fetching NVD page: startIndex=0, resultsPerPage=200
2026-07-03 01:39:39 | DEBUG    | nvd_fetch | Specific CVE: CVE-2026-48907
2026-07-03 01:39:39 | INFO     | nvd_fetch | Successfully fetched page at index 0, got 1 CVEs
2026-07-03 01:39:40 | DEBUG    | nvd_fetch | Fetching NVD page: startIndex=0, resultsPerPage=200
2026-07-03 01:39:40 | DEBUG    | nvd_fetch | Specific CVE: CVE-2010-3962
2026-07-03 01:39:40 | INFO     | nvd_fetch | Successfully fetched page at index 0, got 1 CVEs
2026-07-03 01:39:42 | DEBUG    | nvd_fetch | Fetching NVD page: startIndex=0, resultsPerPage=200
2026-07-03 01:39:42 | DEBUG    | nvd_fetch | Specific CVE: CVE-2023-22518
2026-07-03 01:39:44 | INFO     | nvd_fetch | Successfully fetched page at index 0, got 1 CVEs
2026-07-03 01:39:46 | DEBUG    | nvd_fetch | Fetching NVD page: startIndex=0, resultsPerPage=200
2026-07-03 01:39:46 | DEBUG    | nvd_fetch | Specific CVE: CVE-2026-54420
2026-07-03 01:39:46 | DEBUG    | nvd_fetch | Fetching NVD page: startIndex=0, resultsPerPage=200
2026-07-03 01:39:46 | DEBUG    | nvd_fetch | Specific CVE: CVE-2021-43226
2026-07-03 01:39:46 | INFO     | nvd_fetch | Successfully fetched page at index 0, got 1 CVEs
2026-07-03 01:39:47 | INFO     | nvd_fetch | Successfully fetched page at index 0, got 1 CVEs
2026-07-03 01:39:50 | DEBUG    | nvd_fetch | Fetching NVD page: startIndex=0, resultsPerPage=200
2026-07-03 01:39:50 | DEBUG    | nvd_fetch | Specific CVE: CVE-2023-46604
2026-07-03 01:39:51 | INFO     | nvd_fetch | Successfully fetched page at index 0, got 1 CVEs
2026-07-03 01:39:53 | DEBUG    | nvd_fetch | Fetching NVD page: startIndex=0, resultsPerPage=200
2026-07-03 01:39:53 | DEBUG    | nvd_fetch | Specific CVE: CVE-2026-20262
2026-07-03 01:39:53 | DEBUG    | nvd_fetch | Fetching NVD page: startIndex=0, resultsPerPage=200
2026-07-03 01:39:53 | DEBUG    | nvd_fetch | Specific CVE: CVE-2013-3918
2026-07-03 01:39:53 | INFO     | nvd_fetch | Successfully fetched page at index 0, got 1 CVEs
2026-07-03 01:39:53 | INFO     | nvd_fetch | Successfully fetched page at index 0, got 1 CVEs
2026-07-03 01:39:57 | DEBUG    | nvd_fetch | Fetching NVD page: startIndex=0, resultsPerPage=200
2026-07-03 01:39:57 | DEBUG    | nvd_fetch | Specific CVE: CVE-2023-46748
2026-07-03 01:39:58 | INFO     | nvd_fetch | Successfully fetched page at index 0, got 1 CVEs
2026-07-03 01:40:00 | DEBUG    | nvd_fetch | Fetching NVD page: startIndex=0, resultsPerPage=200
2026-07-03 01:40:00 | DEBUG    | nvd_fetch | Specific CVE: CVE-2026-35273
2026-07-03 01:40:00 | DEBUG    | nvd_fetch | Fetching NVD page: startIndex=0, resultsPerPage=200
2026-07-03 01:40:00 | DEBUG    | nvd_fetch | Specific CVE: CVE-2011-3402
2026-07-03 01:40:00 | INFO     | nvd_fetch | Successfully fetched page at index 0, got 1 CVEs
2026-07-03 01:40:00 | INFO     | nvd_fetch | Successfully fetched page at index 0, got 1 CVEs
2026-07-03 01:40:04 | DEBUG    | nvd_fetch | Fetching NVD page: startIndex=0, resultsPerPage=200
2026-07-03 01:40:04 | DEBUG    | nvd_fetch | Specific CVE: CVE-2023-46747
2026-07-03 01:40:06 | INFO     | nvd_fetch | Successfully fetched page at index 0, got 1 CVEs
2026-07-03 01:40:07 | DEBUG    | nvd_fetch | Fetching NVD page: startIndex=0, resultsPerPage=200
2026-07-03 01:40:07 | DEBUG    | nvd_fetch | Specific CVE: CVE-2026-10520
2026-07-03 01:40:07 | DEBUG    | nvd_fetch | Fetching NVD page: startIndex=0, resultsPerPage=200
2026-07-03 01:40:07 | DEBUG    | nvd_fetch | Specific CVE: CVE-2010-3765
2026-07-03 01:40:07 | INFO     | nvd_fetch | Successfully fetched page at index 0, got 1 CVEs
2026-07-03 01:40:07 | INFO     | nvd_fetch | Successfully fetched page at index 0, got 1 CVEs
2026-07-03 01:40:12 | DEBUG    | nvd_fetch | Fetching NVD page: startIndex=0, resultsPerPage=200
2026-07-03 01:40:12 | DEBUG    | nvd_fetch | Specific CVE: CVE-2023-5631
2026-07-03 01:40:13 | INFO     | nvd_fetch | Successfully fetched page at index 0, got 1 CVEs
2026-07-03 01:40:14 | DEBUG    | nvd_fetch | Fetching NVD page: startIndex=0, resultsPerPage=200
2026-07-03 01:40:14 | DEBUG    | nvd_fetch | Specific CVE: CVE-2026-11645
2026-07-03 01:40:14 | DEBUG    | nvd_fetch | Fetching NVD page: startIndex=0, resultsPerPage=200
2026-07-03 01:40:14 | DEBUG    | nvd_fetch | Specific CVE: CVE-2025-61882
2026-07-03 01:40:14 | INFO     | nvd_fetch | Successfully fetched page at index 0, got 1 CVEs
2026-07-03 01:40:14 | INFO     | nvd_fetch | Successfully fetched page at index 0, got 1 CVEs
2026-07-03 01:40:19 | DEBUG    | nvd_fetch | Fetching NVD page: startIndex=0, resultsPerPage=200
2026-07-03 01:40:19 | DEBUG    | nvd_fetch | Specific CVE: CVE-2023-20273
2026-07-03 01:40:20 | INFO     | nvd_fetch | Successfully fetched page at index 0, got 1 CVEs
2026-07-03 01:40:20 | DEBUG    | nvd_fetch | Fetching NVD page: startIndex=0, resultsPerPage=200
2026-07-03 01:40:20 | DEBUG    | nvd_fetch | Specific CVE: CVE-2026-7473
2026-07-03 01:40:21 | DEBUG    | nvd_fetch | Fetching NVD page: startIndex=0, resultsPerPage=200
2026-07-03 01:40:21 | DEBUG    | nvd_fetch | Specific CVE: CVE-2014-6278
2026-07-03 01:40:21 | INFO     | nvd_fetch | Successfully fetched page at index 0, got 1 CVEs
2026-07-03 01:40:21 | INFO     | nvd_fetch | Successfully fetched page at index 0, got 1 CVEs
2026-07-03 01:40:26 | DEBUG    | nvd_fetch | Fetching NVD page: startIndex=0, resultsPerPage=200
2026-07-03 01:40:26 | DEBUG    | nvd_fetch | Specific CVE: CVE-2023-4966
2026-07-03 01:40:27 | INFO     | nvd_fetch | Successfully fetched page at index 0, got 1 CVEs
2026-07-03 01:40:27 | DEBUG    | nvd_fetch | Fetching NVD page: startIndex=0, resultsPerPage=200
2026-07-03 01:40:27 | DEBUG    | nvd_fetch | Specific CVE: CVE-2026-20245
2026-07-03 01:40:27 | DEBUG    | nvd_fetch | Fetching NVD page: startIndex=0, resultsPerPage=200
2026-07-03 01:40:27 | DEBUG    | nvd_fetch | Specific CVE: CVE-2017-1000353
2026-07-03 01:40:28 | INFO     | nvd_fetch | Successfully fetched page at index 0, got 1 CVEs
2026-07-03 01:40:29 | INFO     | nvd_fetch | Successfully fetched page at index 0, got 1 CVEs
2026-07-03 01:40:34 | DEBUG    | nvd_fetch | Fetching NVD page: startIndex=0, resultsPerPage=200
2026-07-03 01:40:34 | DEBUG    | nvd_fetch | Specific CVE: CVE-2023-20198
2026-07-03 01:40:34 | INFO     | nvd_fetch | Successfully fetched page at index 0, got 1 CVEs
2026-07-03 01:40:34 | DEBUG    | nvd_fetch | Fetching NVD page: startIndex=0, resultsPerPage=200
2026-07-03 01:40:34 | DEBUG    | nvd_fetch | Specific CVE: CVE-2015-7755
2026-07-03 01:40:36 | INFO     | nvd_fetch | Successfully fetched page at index 0, got 1 CVEs
2026-07-03 01:40:36 | DEBUG    | nvd_fetch | Fetching NVD page: startIndex=0, resultsPerPage=200
2026-07-03 01:40:36 | DEBUG    | nvd_fetch | Specific CVE: CVE-2026-42271
2026-07-03 01:40:36 | INFO     | nvd_fetch | Successfully fetched page at index 0, got 1 CVEs
2026-07-03 01:40:41 | DEBUG    | nvd_fetch | Fetching NVD page: startIndex=0, resultsPerPage=200
2026-07-03 01:40:41 | DEBUG    | nvd_fetch | Specific CVE: CVE-2023-21608
2026-07-03 01:40:41 | INFO     | nvd_fetch | Successfully fetched page at index 0, got 1 CVEs
2026-07-03 01:40:42 | DEBUG    | nvd_fetch | Fetching NVD page: startIndex=0, resultsPerPage=200
2026-07-03 01:40:42 | DEBUG    | nvd_fetch | Specific CVE: CVE-2025-21043
2026-07-03 01:40:42 | INFO     | nvd_fetch | Successfully fetched page at index 0, got 1 CVEs
2026-07-03 01:40:43 | DEBUG    | nvd_fetch | Fetching NVD page: startIndex=0, resultsPerPage=200
2026-07-03 01:40:43 | DEBUG    | nvd_fetch | Specific CVE: CVE-2026-50751
2026-07-03 01:40:43 | INFO     | nvd_fetch | Successfully fetched page at index 0, got 1 CVEs
2026-07-03 01:40:48 | DEBUG    | nvd_fetch | Fetching NVD page: startIndex=0, resultsPerPage=200
2026-07-03 01:40:48 | DEBUG    | nvd_fetch | Specific CVE: CVE-2023-20109
2026-07-03 01:40:48 | INFO     | nvd_fetch | Successfully fetched page at index 0, got 1 CVEs
2026-07-03 01:40:49 | DEBUG    | nvd_fetch | Fetching NVD page: startIndex=0, resultsPerPage=200
2026-07-03 01:40:49 | DEBUG    | nvd_fetch | Specific CVE: CVE-2025-4008
2026-07-03 01:40:49 | INFO     | nvd_fetch | Successfully fetched page at index 0, got 1 CVEs
2026-07-03 01:40:49 | DEBUG    | nvd_fetch | Fetching NVD page: startIndex=0, resultsPerPage=200
2026-07-03 01:40:49 | DEBUG    | nvd_fetch | Specific CVE: CVE-2026-28318
2026-07-03 01:40:50 | INFO     | nvd_fetch | Successfully fetched page at index 0, got 1 CVEs
2026-07-03 01:40:55 | DEBUG    | nvd_fetch | Fetching NVD page: startIndex=0, resultsPerPage=200
2026-07-03 01:40:55 | DEBUG    | nvd_fetch | Specific CVE: CVE-2023-41763
2026-07-03 01:40:55 | INFO     | nvd_fetch | Successfully fetched page at index 0, got 1 CVEs
2026-07-03 01:40:56 | DEBUG    | nvd_fetch | Fetching NVD page: startIndex=0, resultsPerPage=200
2026-07-03 01:40:56 | DEBUG    | nvd_fetch | Specific CVE: CVE-2025-32463
2026-07-03 01:40:56 | INFO     | nvd_fetch | Successfully fetched page at index 0, got 1 CVEs
2026-07-03 01:40:56 | DEBUG    | nvd_fetch | Fetching NVD page: startIndex=0, resultsPerPage=200
2026-07-03 01:40:56 | DEBUG    | nvd_fetch | Specific CVE: CVE-2026-45247
2026-07-03 01:40:57 | INFO     | nvd_fetch | Successfully fetched page at index 0, got 1 CVEs
2026-07-03 01:41:02 | DEBUG    | nvd_fetch | Fetching NVD page: startIndex=0, resultsPerPage=200
2026-07-03 01:41:02 | DEBUG    | nvd_fetch | Specific CVE: CVE-2023-36563
2026-07-03 01:41:02 | INFO     | nvd_fetch | Successfully fetched page at index 0, got 1 CVEs
2026-07-03 01:41:03 | DEBUG    | nvd_fetch | Fetching NVD page: startIndex=0, resultsPerPage=200
2026-07-03 01:41:03 | DEBUG    | nvd_fetch | Specific CVE: CVE-2025-59689
2026-07-03 01:41:03 | INFO     | nvd_fetch | Successfully fetched page at index 0, got 1 CVEs
2026-07-03 01:41:03 | DEBUG    | nvd_fetch | Fetching NVD page: startIndex=0, resultsPerPage=200
2026-07-03 01:41:03 | DEBUG    | nvd_fetch | Specific CVE: CVE-2022-0492
2026-07-03 01:41:04 | INFO     | nvd_fetch | Successfully fetched page at index 0, got 1 CVEs
2026-07-03 01:41:09 | DEBUG    | nvd_fetch | Fetching NVD page: startIndex=0, resultsPerPage=200
2026-07-03 01:41:09 | DEBUG    | nvd_fetch | Specific CVE: CVE-2023-44487
2026-07-03 01:41:09 | DEBUG    | nvd_fetch | Fetching NVD page: startIndex=0, resultsPerPage=200
2026-07-03 01:41:09 | DEBUG    | nvd_fetch | Specific CVE: CVE-2025-10035
2026-07-03 01:41:09 | INFO     | nvd_fetch | Successfully fetched page at index 0, got 1 CVEs
2026-07-03 01:41:10 | INFO     | nvd_fetch | Successfully fetched page at index 0, got 1 CVEs
2026-07-03 01:41:10 | DEBUG    | nvd_fetch | Fetching NVD page: startIndex=0, resultsPerPage=200
2026-07-03 01:41:10 | DEBUG    | nvd_fetch | Specific CVE: CVE-2025-48595
2026-07-03 01:41:10 | INFO     | nvd_fetch | Successfully fetched page at index 0, got 1 CVEs
2026-07-03 01:41:16 | DEBUG    | nvd_fetch | Fetching NVD page: startIndex=0, resultsPerPage=200
2026-07-03 01:41:16 | DEBUG    | nvd_fetch | Specific CVE: CVE-2023-22515
2026-07-03 01:41:16 | DEBUG    | nvd_fetch | Fetching NVD page: startIndex=0, resultsPerPage=200
2026-07-03 01:41:16 | DEBUG    | nvd_fetch | Specific CVE: CVE-2025-20352
2026-07-03 01:41:16 | INFO     | nvd_fetch | Successfully fetched page at index 0, got 1 CVEs
2026-07-03 01:41:17 | INFO     | nvd_fetch | Successfully fetched page at index 0, got 1 CVEs
2026-07-03 01:41:17 | DEBUG    | nvd_fetch | Fetching NVD page: startIndex=0, resultsPerPage=200
2026-07-03 01:41:17 | DEBUG    | nvd_fetch | Specific CVE: CVE-2024-21182
2026-07-03 01:41:17 | INFO     | nvd_fetch | Successfully fetched page at index 0, got 1 CVEs
2026-07-03 01:41:23 | DEBUG    | nvd_fetch | Fetching NVD page: startIndex=0, resultsPerPage=200
2026-07-03 01:41:23 | DEBUG    | nvd_fetch | Specific CVE: CVE-2023-40044
2026-07-03 01:41:23 | INFO     | nvd_fetch | Successfully fetched page at index 0, got 1 CVEs
2026-07-03 01:41:23 | DEBUG    | nvd_fetch | Fetching NVD page: startIndex=0, resultsPerPage=200
2026-07-03 01:41:23 | DEBUG    | nvd_fetch | Specific CVE: CVE-2021-21311
2026-07-03 01:41:23 | INFO     | nvd_fetch | Successfully fetched page at index 0, got 1 CVEs
2026-07-03 01:41:24 | DEBUG    | nvd_fetch | Fetching NVD page: startIndex=0, resultsPerPage=200
2026-07-03 01:41:24 | DEBUG    | nvd_fetch | Specific CVE: CVE-2026-0257
2026-07-03 01:41:24 | INFO     | nvd_fetch | Successfully fetched page at index 0, got 1 CVEs
2026-07-03 01:41:29 | DEBUG    | nvd_fetch | Fetching NVD page: startIndex=0, resultsPerPage=200
2026-07-03 01:41:29 | DEBUG    | nvd_fetch | Specific CVE: CVE-2023-42824
2026-07-03 01:41:30 | INFO     | nvd_fetch | Successfully fetched page at index 0, got 1 CVEs
2026-07-03 01:41:30 | DEBUG    | nvd_fetch | Fetching NVD page: startIndex=0, resultsPerPage=200
2026-07-03 01:41:30 | DEBUG    | nvd_fetch | Specific CVE: CVE-2025-20362
2026-07-03 01:41:30 | INFO     | nvd_fetch | Successfully fetched page at index 0, got 1 CVEs
2026-07-03 01:41:30 | DEBUG    | nvd_fetch | Fetching NVD page: startIndex=0, resultsPerPage=200
2026-07-03 01:41:30 | DEBUG    | nvd_fetch | Specific CVE: CVE-2026-48027
2026-07-03 01:41:31 | INFO     | nvd_fetch | Successfully fetched page at index 0, got 1 CVEs
2026-07-03 01:41:36 | DEBUG    | nvd_fetch | Fetching NVD page: startIndex=0, resultsPerPage=200
2026-07-03 01:41:36 | DEBUG    | nvd_fetch | Specific CVE: CVE-2023-42793
2026-07-03 01:41:37 | INFO     | nvd_fetch | Successfully fetched page at index 0, got 1 CVEs
2026-07-03 01:41:37 | DEBUG    | nvd_fetch | Fetching NVD page: startIndex=0, resultsPerPage=200
2026-07-03 01:41:37 | DEBUG    | nvd_fetch | Specific CVE: CVE-2025-20333
2026-07-03 01:41:37 | DEBUG    | nvd_fetch | Fetching NVD page: startIndex=0, resultsPerPage=200
2026-07-03 01:41:37 | DEBUG    | nvd_fetch | Specific CVE: CVE-2026-45321
2026-07-03 01:41:37 | INFO     | nvd_fetch | Successfully fetched page at index 0, got 1 CVEs
2026-07-03 01:41:38 | INFO     | nvd_fetch | Successfully fetched page at index 0, got 1 CVEs
2026-07-03 01:41:43 | DEBUG    | nvd_fetch | Fetching NVD page: startIndex=0, resultsPerPage=200
2026-07-03 01:41:43 | DEBUG    | nvd_fetch | Specific CVE: CVE-2023-28229
2026-07-03 01:41:43 | INFO     | nvd_fetch | Successfully fetched page at index 0, got 1 CVEs
2026-07-03 01:41:44 | DEBUG    | nvd_fetch | Fetching NVD page: startIndex=0, resultsPerPage=200
2026-07-03 01:41:44 | DEBUG    | nvd_fetch | Specific CVE: CVE-2025-10585
2026-07-03 01:41:44 | DEBUG    | nvd_fetch | Fetching NVD page: startIndex=0, resultsPerPage=200
2026-07-03 01:41:44 | DEBUG    | nvd_fetch | Specific CVE: CVE-2026-8398
2026-07-03 01:41:44 | INFO     | nvd_fetch | Successfully fetched page at index 0, got 1 CVEs
2026-07-03 01:41:44 | INFO     | nvd_fetch | Successfully fetched page at index 0, got 1 CVEs
2026-07-03 01:41:50 | DEBUG    | nvd_fetch | Fetching NVD page: startIndex=0, resultsPerPage=200
2026-07-03 01:41:50 | DEBUG    | nvd_fetch | Specific CVE: CVE-2023-4211
2026-07-03 01:41:50 | INFO     | nvd_fetch | Successfully fetched page at index 0, got 1 CVEs
2026-07-03 01:41:51 | DEBUG    | nvd_fetch | Fetching NVD page: startIndex=0, resultsPerPage=200
2026-07-03 01:41:51 | DEBUG    | nvd_fetch | Specific CVE: CVE-2025-5086
2026-07-03 01:41:51 | DEBUG    | nvd_fetch | Fetching NVD page: startIndex=0, resultsPerPage=200
2026-07-03 01:41:51 | DEBUG    | nvd_fetch | Specific CVE: CVE-2026-48172
2026-07-03 01:41:51 | INFO     | nvd_fetch | Successfully fetched page at index 0, got 1 CVEs
2026-07-03 01:41:51 | INFO     | nvd_fetch | Successfully fetched page at index 0, got 1 CVEs
2026-07-03 01:41:57 | DEBUG    | nvd_fetch | Fetching NVD page: startIndex=0, resultsPerPage=200
2026-07-03 01:41:57 | DEBUG    | nvd_fetch | Specific CVE: CVE-2023-5217
2026-07-03 01:41:57 | INFO     | nvd_fetch | Successfully fetched page at index 0, got 1 CVEs
2026-07-03 01:41:58 | DEBUG    | nvd_fetch | Fetching NVD page: startIndex=0, resultsPerPage=200
2026-07-03 01:41:58 | DEBUG    | nvd_fetch | Specific CVE: CVE-2025-38352
2026-07-03 01:41:58 | DEBUG    | nvd_fetch | Fetching NVD page: startIndex=0, resultsPerPage=200
2026-07-03 01:41:58 | DEBUG    | nvd_fetch | Specific CVE: CVE-2026-9082
2026-07-03 01:41:58 | INFO     | nvd_fetch | Successfully fetched page at index 0, got 1 CVEs
2026-07-03 01:41:58 | INFO     | nvd_fetch | Successfully fetched page at index 0, got 1 CVEs
2026-07-03 01:42:04 | DEBUG    | nvd_fetch | Fetching NVD page: startIndex=0, resultsPerPage=200
2026-07-03 01:42:04 | DEBUG    | nvd_fetch | Specific CVE: CVE-2018-14667
2026-07-03 01:42:04 | INFO     | nvd_fetch | Successfully fetched page at index 0, got 1 CVEs
2026-07-03 01:42:05 | DEBUG    | nvd_fetch | Fetching NVD page: startIndex=0, resultsPerPage=200
2026-07-03 01:42:05 | DEBUG    | nvd_fetch | Specific CVE: CVE-2025-34291
2026-07-03 01:42:05 | DEBUG    | nvd_fetch | Fetching NVD page: startIndex=0, resultsPerPage=200
2026-07-03 01:42:05 | DEBUG    | nvd_fetch | Specific CVE: CVE-2025-48543
2026-07-03 01:42:05 | INFO     | nvd_fetch | Successfully fetched page at index 0, got 1 CVEs
2026-07-03 01:42:05 | INFO     | nvd_fetch | Successfully fetched page at index 0, got 1 CVEs
2026-07-03 01:42:11 | DEBUG    | nvd_fetch | Fetching NVD page: startIndex=0, resultsPerPage=200
2026-07-03 01:42:11 | DEBUG    | nvd_fetch | Specific CVE: CVE-2023-41991
2026-07-03 01:42:11 | INFO     | nvd_fetch | Successfully fetched page at index 0, got 1 CVEs
2026-07-03 01:42:11 | DEBUG    | nvd_fetch | Fetching NVD page: startIndex=0, resultsPerPage=200
2026-07-03 01:42:11 | DEBUG    | nvd_fetch | Specific CVE: CVE-2026-34926
2026-07-03 01:42:12 | DEBUG    | nvd_fetch | Fetching NVD page: startIndex=0, resultsPerPage=200
2026-07-03 01:42:12 | DEBUG    | nvd_fetch | Specific CVE: CVE-2025-53690
2026-07-03 01:42:12 | INFO     | nvd_fetch | Successfully fetched page at index 0, got 1 CVEs
2026-07-03 01:42:13 | INFO     | nvd_fetch | Successfully fetched page at index 0, got 1 CVEs
2026-07-03 01:42:17 | DEBUG    | nvd_fetch | Fetching NVD page: startIndex=0, resultsPerPage=200
2026-07-03 01:42:17 | DEBUG    | nvd_fetch | Specific CVE: CVE-2023-41992
2026-07-03 01:42:18 | INFO     | nvd_fetch | Successfully fetched page at index 0, got 1 CVEs
2026-07-03 01:42:18 | DEBUG    | nvd_fetch | Fetching NVD page: startIndex=0, resultsPerPage=200
2026-07-03 01:42:18 | DEBUG    | nvd_fetch | Specific CVE: CVE-2023-50224
2026-07-03 01:42:19 | INFO     | nvd_fetch | Successfully fetched page at index 0, got 1 CVEs
2026-07-03 01:42:19 | DEBUG    | nvd_fetch | Fetching NVD page: startIndex=0, resultsPerPage=200
2026-07-03 01:42:19 | DEBUG    | nvd_fetch | Specific CVE: CVE-2008-4250
2026-07-03 01:42:19 | INFO     | nvd_fetch | Successfully fetched page at index 0, got 1 CVEs
2026-07-03 01:42:24 | DEBUG    | nvd_fetch | Fetching NVD page: startIndex=0, resultsPerPage=200
2026-07-03 01:42:24 | DEBUG    | nvd_fetch | Specific CVE: CVE-2023-41993
2026-07-03 01:42:24 | INFO     | nvd_fetch | Successfully fetched page at index 0, got 1 CVEs
2026-07-03 01:42:25 | DEBUG    | nvd_fetch | Fetching NVD page: startIndex=0, resultsPerPage=200
2026-07-03 01:42:25 | DEBUG    | nvd_fetch | Specific CVE: CVE-2025-9377
2026-07-03 01:42:26 | INFO     | nvd_fetch | Successfully fetched page at index 0, got 1 CVEs
2026-07-03 01:42:26 | DEBUG    | nvd_fetch | Fetching NVD page: startIndex=0, resultsPerPage=200
2026-07-03 01:42:26 | DEBUG    | nvd_fetch | Specific CVE: CVE-2009-1537
2026-07-03 01:42:26 | INFO     | nvd_fetch | Successfully fetched page at index 0, got 1 CVEs
2026-07-03 01:42:31 | DEBUG    | nvd_fetch | Fetching NVD page: startIndex=0, resultsPerPage=200
2026-07-03 01:42:31 | DEBUG    | nvd_fetch | Specific CVE: CVE-2023-41179
2026-07-03 01:42:31 | INFO     | nvd_fetch | Successfully fetched page at index 0, got 1 CVEs
2026-07-03 01:42:32 | DEBUG    | nvd_fetch | Fetching NVD page: startIndex=0, resultsPerPage=200
2026-07-03 01:42:32 | DEBUG    | nvd_fetch | Specific CVE: CVE-2020-24363
2026-07-03 01:42:33 | INFO     | nvd_fetch | Successfully fetched page at index 0, got 1 CVEs
2026-07-03 01:42:33 | DEBUG    | nvd_fetch | Fetching NVD page: startIndex=0, resultsPerPage=200
2026-07-03 01:42:33 | DEBUG    | nvd_fetch | Specific CVE: CVE-2009-3459
2026-07-03 01:42:33 | INFO     | nvd_fetch | Successfully fetched page at index 0, got 1 CVEs
2026-07-03 01:42:38 | DEBUG    | nvd_fetch | Fetching NVD page: startIndex=0, resultsPerPage=200
2026-07-03 01:42:38 | DEBUG    | nvd_fetch | Specific CVE: CVE-2023-28434
2026-07-03 01:42:38 | INFO     | nvd_fetch | Successfully fetched page at index 0, got 1 CVEs
2026-07-03 01:42:39 | DEBUG    | nvd_fetch | Fetching NVD page: startIndex=0, resultsPerPage=200
2026-07-03 01:42:39 | DEBUG    | nvd_fetch | Specific CVE: CVE-2025-55177
2026-07-03 01:42:40 | INFO     | nvd_fetch | Successfully fetched page at index 0, got 1 CVEs
2026-07-03 01:42:40 | DEBUG    | nvd_fetch | Fetching NVD page: startIndex=0, resultsPerPage=200
2026-07-03 01:42:40 | DEBUG    | nvd_fetch | Specific CVE: CVE-2010-0249
2026-07-03 01:42:40 | INFO     | nvd_fetch | Successfully fetched page at index 0, got 1 CVEs
2026-07-03 01:42:45 | DEBUG    | nvd_fetch | Fetching NVD page: startIndex=0, resultsPerPage=200
2026-07-03 01:42:45 | DEBUG    | nvd_fetch | Specific CVE: CVE-2022-22265
2026-07-03 01:42:45 | INFO     | nvd_fetch | Successfully fetched page at index 0, got 1 CVEs
2026-07-03 01:42:46 | DEBUG    | nvd_fetch | Fetching NVD page: startIndex=0, resultsPerPage=200
2026-07-03 01:42:46 | DEBUG    | nvd_fetch | Specific CVE: CVE-2025-57819
2026-07-03 01:42:47 | DEBUG    | nvd_fetch | Fetching NVD page: startIndex=0, resultsPerPage=200
2026-07-03 01:42:47 | DEBUG    | nvd_fetch | Specific CVE: CVE-2010-0806
2026-07-03 01:42:47 | INFO     | nvd_fetch | Successfully fetched page at index 0, got 1 CVEs
2026-07-03 01:42:47 | INFO     | nvd_fetch | Successfully fetched page at index 0, got 1 CVEs
2026-07-03 01:42:51 | DEBUG    | nvd_fetch | Fetching NVD page: startIndex=0, resultsPerPage=200
2026-07-03 01:42:51 | DEBUG    | nvd_fetch | Specific CVE: CVE-2014-8361
2026-07-03 01:42:52 | INFO     | nvd_fetch | Successfully fetched page at index 0, got 1 CVEs
2026-07-03 01:42:53 | DEBUG    | nvd_fetch | Fetching NVD page: startIndex=0, resultsPerPage=200
2026-07-03 01:42:53 | DEBUG    | nvd_fetch | Specific CVE: CVE-2025-7775
2026-07-03 01:42:54 | DEBUG    | nvd_fetch | Fetching NVD page: startIndex=0, resultsPerPage=200
2026-07-03 01:42:54 | DEBUG    | nvd_fetch | Specific CVE: CVE-2026-41091
2026-07-03 01:42:54 | INFO     | nvd_fetch | Successfully fetched page at index 0, got 1 CVEs
2026-07-03 01:42:54 | INFO     | nvd_fetch | Successfully fetched page at index 0, got 1 CVEs
2026-07-03 01:42:58 | DEBUG    | nvd_fetch | Fetching NVD page: startIndex=0, resultsPerPage=200
2026-07-03 01:42:58 | DEBUG    | nvd_fetch | Specific CVE: CVE-2017-6884
2026-07-03 01:42:59 | INFO     | nvd_fetch | Successfully fetched page at index 0, got 1 CVEs
2026-07-03 01:43:00 | DEBUG    | nvd_fetch | Fetching NVD page: startIndex=0, resultsPerPage=200
2026-07-03 01:43:00 | DEBUG    | nvd_fetch | Specific CVE: CVE-2025-48384
2026-07-03 01:43:00 | DEBUG    | nvd_fetch | Fetching NVD page: startIndex=0, resultsPerPage=200
2026-07-03 01:43:00 | DEBUG    | nvd_fetch | Specific CVE: CVE-2026-45498
2026-07-03 01:43:01 | INFO     | nvd_fetch | Successfully fetched page at index 0, got 1 CVEs
2026-07-03 01:43:01 | INFO     | nvd_fetch | Successfully fetched page at index 0, got 1 CVEs
2026-07-03 01:43:05 | DEBUG    | nvd_fetch | Fetching NVD page: startIndex=0, resultsPerPage=200
2026-07-03 01:43:05 | DEBUG    | nvd_fetch | Specific CVE: CVE-2021-3129
2026-07-03 01:43:06 | INFO     | nvd_fetch | Successfully fetched page at index 0, got 1 CVEs
2026-07-03 01:43:07 | DEBUG    | nvd_fetch | Fetching NVD page: startIndex=0, resultsPerPage=200
2026-07-03 01:43:07 | DEBUG    | nvd_fetch | Specific CVE: CVE-2024-8068
2026-07-03 01:43:08 | INFO     | nvd_fetch | Successfully fetched page at index 0, got 1 CVEs
2026-07-03 01:43:08 | DEBUG    | nvd_fetch | Fetching NVD page: startIndex=0, resultsPerPage=200
2026-07-03 01:43:08 | DEBUG    | nvd_fetch | Specific CVE: CVE-2026-42897
2026-07-03 01:43:08 | INFO     | nvd_fetch | Successfully fetched page at index 0, got 1 CVEs
2026-07-03 01:43:12 | DEBUG    | nvd_fetch | Fetching NVD page: startIndex=0, resultsPerPage=200
2026-07-03 01:43:12 | DEBUG    | nvd_fetch | Specific CVE: CVE-2023-26369
2026-07-03 01:43:12 | INFO     | nvd_fetch | Successfully fetched page at index 0, got 1 CVEs
2026-07-03 01:43:14 | DEBUG    | nvd_fetch | Fetching NVD page: startIndex=0, resultsPerPage=200
2026-07-03 01:43:14 | DEBUG    | nvd_fetch | Specific CVE: CVE-2024-8069
2026-07-03 01:43:14 | INFO     | nvd_fetch | Successfully fetched page at index 0, got 1 CVEs
2026-07-03 01:43:15 | DEBUG    | nvd_fetch | Fetching NVD page: startIndex=0, resultsPerPage=200
2026-07-03 01:43:15 | DEBUG    | nvd_fetch | Specific CVE: CVE-2026-20182
2026-07-03 01:43:15 | INFO     | nvd_fetch | Successfully fetched page at index 0, got 1 CVEs
2026-07-03 01:43:19 | DEBUG    | nvd_fetch | Fetching NVD page: startIndex=0, resultsPerPage=200
2026-07-03 01:43:19 | DEBUG    | nvd_fetch | Specific CVE: CVE-2023-35674
2026-07-03 01:43:19 | INFO     | nvd_fetch | Successfully fetched page at index 0, got 1 CVEs
2026-07-03 01:43:21 | DEBUG    | nvd_fetch | Fetching NVD page: startIndex=0, resultsPerPage=200
2026-07-03 01:43:21 | DEBUG    | nvd_fetch | Specific CVE: CVE-2025-43300
2026-07-03 01:43:21 | INFO     | nvd_fetch | Successfully fetched page at index 0, got 1 CVEs
2026-07-03 01:43:22 | DEBUG    | nvd_fetch | Fetching NVD page: startIndex=0, resultsPerPage=200
2026-07-03 01:43:22 | DEBUG    | nvd_fetch | Specific CVE: CVE-2026-42208
2026-07-03 01:43:22 | INFO     | nvd_fetch | Successfully fetched page at index 0, got 1 CVEs
2026-07-03 01:43:26 | DEBUG    | nvd_fetch | Fetching NVD page: startIndex=0, resultsPerPage=200
2026-07-03 01:43:26 | DEBUG    | nvd_fetch | Specific CVE: CVE-2023-20269
2026-07-03 01:43:26 | INFO     | nvd_fetch | Successfully fetched page at index 0, got 1 CVEs
2026-07-03 01:43:28 | DEBUG    | nvd_fetch | Fetching NVD page: startIndex=0, resultsPerPage=200
2026-07-03 01:43:28 | DEBUG    | nvd_fetch | Specific CVE: CVE-2025-54948
2026-07-03 01:43:28 | INFO     | nvd_fetch | Successfully fetched page at index 0, got 1 CVEs
2026-07-03 01:43:28 | DEBUG    | nvd_fetch | Fetching NVD page: startIndex=0, resultsPerPage=200
2026-07-03 01:43:28 | DEBUG    | nvd_fetch | Specific CVE: CVE-2026-6973
2026-07-03 01:43:29 | INFO     | nvd_fetch | Successfully fetched page at index 0, got 1 CVEs
2026-07-03 01:43:33 | DEBUG    | nvd_fetch | Fetching NVD page: startIndex=0, resultsPerPage=200
2026-07-03 01:43:33 | DEBUG    | nvd_fetch | Specific CVE: CVE-2023-4863
2026-07-03 01:43:33 | INFO     | nvd_fetch | Successfully fetched page at index 0, got 1 CVEs
2026-07-03 01:43:34 | DEBUG    | nvd_fetch | Fetching NVD page: startIndex=0, resultsPerPage=200
2026-07-03 01:43:34 | DEBUG    | nvd_fetch | Specific CVE: CVE-2025-8876
2026-07-03 01:43:35 | INFO     | nvd_fetch | Successfully fetched page at index 0, got 1 CVEs
2026-07-03 01:43:35 | DEBUG    | nvd_fetch | Fetching NVD page: startIndex=0, resultsPerPage=200
2026-07-03 01:43:35 | DEBUG    | nvd_fetch | Specific CVE: CVE-2026-0300
2026-07-03 01:43:35 | INFO     | nvd_fetch | Successfully fetched page at index 0, got 1 CVEs
2026-07-03 01:43:39 | DEBUG    | nvd_fetch | Fetching NVD page: startIndex=0, resultsPerPage=200
2026-07-03 01:43:39 | DEBUG    | nvd_fetch | Specific CVE: CVE-2023-36761
2026-07-03 01:43:40 | INFO     | nvd_fetch | Successfully fetched page at index 0, got 1 CVEs
2026-07-03 01:43:41 | DEBUG    | nvd_fetch | Fetching NVD page: startIndex=0, resultsPerPage=200
2026-07-03 01:43:41 | DEBUG    | nvd_fetch | Specific CVE: CVE-2025-8875
2026-07-03 01:43:42 | INFO     | nvd_fetch | Successfully fetched page at index 0, got 1 CVEs
2026-07-03 01:43:42 | DEBUG    | nvd_fetch | Fetching NVD page: startIndex=0, resultsPerPage=200
2026-07-03 01:43:42 | DEBUG    | nvd_fetch | Specific CVE: CVE-2026-31431
2026-07-03 01:43:42 | INFO     | nvd_fetch | Successfully fetched page at index 0, got 1 CVEs
2026-07-03 01:43:46 | DEBUG    | nvd_fetch | Fetching NVD page: startIndex=0, resultsPerPage=200
2026-07-03 01:43:46 | DEBUG    | nvd_fetch | Specific CVE: CVE-2023-36802
2026-07-03 01:43:46 | INFO     | nvd_fetch | Successfully fetched page at index 0, got 1 CVEs
2026-07-03 01:43:48 | DEBUG    | nvd_fetch | Fetching NVD page: startIndex=0, resultsPerPage=200
2026-07-03 01:43:48 | DEBUG    | nvd_fetch | Specific CVE: CVE-2025-8088
2026-07-03 01:43:48 | INFO     | nvd_fetch | Successfully fetched page at index 0, got 1 CVEs
2026-07-03 01:43:49 | DEBUG    | nvd_fetch | Fetching NVD page: startIndex=0, resultsPerPage=200
2026-07-03 01:43:49 | DEBUG    | nvd_fetch | Specific CVE: CVE-2026-41940
2026-07-03 01:43:49 | INFO     | nvd_fetch | Successfully fetched page at index 0, got 1 CVEs
2026-07-03 01:43:53 | DEBUG    | nvd_fetch | Fetching NVD page: startIndex=0, resultsPerPage=200
2026-07-03 01:43:53 | DEBUG    | nvd_fetch | Specific CVE: CVE-2023-41064
2026-07-03 01:43:53 | INFO     | nvd_fetch | Successfully fetched page at index 0, got 1 CVEs
2026-07-03 01:43:55 | DEBUG    | nvd_fetch | Fetching NVD page: startIndex=0, resultsPerPage=200
2026-07-03 01:43:55 | DEBUG    | nvd_fetch | Specific CVE: CVE-2007-0671
2026-07-03 01:43:55 | INFO     | nvd_fetch | Successfully fetched page at index 0, got 1 CVEs
2026-07-03 01:43:56 | DEBUG    | nvd_fetch | Fetching NVD page: startIndex=0, resultsPerPage=200
2026-07-03 01:43:56 | DEBUG    | nvd_fetch | Specific CVE: CVE-2024-1708
2026-07-03 01:43:56 | INFO     | nvd_fetch | Successfully fetched page at index 0, got 1 CVEs
2026-07-03 01:44:00 | DEBUG    | nvd_fetch | Fetching NVD page: startIndex=0, resultsPerPage=200
2026-07-03 01:44:00 | DEBUG    | nvd_fetch | Specific CVE: CVE-2023-41061
2026-07-03 01:44:00 | INFO     | nvd_fetch | Successfully fetched page at index 0, got 1 CVEs
2026-07-03 01:44:02 | DEBUG    | nvd_fetch | Fetching NVD page: startIndex=0, resultsPerPage=200
2026-07-03 01:44:02 | DEBUG    | nvd_fetch | Specific CVE: CVE-2013-3893
2026-07-03 01:44:02 | INFO     | nvd_fetch | Successfully fetched page at index 0, got 1 CVEs
2026-07-03 01:44:02 | DEBUG    | nvd_fetch | Fetching NVD page: startIndex=0, resultsPerPage=200
2026-07-03 01:44:02 | DEBUG    | nvd_fetch | Specific CVE: CVE-2026-32202
2026-07-03 01:44:03 | INFO     | nvd_fetch | Successfully fetched page at index 0, got 1 CVEs
2026-07-03 01:44:06 | DEBUG    | nvd_fetch | Fetching NVD page: startIndex=0, resultsPerPage=200
2026-07-03 01:44:06 | DEBUG    | nvd_fetch | Specific CVE: CVE-2023-33246
2026-07-03 01:44:07 | INFO     | nvd_fetch | Successfully fetched page at index 0, got 1 CVEs
2026-07-03 01:44:09 | DEBUG    | nvd_fetch | Fetching NVD page: startIndex=0, resultsPerPage=200
2026-07-03 01:44:09 | DEBUG    | nvd_fetch | Specific CVE: CVE-2020-25078
2026-07-03 01:44:09 | INFO     | nvd_fetch | Successfully fetched page at index 0, got 1 CVEs
2026-07-03 01:44:09 | DEBUG    | nvd_fetch | Fetching NVD page: startIndex=0, resultsPerPage=200
2026-07-03 01:44:09 | DEBUG    | nvd_fetch | Specific CVE: CVE-2025-29635
2026-07-03 01:44:09 | INFO     | nvd_fetch | Successfully fetched page at index 0, got 1 CVEs
2026-07-03 01:44:13 | DEBUG    | nvd_fetch | Fetching NVD page: startIndex=0, resultsPerPage=200
2026-07-03 01:44:13 | DEBUG    | nvd_fetch | Specific CVE: CVE-2023-38831
2026-07-03 01:44:13 | INFO     | nvd_fetch | Successfully fetched page at index 0, got 1 CVEs
2026-07-03 01:44:15 | DEBUG    | nvd_fetch | Fetching NVD page: startIndex=0, resultsPerPage=200
2026-07-03 01:44:15 | DEBUG    | nvd_fetch | Specific CVE: CVE-2020-25079
2026-07-03 01:44:16 | INFO     | nvd_fetch | Successfully fetched page at index 0, got 1 CVEs
2026-07-03 01:44:16 | DEBUG    | nvd_fetch | Fetching NVD page: startIndex=0, resultsPerPage=200
2026-07-03 01:44:16 | DEBUG    | nvd_fetch | Specific CVE: CVE-2024-7399
2026-07-03 01:44:16 | INFO     | nvd_fetch | Successfully fetched page at index 0, got 1 CVEs
2026-07-03 01:44:20 | DEBUG    | nvd_fetch | Fetching NVD page: startIndex=0, resultsPerPage=200
2026-07-03 01:44:20 | DEBUG    | nvd_fetch | Specific CVE: CVE-2023-32315
2026-07-03 01:44:20 | INFO     | nvd_fetch | Successfully fetched page at index 0, got 1 CVEs
2026-07-03 01:44:22 | DEBUG    | nvd_fetch | Fetching NVD page: startIndex=0, resultsPerPage=200
2026-07-03 01:44:22 | DEBUG    | nvd_fetch | Specific CVE: CVE-2022-40799
2026-07-03 01:44:22 | INFO     | nvd_fetch | Successfully fetched page at index 0, got 1 CVEs
2026-07-03 01:44:23 | DEBUG    | nvd_fetch | Fetching NVD page: startIndex=0, resultsPerPage=200
2026-07-03 01:44:23 | DEBUG    | nvd_fetch | Specific CVE: CVE-2024-57728
2026-07-03 01:44:23 | INFO     | nvd_fetch | Successfully fetched page at index 0, got 1 CVEs
2026-07-03 01:44:27 | DEBUG    | nvd_fetch | Fetching NVD page: startIndex=0, resultsPerPage=200
2026-07-03 01:44:27 | DEBUG    | nvd_fetch | Specific CVE: CVE-2023-38035
2026-07-03 01:44:27 | INFO     | nvd_fetch | Successfully fetched page at index 0, got 1 CVEs
2026-07-03 01:44:29 | DEBUG    | nvd_fetch | Fetching NVD page: startIndex=0, resultsPerPage=200
2026-07-03 01:44:29 | DEBUG    | nvd_fetch | Specific CVE: CVE-2023-2533
2026-07-03 01:44:29 | INFO     | nvd_fetch | Successfully fetched page at index 0, got 1 CVEs
2026-07-03 01:44:29 | DEBUG    | nvd_fetch | Fetching NVD page: startIndex=0, resultsPerPage=200
2026-07-03 01:44:29 | DEBUG    | nvd_fetch | Specific CVE: CVE-2024-57726
2026-07-03 01:44:30 | INFO     | nvd_fetch | Successfully fetched page at index 0, got 1 CVEs
2026-07-03 01:44:33 | DEBUG    | nvd_fetch | Fetching NVD page: startIndex=0, resultsPerPage=200
2026-07-03 01:44:33 | DEBUG    | nvd_fetch | Specific CVE: CVE-2023-27532
2026-07-03 01:44:34 | INFO     | nvd_fetch | Successfully fetched page at index 0, got 1 CVEs
2026-07-03 01:44:36 | DEBUG    | nvd_fetch | Fetching NVD page: startIndex=0, resultsPerPage=200
2026-07-03 01:44:36 | DEBUG    | nvd_fetch | Specific CVE: CVE-2025-20337
2026-07-03 01:44:36 | INFO     | nvd_fetch | Successfully fetched page at index 0, got 1 CVEs
2026-07-03 01:44:36 | DEBUG    | nvd_fetch | Fetching NVD page: startIndex=0, resultsPerPage=200
2026-07-03 01:44:36 | DEBUG    | nvd_fetch | Specific CVE: CVE-2026-39987
2026-07-03 01:44:37 | INFO     | nvd_fetch | Successfully fetched page at index 0, got 1 CVEs
2026-07-03 01:44:40 | DEBUG    | nvd_fetch | Fetching NVD page: startIndex=0, resultsPerPage=200
2026-07-03 01:44:40 | DEBUG    | nvd_fetch | Specific CVE: CVE-2023-26359
2026-07-03 01:44:41 | INFO     | nvd_fetch | Successfully fetched page at index 0, got 1 CVEs
2026-07-03 01:44:43 | DEBUG    | nvd_fetch | Fetching NVD page: startIndex=0, resultsPerPage=200
2026-07-03 01:44:43 | DEBUG    | nvd_fetch | Specific CVE: CVE-2025-20281
2026-07-03 01:44:43 | INFO     | nvd_fetch | Successfully fetched page at index 0, got 1 CVEs
2026-07-03 01:44:43 | DEBUG    | nvd_fetch | Fetching NVD page: startIndex=0, resultsPerPage=200
2026-07-03 01:44:43 | DEBUG    | nvd_fetch | Specific CVE: CVE-2026-33825
2026-07-03 01:44:43 | INFO     | nvd_fetch | Successfully fetched page at index 0, got 1 CVEs
2026-07-03 01:44:47 | DEBUG    | nvd_fetch | Fetching NVD page: startIndex=0, resultsPerPage=200
2026-07-03 01:44:47 | DEBUG    | nvd_fetch | Specific CVE: CVE-2023-24489
2026-07-03 01:44:47 | INFO     | nvd_fetch | Successfully fetched page at index 0, got 1 CVEs
2026-07-03 01:44:49 | DEBUG    | nvd_fetch | Fetching NVD page: startIndex=0, resultsPerPage=200
2026-07-03 01:44:49 | DEBUG    | nvd_fetch | Specific CVE: CVE-2025-2775
2026-07-03 01:44:50 | INFO     | nvd_fetch | Successfully fetched page at index 0, got 1 CVEs
2026-07-03 01:44:50 | DEBUG    | nvd_fetch | Fetching NVD page: startIndex=0, resultsPerPage=200
2026-07-03 01:44:50 | DEBUG    | nvd_fetch | Specific CVE: CVE-2026-20122
2026-07-03 01:44:50 | INFO     | nvd_fetch | Successfully fetched page at index 0, got 1 CVEs
2026-07-03 01:44:54 | DEBUG    | nvd_fetch | Fetching NVD page: startIndex=0, resultsPerPage=200
2026-07-03 01:44:54 | DEBUG    | nvd_fetch | Specific CVE: CVE-2023-38180
2026-07-03 01:44:54 | INFO     | nvd_fetch | Successfully fetched page at index 0, got 1 CVEs
2026-07-03 01:44:56 | DEBUG    | nvd_fetch | Fetching NVD page: startIndex=0, resultsPerPage=200
2026-07-03 01:44:56 | DEBUG    | nvd_fetch | Specific CVE: CVE-2025-2776
2026-07-03 01:44:57 | INFO     | nvd_fetch | Successfully fetched page at index 0, got 1 CVEs
2026-07-03 01:44:57 | DEBUG    | nvd_fetch | Fetching NVD page: startIndex=0, resultsPerPage=200
2026-07-03 01:44:57 | DEBUG    | nvd_fetch | Specific CVE: CVE-2026-20133
2026-07-03 01:44:57 | INFO     | nvd_fetch | Successfully fetched page at index 0, got 1 CVEs
2026-07-03 01:45:01 | DEBUG    | nvd_fetch | Fetching NVD page: startIndex=0, resultsPerPage=200
2026-07-03 01:45:01 | DEBUG    | nvd_fetch | Specific CVE: CVE-2017-18368
2026-07-03 01:45:01 | INFO     | nvd_fetch | Successfully fetched page at index 0, got 1 CVEs
2026-07-03 01:45:03 | DEBUG    | nvd_fetch | Fetching NVD page: startIndex=0, resultsPerPage=200
2026-07-03 01:45:03 | DEBUG    | nvd_fetch | Specific CVE: CVE-2025-6558
2026-07-03 01:45:03 | INFO     | nvd_fetch | Successfully fetched page at index 0, got 1 CVEs
2026-07-03 01:45:04 | DEBUG    | nvd_fetch | Fetching NVD page: startIndex=0, resultsPerPage=200
2026-07-03 01:45:04 | DEBUG    | nvd_fetch | Specific CVE: CVE-2025-2749
2026-07-03 01:45:04 | INFO     | nvd_fetch | Successfully fetched page at index 0, got 1 CVEs
2026-07-03 01:45:08 | DEBUG    | nvd_fetch | Fetching NVD page: startIndex=0, resultsPerPage=200
2026-07-03 01:45:08 | DEBUG    | nvd_fetch | Specific CVE: CVE-2023-35081
2026-07-03 01:45:08 | INFO     | nvd_fetch | Successfully fetched page at index 0, got 1 CVEs
2026-07-03 01:45:10 | DEBUG    | nvd_fetch | Fetching NVD page: startIndex=0, resultsPerPage=200
2026-07-03 01:45:10 | DEBUG    | nvd_fetch | Specific CVE: CVE-2025-54309
2026-07-03 01:45:10 | INFO     | nvd_fetch | Successfully fetched page at index 0, got 1 CVEs
2026-07-03 01:45:10 | DEBUG    | nvd_fetch | Fetching NVD page: startIndex=0, resultsPerPage=200
2026-07-03 01:45:10 | DEBUG    | nvd_fetch | Specific CVE: CVE-2023-27351
2026-07-03 01:45:11 | INFO     | nvd_fetch | Successfully fetched page at index 0, got 1 CVEs
2026-07-03 01:45:15 | DEBUG    | nvd_fetch | Fetching NVD page: startIndex=0, resultsPerPage=200
2026-07-03 01:45:15 | DEBUG    | nvd_fetch | Specific CVE: CVE-2023-37580
2026-07-03 01:45:15 | INFO     | nvd_fetch | Successfully fetched page at index 0, got 1 CVEs
2026-07-03 01:45:17 | DEBUG    | nvd_fetch | Fetching NVD page: startIndex=0, resultsPerPage=200
2026-07-03 01:45:17 | DEBUG    | nvd_fetch | Specific CVE: CVE-2025-49704
2026-07-03 01:45:17 | INFO     | nvd_fetch | Successfully fetched page at index 0, got 1 CVEs
2026-07-03 01:45:17 | DEBUG    | nvd_fetch | Fetching NVD page: startIndex=0, resultsPerPage=200
2026-07-03 01:45:17 | DEBUG    | nvd_fetch | Specific CVE: CVE-2025-48700
2026-07-03 01:45:18 | INFO     | nvd_fetch | Successfully fetched page at index 0, got 1 CVEs
2026-07-03 01:45:22 | DEBUG    | nvd_fetch | Fetching NVD page: startIndex=0, resultsPerPage=200
2026-07-03 01:45:22 | DEBUG    | nvd_fetch | Specific CVE: CVE-2023-38606
2026-07-03 01:45:22 | INFO     | nvd_fetch | Successfully fetched page at index 0, got 1 CVEs
2026-07-03 01:45:24 | DEBUG    | nvd_fetch | Fetching NVD page: startIndex=0, resultsPerPage=200
2026-07-03 01:45:24 | DEBUG    | nvd_fetch | Specific CVE: CVE-2025-49706
2026-07-03 01:45:24 | INFO     | nvd_fetch | Successfully fetched page at index 0, got 1 CVEs
2026-07-03 01:45:24 | DEBUG    | nvd_fetch | Fetching NVD page: startIndex=0, resultsPerPage=200
2026-07-03 01:45:24 | DEBUG    | nvd_fetch | Specific CVE: CVE-2026-20128
2026-07-03 01:45:24 | INFO     | nvd_fetch | Successfully fetched page at index 0, got 1 CVEs
2026-07-03 01:45:29 | DEBUG    | nvd_fetch | Fetching NVD page: startIndex=0, resultsPerPage=200
2026-07-03 01:45:29 | DEBUG    | nvd_fetch | Specific CVE: CVE-2023-35078
2026-07-03 01:45:29 | INFO     | nvd_fetch | Successfully fetched page at index 0, got 1 CVEs
2026-07-03 01:45:30 | DEBUG    | nvd_fetch | Fetching NVD page: startIndex=0, resultsPerPage=200
2026-07-03 01:45:30 | DEBUG    | nvd_fetch | Specific CVE: CVE-2025-53770
2026-07-03 01:45:31 | INFO     | nvd_fetch | Successfully fetched page at index 0, got 1 CVEs
2026-07-03 01:45:31 | DEBUG    | nvd_fetch | Fetching NVD page: startIndex=0, resultsPerPage=200
2026-07-03 01:45:31 | DEBUG    | nvd_fetch | Specific CVE: CVE-2025-32975
2026-07-03 01:45:31 | INFO     | nvd_fetch | Successfully fetched page at index 0, got 1 CVEs
2026-07-03 01:45:35 | DEBUG    | nvd_fetch | Fetching NVD page: startIndex=0, resultsPerPage=200
2026-07-03 01:45:35 | DEBUG    | nvd_fetch | Specific CVE: CVE-2023-29298
2026-07-03 01:45:36 | INFO     | nvd_fetch | Successfully fetched page at index 0, got 1 CVEs
2026-07-03 01:45:37 | DEBUG    | nvd_fetch | Fetching NVD page: startIndex=0, resultsPerPage=200
2026-07-03 01:45:37 | DEBUG    | nvd_fetch | Specific CVE: CVE-2025-25257
2026-07-03 01:45:38 | INFO     | nvd_fetch | Successfully fetched page at index 0, got 1 CVEs
2026-07-03 01:45:38 | DEBUG    | nvd_fetch | Fetching NVD page: startIndex=0, resultsPerPage=200
2026-07-03 01:45:38 | DEBUG    | nvd_fetch | Specific CVE: CVE-2024-27199
2026-07-03 01:45:38 | INFO     | nvd_fetch | Successfully fetched page at index 0, got 1 CVEs
2026-07-03 01:45:42 | DEBUG    | nvd_fetch | Fetching NVD page: startIndex=0, resultsPerPage=200
2026-07-03 01:45:42 | DEBUG    | nvd_fetch | Specific CVE: CVE-2023-38205
2026-07-03 01:45:43 | INFO     | nvd_fetch | Successfully fetched page at index 0, got 1 CVEs
2026-07-03 01:45:44 | DEBUG    | nvd_fetch | Fetching NVD page: startIndex=0, resultsPerPage=200
2026-07-03 01:45:44 | DEBUG    | nvd_fetch | Specific CVE: CVE-2025-47812
2026-07-03 01:45:44 | INFO     | nvd_fetch | Successfully fetched page at index 0, got 1 CVEs
2026-07-03 01:45:44 | DEBUG    | nvd_fetch | Fetching NVD page: startIndex=0, resultsPerPage=200
2026-07-03 01:45:44 | DEBUG    | nvd_fetch | Specific CVE: CVE-2026-34197
2026-07-03 01:45:45 | INFO     | nvd_fetch | Successfully fetched page at index 0, got 1 CVEs
2026-07-03 01:45:49 | DEBUG    | nvd_fetch | Fetching NVD page: startIndex=0, resultsPerPage=200
2026-07-03 01:45:49 | DEBUG    | nvd_fetch | Specific CVE: CVE-2023-3519
2026-07-03 01:45:50 | INFO     | nvd_fetch | Successfully fetched page at index 0, got 1 CVEs
2026-07-03 01:45:51 | DEBUG    | nvd_fetch | Fetching NVD page: startIndex=0, resultsPerPage=200
2026-07-03 01:45:51 | DEBUG    | nvd_fetch | Specific CVE: CVE-2025-5777
2026-07-03 01:45:51 | DEBUG    | nvd_fetch | Fetching NVD page: startIndex=0, resultsPerPage=200
2026-07-03 01:45:51 | DEBUG    | nvd_fetch | Specific CVE: CVE-2009-0238
2026-07-03 01:45:51 | INFO     | nvd_fetch | Successfully fetched page at index 0, got 1 CVEs
2026-07-03 01:45:52 | INFO     | nvd_fetch | Successfully fetched page at index 0, got 1 CVEs
2026-07-03 01:45:56 | DEBUG    | nvd_fetch | Fetching NVD page: startIndex=0, resultsPerPage=200
2026-07-03 01:45:56 | DEBUG    | nvd_fetch | Specific CVE: CVE-2023-36884
2026-07-03 01:45:56 | INFO     | nvd_fetch | Successfully fetched page at index 0, got 1 CVEs
2026-07-03 01:45:58 | DEBUG    | nvd_fetch | Fetching NVD page: startIndex=0, resultsPerPage=200
2026-07-03 01:45:58 | DEBUG    | nvd_fetch | Specific CVE: CVE-2019-9621
2026-07-03 01:45:58 | DEBUG    | nvd_fetch | Fetching NVD page: startIndex=0, resultsPerPage=200
2026-07-03 01:45:58 | DEBUG    | nvd_fetch | Specific CVE: CVE-2026-32201
2026-07-03 01:45:58 | INFO     | nvd_fetch | Successfully fetched page at index 0, got 1 CVEs
2026-07-03 01:45:58 | INFO     | nvd_fetch | Successfully fetched page at index 0, got 1 CVEs
2026-07-03 01:46:03 | DEBUG    | nvd_fetch | Fetching NVD page: startIndex=0, resultsPerPage=200
2026-07-03 01:46:03 | DEBUG    | nvd_fetch | Specific CVE: CVE-2022-29303
2026-07-03 01:46:03 | INFO     | nvd_fetch | Successfully fetched page at index 0, got 1 CVEs
2026-07-03 01:46:05 | DEBUG    | nvd_fetch | Fetching NVD page: startIndex=0, resultsPerPage=200
2026-07-03 01:46:05 | DEBUG    | nvd_fetch | Specific CVE: CVE-2019-5418
2026-07-03 01:46:05 | DEBUG    | nvd_fetch | Fetching NVD page: startIndex=0, resultsPerPage=200
2026-07-03 01:46:05 | DEBUG    | nvd_fetch | Specific CVE: CVE-2012-1854
2026-07-03 01:46:05 | INFO     | nvd_fetch | Successfully fetched page at index 0, got 1 CVEs
2026-07-03 01:46:05 | INFO     | nvd_fetch | Successfully fetched page at index 0, got 1 CVEs
2026-07-03 01:46:10 | DEBUG    | nvd_fetch | Fetching NVD page: startIndex=0, resultsPerPage=200
2026-07-03 01:46:10 | DEBUG    | nvd_fetch | Specific CVE: CVE-2023-37450
2026-07-03 01:46:10 | INFO     | nvd_fetch | Successfully fetched page at index 0, got 1 CVEs
2026-07-03 01:46:11 | DEBUG    | nvd_fetch | Fetching NVD page: startIndex=0, resultsPerPage=200
2026-07-03 01:46:11 | DEBUG    | nvd_fetch | Specific CVE: CVE-2016-10033
2026-07-03 01:46:12 | DEBUG    | nvd_fetch | Fetching NVD page: startIndex=0, resultsPerPage=200
2026-07-03 01:46:12 | DEBUG    | nvd_fetch | Specific CVE: CVE-2025-60710
2026-07-03 01:46:12 | INFO     | nvd_fetch | Successfully fetched page at index 0, got 1 CVEs
2026-07-03 01:46:12 | INFO     | nvd_fetch | Successfully fetched page at index 0, got 1 CVEs
2026-07-03 01:46:16 | DEBUG    | nvd_fetch | Fetching NVD page: startIndex=0, resultsPerPage=200
2026-07-03 01:46:16 | DEBUG    | nvd_fetch | Specific CVE: CVE-2023-32046
2026-07-03 01:46:17 | INFO     | nvd_fetch | Successfully fetched page at index 0, got 1 CVEs
2026-07-03 01:46:18 | DEBUG    | nvd_fetch | Fetching NVD page: startIndex=0, resultsPerPage=200
2026-07-03 01:46:18 | DEBUG    | nvd_fetch | Specific CVE: CVE-2014-3931
2026-07-03 01:46:19 | DEBUG    | nvd_fetch | Fetching NVD page: startIndex=0, resultsPerPage=200
2026-07-03 01:46:19 | DEBUG    | nvd_fetch | Specific CVE: CVE-2023-21529
2026-07-03 01:46:19 | INFO     | nvd_fetch | Successfully fetched page at index 0, got 1 CVEs
2026-07-03 01:46:19 | INFO     | nvd_fetch | Successfully fetched page at index 0, got 1 CVEs
2026-07-03 01:46:23 | DEBUG    | nvd_fetch | Fetching NVD page: startIndex=0, resultsPerPage=200
2026-07-03 01:46:23 | DEBUG    | nvd_fetch | Specific CVE: CVE-2023-32049
2026-07-03 01:46:23 | INFO     | nvd_fetch | Successfully fetched page at index 0, got 1 CVEs
2026-07-03 01:46:25 | DEBUG    | nvd_fetch | Fetching NVD page: startIndex=0, resultsPerPage=200
2026-07-03 01:46:25 | DEBUG    | nvd_fetch | Specific CVE: CVE-2025-6554
2026-07-03 01:46:25 | DEBUG    | nvd_fetch | Fetching NVD page: startIndex=0, resultsPerPage=200
2026-07-03 01:46:25 | DEBUG    | nvd_fetch | Specific CVE: CVE-2023-36424
2026-07-03 01:46:25 | INFO     | nvd_fetch | Successfully fetched page at index 0, got 1 CVEs
2026-07-03 01:46:26 | INFO     | nvd_fetch | Successfully fetched page at index 0, got 1 CVEs
2026-07-03 01:46:30 | DEBUG    | nvd_fetch | Fetching NVD page: startIndex=0, resultsPerPage=200
2026-07-03 01:46:30 | DEBUG    | nvd_fetch | Specific CVE: CVE-2023-35311
2026-07-03 01:46:30 | INFO     | nvd_fetch | Successfully fetched page at index 0, got 1 CVEs
2026-07-03 01:46:32 | DEBUG    | nvd_fetch | Fetching NVD page: startIndex=0, resultsPerPage=200
2026-07-03 01:46:32 | DEBUG    | nvd_fetch | Specific CVE: CVE-2025-48928
2026-07-03 01:46:32 | DEBUG    | nvd_fetch | Fetching NVD page: startIndex=0, resultsPerPage=200
2026-07-03 01:46:32 | DEBUG    | nvd_fetch | Specific CVE: CVE-2020-9715
2026-07-03 01:46:32 | INFO     | nvd_fetch | Successfully fetched page at index 0, got 1 CVEs
2026-07-03 01:46:32 | INFO     | nvd_fetch | Successfully fetched page at index 0, got 1 CVEs
2026-07-03 01:46:37 | DEBUG    | nvd_fetch | Fetching NVD page: startIndex=0, resultsPerPage=200
2026-07-03 01:46:37 | DEBUG    | nvd_fetch | Specific CVE: CVE-2023-36874
2026-07-03 01:46:37 | INFO     | nvd_fetch | Successfully fetched page at index 0, got 1 CVEs
2026-07-03 01:46:39 | DEBUG    | nvd_fetch | Fetching NVD page: startIndex=0, resultsPerPage=200
2026-07-03 01:46:39 | DEBUG    | nvd_fetch | Specific CVE: CVE-2025-48927
2026-07-03 01:46:39 | DEBUG    | nvd_fetch | Fetching NVD page: startIndex=0, resultsPerPage=200
2026-07-03 01:46:39 | DEBUG    | nvd_fetch | Specific CVE: CVE-2026-21643
2026-07-03 01:46:39 | INFO     | nvd_fetch | Successfully fetched page at index 0, got 1 CVEs
2026-07-03 01:46:39 | INFO     | nvd_fetch | Successfully fetched page at index 0, got 1 CVEs
2026-07-03 01:46:44 | DEBUG    | nvd_fetch | Fetching NVD page: startIndex=0, resultsPerPage=200
2026-07-03 01:46:44 | DEBUG    | nvd_fetch | Specific CVE: CVE-2022-31199
2026-07-03 01:46:44 | INFO     | nvd_fetch | Successfully fetched page at index 0, got 1 CVEs
2026-07-03 01:46:46 | DEBUG    | nvd_fetch | Fetching NVD page: startIndex=0, resultsPerPage=200
2026-07-03 01:46:46 | DEBUG    | nvd_fetch | Specific CVE: CVE-2026-34621
2026-07-03 01:46:46 | DEBUG    | nvd_fetch | Fetching NVD page: startIndex=0, resultsPerPage=200
2026-07-03 01:46:46 | DEBUG    | nvd_fetch | Specific CVE: CVE-2025-6543
2026-07-03 01:46:46 | INFO     | nvd_fetch | Successfully fetched page at index 0, got 1 CVEs
2026-07-03 01:46:46 | INFO     | nvd_fetch | Successfully fetched page at index 0, got 1 CVEs
2026-07-03 01:46:50 | DEBUG    | nvd_fetch | Fetching NVD page: startIndex=0, resultsPerPage=200
2026-07-03 01:46:50 | DEBUG    | nvd_fetch | Specific CVE: CVE-2021-29256
2026-07-03 01:46:51 | INFO     | nvd_fetch | Successfully fetched page at index 0, got 1 CVEs
2026-07-03 01:46:52 | DEBUG    | nvd_fetch | Fetching NVD page: startIndex=0, resultsPerPage=200
2026-07-03 01:46:52 | DEBUG    | nvd_fetch | Specific CVE: CVE-2019-6693
2026-07-03 01:46:52 | DEBUG    | nvd_fetch | Fetching NVD page: startIndex=0, resultsPerPage=200
2026-07-03 01:46:52 | DEBUG    | nvd_fetch | Specific CVE: CVE-2026-1340
2026-07-03 01:46:53 | INFO     | nvd_fetch | Successfully fetched page at index 0, got 1 CVEs
2026-07-03 01:46:53 | INFO     | nvd_fetch | Successfully fetched page at index 0, got 1 CVEs
2026-07-03 01:46:57 | DEBUG    | nvd_fetch | Fetching NVD page: startIndex=0, resultsPerPage=200
2026-07-03 01:46:57 | DEBUG    | nvd_fetch | Specific CVE: CVE-2019-17621
2026-07-03 01:46:57 | INFO     | nvd_fetch | Successfully fetched page at index 0, got 1 CVEs
2026-07-03 01:46:59 | DEBUG    | nvd_fetch | Fetching NVD page: startIndex=0, resultsPerPage=200
2026-07-03 01:46:59 | DEBUG    | nvd_fetch | Specific CVE: CVE-2026-35616
2026-07-03 01:46:59 | DEBUG    | nvd_fetch | Fetching NVD page: startIndex=0, resultsPerPage=200
2026-07-03 01:46:59 | DEBUG    | nvd_fetch | Specific CVE: CVE-2024-0769
2026-07-03 01:47:00 | INFO     | nvd_fetch | Successfully fetched page at index 0, got 1 CVEs
2026-07-03 01:47:00 | INFO     | nvd_fetch | Successfully fetched page at index 0, got 1 CVEs
2026-07-03 01:47:04 | DEBUG    | nvd_fetch | Fetching NVD page: startIndex=0, resultsPerPage=200
2026-07-03 01:47:04 | DEBUG    | nvd_fetch | Specific CVE: CVE-2019-20500
2026-07-03 01:47:04 | INFO     | nvd_fetch | Successfully fetched page at index 0, got 1 CVEs
2026-07-03 01:47:06 | DEBUG    | nvd_fetch | Fetching NVD page: startIndex=0, resultsPerPage=200
2026-07-03 01:47:06 | DEBUG    | nvd_fetch | Specific CVE: CVE-2024-54085
2026-07-03 01:47:06 | DEBUG    | nvd_fetch | Fetching NVD page: startIndex=0, resultsPerPage=200
2026-07-03 01:47:06 | DEBUG    | nvd_fetch | Specific CVE: CVE-2026-3502
2026-07-03 01:47:06 | INFO     | nvd_fetch | Successfully fetched page at index 0, got 1 CVEs
2026-07-03 01:47:06 | INFO     | nvd_fetch | Successfully fetched page at index 0, got 1 CVEs
2026-07-03 01:47:11 | DEBUG    | nvd_fetch | Fetching NVD page: startIndex=0, resultsPerPage=200
2026-07-03 01:47:11 | DEBUG    | nvd_fetch | Specific CVE: CVE-2021-25487
2026-07-03 01:47:11 | INFO     | nvd_fetch | Successfully fetched page at index 0, got 1 CVEs
2026-07-03 01:47:13 | DEBUG    | nvd_fetch | Fetching NVD page: startIndex=0, resultsPerPage=200
2026-07-03 01:47:13 | DEBUG    | nvd_fetch | Fetching NVD page: startIndex=0, resultsPerPage=200
2026-07-03 01:47:13 | DEBUG    | nvd_fetch | Specific CVE: CVE-2023-0386
2026-07-03 01:47:13 | DEBUG    | nvd_fetch | Specific CVE: CVE-2026-5281
2026-07-03 01:47:13 | INFO     | nvd_fetch | Successfully fetched page at index 0, got 1 CVEs
2026-07-03 01:47:13 | INFO     | nvd_fetch | Successfully fetched page at index 0, got 1 CVEs
2026-07-03 01:47:18 | DEBUG    | nvd_fetch | Fetching NVD page: startIndex=0, resultsPerPage=200
2026-07-03 01:47:18 | DEBUG    | nvd_fetch | Specific CVE: CVE-2021-25489
2026-07-03 01:47:18 | INFO     | nvd_fetch | Successfully fetched page at index 0, got 1 CVEs
2026-07-03 01:47:20 | DEBUG    | nvd_fetch | Fetching NVD page: startIndex=0, resultsPerPage=200
2026-07-03 01:47:20 | DEBUG    | nvd_fetch | Specific CVE: CVE-2026-3055
2026-07-03 01:47:20 | DEBUG    | nvd_fetch | Fetching NVD page: startIndex=0, resultsPerPage=200
2026-07-03 01:47:20 | DEBUG    | nvd_fetch | Specific CVE: CVE-2023-33538
2026-07-03 01:47:20 | INFO     | nvd_fetch | Successfully fetched page at index 0, got 1 CVEs
2026-07-03 01:47:20 | INFO     | nvd_fetch | Successfully fetched page at index 0, got 1 CVEs
2026-07-03 01:47:24 | DEBUG    | nvd_fetch | Fetching NVD page: startIndex=0, resultsPerPage=200
2026-07-03 01:47:24 | DEBUG    | nvd_fetch | Specific CVE: CVE-2021-25394
2026-07-03 01:47:25 | INFO     | nvd_fetch | Successfully fetched page at index 0, got 1 CVEs
2026-07-03 01:47:26 | DEBUG    | nvd_fetch | Fetching NVD page: startIndex=0, resultsPerPage=200
2026-07-03 01:47:26 | DEBUG    | nvd_fetch | Specific CVE: CVE-2025-43200
2026-07-03 01:47:26 | DEBUG    | nvd_fetch | Fetching NVD page: startIndex=0, resultsPerPage=200
2026-07-03 01:47:26 | DEBUG    | nvd_fetch | Specific CVE: CVE-2025-53521
2026-07-03 01:47:27 | INFO     | nvd_fetch | Successfully fetched page at index 0, got 1 CVEs
2026-07-03 01:47:27 | INFO     | nvd_fetch | Successfully fetched page at index 0, got 1 CVEs
2026-07-03 01:47:31 | DEBUG    | nvd_fetch | Fetching NVD page: startIndex=0, resultsPerPage=200
2026-07-03 01:47:31 | DEBUG    | nvd_fetch | Specific CVE: CVE-2021-25395
2026-07-03 01:47:31 | INFO     | nvd_fetch | Successfully fetched page at index 0, got 1 CVEs
2026-07-03 01:47:33 | DEBUG    | nvd_fetch | Fetching NVD page: startIndex=0, resultsPerPage=200
2026-07-03 01:47:33 | DEBUG    | nvd_fetch | Specific CVE: CVE-2026-33634
2026-07-03 01:47:33 | DEBUG    | nvd_fetch | Fetching NVD page: startIndex=0, resultsPerPage=200
2026-07-03 01:47:33 | DEBUG    | nvd_fetch | Specific CVE: CVE-2025-33053
2026-07-03 01:47:33 | INFO     | nvd_fetch | Successfully fetched page at index 0, got 1 CVEs
2026-07-03 01:47:33 | INFO     | nvd_fetch | Successfully fetched page at index 0, got 1 CVEs
2026-07-03 01:47:38 | DEBUG    | nvd_fetch | Fetching NVD page: startIndex=0, resultsPerPage=200
2026-07-03 01:47:38 | DEBUG    | nvd_fetch | Specific CVE: CVE-2021-25371
2026-07-03 01:47:38 | INFO     | nvd_fetch | Successfully fetched page at index 0, got 1 CVEs
2026-07-03 01:47:40 | DEBUG    | nvd_fetch | Fetching NVD page: startIndex=0, resultsPerPage=200
2026-07-03 01:47:40 | DEBUG    | nvd_fetch | Specific CVE: CVE-2026-33017
2026-07-03 01:47:40 | DEBUG    | nvd_fetch | Fetching NVD page: startIndex=0, resultsPerPage=200
2026-07-03 01:47:40 | DEBUG    | nvd_fetch | Specific CVE: CVE-2025-24016
2026-07-03 01:47:40 | INFO     | nvd_fetch | Successfully fetched page at index 0, got 1 CVEs
2026-07-03 01:47:40 | INFO     | nvd_fetch | Successfully fetched page at index 0, got 1 CVEs
2026-07-03 01:47:45 | DEBUG    | nvd_fetch | Fetching NVD page: startIndex=0, resultsPerPage=200
2026-07-03 01:47:45 | DEBUG    | nvd_fetch | Specific CVE: CVE-2021-25372
2026-07-03 01:47:45 | INFO     | nvd_fetch | Successfully fetched page at index 0, got 1 CVEs
2026-07-03 01:47:47 | DEBUG    | nvd_fetch | Fetching NVD page: startIndex=0, resultsPerPage=200
2026-07-03 01:47:47 | DEBUG    | nvd_fetch | Specific CVE: CVE-2025-32432
2026-07-03 01:47:47 | DEBUG    | nvd_fetch | Fetching NVD page: startIndex=0, resultsPerPage=200
2026-07-03 01:47:47 | DEBUG    | nvd_fetch | Specific CVE: CVE-2024-42009
2026-07-03 01:47:47 | INFO     | nvd_fetch | Successfully fetched page at index 0, got 1 CVEs
2026-07-03 01:47:47 | INFO     | nvd_fetch | Successfully fetched page at index 0, got 1 CVEs
2026-07-03 01:47:52 | DEBUG    | nvd_fetch | Fetching NVD page: startIndex=0, resultsPerPage=200
2026-07-03 01:47:52 | DEBUG    | nvd_fetch | Specific CVE: CVE-2023-32434
2026-07-03 01:47:52 | INFO     | nvd_fetch | Successfully fetched page at index 0, got 1 CVEs
2026-07-03 01:47:53 | DEBUG    | nvd_fetch | Fetching NVD page: startIndex=0, resultsPerPage=200
2026-07-03 01:47:53 | DEBUG    | nvd_fetch | Specific CVE: CVE-2025-54068
2026-07-03 01:47:54 | DEBUG    | nvd_fetch | Fetching NVD page: startIndex=0, resultsPerPage=200
2026-07-03 01:47:54 | DEBUG    | nvd_fetch | Specific CVE: CVE-2025-32433
2026-07-03 01:47:54 | INFO     | nvd_fetch | Successfully fetched page at index 0, got 1 CVEs
2026-07-03 01:47:54 | INFO     | nvd_fetch | Successfully fetched page at index 0, got 1 CVEs
2026-07-03 01:47:59 | DEBUG    | nvd_fetch | Fetching NVD page: startIndex=0, resultsPerPage=200
2026-07-03 01:47:59 | DEBUG    | nvd_fetch | Specific CVE: CVE-2023-32435
2026-07-03 01:47:59 | INFO     | nvd_fetch | Successfully fetched page at index 0, got 1 CVEs
2026-07-03 01:48:00 | DEBUG    | nvd_fetch | Fetching NVD page: startIndex=0, resultsPerPage=200
2026-07-03 01:48:00 | DEBUG    | nvd_fetch | Specific CVE: CVE-2025-43510
2026-07-03 01:48:01 | DEBUG    | nvd_fetch | Fetching NVD page: startIndex=0, resultsPerPage=200
2026-07-03 01:48:01 | DEBUG    | nvd_fetch | Specific CVE: CVE-2025-5419
2026-07-03 01:48:01 | INFO     | nvd_fetch | Successfully fetched page at index 0, got 1 CVEs
2026-07-03 01:48:01 | INFO     | nvd_fetch | Successfully fetched page at index 0, got 1 CVEs
2026-07-03 01:48:06 | DEBUG    | nvd_fetch | Fetching NVD page: startIndex=0, resultsPerPage=200
2026-07-03 01:48:06 | DEBUG    | nvd_fetch | Specific CVE: CVE-2023-32439
2026-07-03 01:48:06 | INFO     | nvd_fetch | Successfully fetched page at index 0, got 1 CVEs
2026-07-03 01:48:07 | DEBUG    | nvd_fetch | Fetching NVD page: startIndex=0, resultsPerPage=200
2026-07-03 01:48:07 | DEBUG    | nvd_fetch | Specific CVE: CVE-2025-43520
2026-07-03 01:48:07 | DEBUG    | nvd_fetch | Fetching NVD page: startIndex=0, resultsPerPage=200
2026-07-03 01:48:08 | DEBUG    | nvd_fetch | Specific CVE: CVE-2025-21479
2026-07-03 01:48:08 | INFO     | nvd_fetch | Successfully fetched page at index 0, got 1 CVEs
2026-07-03 01:48:08 | INFO     | nvd_fetch | Successfully fetched page at index 0, got 1 CVEs
2026-07-03 01:48:12 | DEBUG    | nvd_fetch | Fetching NVD page: startIndex=0, resultsPerPage=200
2026-07-03 01:48:12 | DEBUG    | nvd_fetch | Specific CVE: CVE-2023-20867
2026-07-03 01:48:13 | INFO     | nvd_fetch | Successfully fetched page at index 0, got 1 CVEs
2026-07-03 01:48:14 | DEBUG    | nvd_fetch | Fetching NVD page: startIndex=0, resultsPerPage=200
2026-07-03 01:48:14 | DEBUG    | nvd_fetch | Specific CVE: CVE-2025-31277
2026-07-03 01:48:14 | INFO     | nvd_fetch | Successfully fetched page at index 0, got 1 CVEs
2026-07-03 01:48:14 | DEBUG    | nvd_fetch | Fetching NVD page: startIndex=0, resultsPerPage=200
2026-07-03 01:48:14 | DEBUG    | nvd_fetch | Specific CVE: CVE-2025-21480
2026-07-03 01:48:15 | INFO     | nvd_fetch | Successfully fetched page at index 0, got 1 CVEs
2026-07-03 01:48:19 | DEBUG    | nvd_fetch | Fetching NVD page: startIndex=0, resultsPerPage=200
2026-07-03 01:48:19 | DEBUG    | nvd_fetch | Specific CVE: CVE-2023-27992
2026-07-03 01:48:19 | INFO     | nvd_fetch | Successfully fetched page at index 0, got 1 CVEs
2026-07-03 01:48:21 | DEBUG    | nvd_fetch | Fetching NVD page: startIndex=0, resultsPerPage=200
2026-07-03 01:48:21 | DEBUG    | nvd_fetch | Specific CVE: CVE-2026-20131
2026-07-03 01:48:21 | DEBUG    | nvd_fetch | Fetching NVD page: startIndex=0, resultsPerPage=200
2026-07-03 01:48:21 | DEBUG    | nvd_fetch | Specific CVE: CVE-2025-27038
2026-07-03 01:48:21 | INFO     | nvd_fetch | Successfully fetched page at index 0, got 1 CVEs
2026-07-03 01:48:22 | INFO     | nvd_fetch | Successfully fetched page at index 0, got 1 CVEs
2026-07-03 01:48:26 | DEBUG    | nvd_fetch | Fetching NVD page: startIndex=0, resultsPerPage=200
2026-07-03 01:48:26 | DEBUG    | nvd_fetch | Specific CVE: CVE-2023-20887
2026-07-03 01:48:26 | INFO     | nvd_fetch | Successfully fetched page at index 0, got 1 CVEs
2026-07-03 01:48:28 | DEBUG    | nvd_fetch | Fetching NVD page: startIndex=0, resultsPerPage=200
2026-07-03 01:48:28 | DEBUG    | nvd_fetch | Specific CVE: CVE-2025-66376
2026-07-03 01:48:28 | INFO     | nvd_fetch | Successfully fetched page at index 0, got 1 CVEs
2026-07-03 01:48:28 | DEBUG    | nvd_fetch | Fetching NVD page: startIndex=0, resultsPerPage=200
2026-07-03 01:48:28 | DEBUG    | nvd_fetch | Specific CVE: CVE-2021-32030
2026-07-03 01:48:28 | INFO     | nvd_fetch | Successfully fetched page at index 0, got 1 CVEs
2026-07-03 01:48:33 | DEBUG    | nvd_fetch | Fetching NVD page: startIndex=0, resultsPerPage=200
2026-07-03 01:48:33 | DEBUG    | nvd_fetch | Specific CVE: CVE-2020-35730
2026-07-03 01:48:33 | INFO     | nvd_fetch | Successfully fetched page at index 0, got 1 CVEs
2026-07-03 01:48:35 | DEBUG    | nvd_fetch | Fetching NVD page: startIndex=0, resultsPerPage=200
2026-07-03 01:48:35 | DEBUG    | nvd_fetch | Specific CVE: CVE-2026-20963
2026-07-03 01:48:35 | INFO     | nvd_fetch | Successfully fetched page at index 0, got 1 CVEs
2026-07-03 01:48:35 | DEBUG    | nvd_fetch | Fetching NVD page: startIndex=0, resultsPerPage=200
2026-07-03 01:48:35 | DEBUG    | nvd_fetch | Specific CVE: CVE-2025-3935
2026-07-03 01:48:35 | INFO     | nvd_fetch | Successfully fetched page at index 0, got 1 CVEs
2026-07-03 01:48:39 | DEBUG    | nvd_fetch | Fetching NVD page: startIndex=0, resultsPerPage=200
2026-07-03 01:48:39 | DEBUG    | nvd_fetch | Specific CVE: CVE-2020-12641
2026-07-03 01:48:40 | INFO     | nvd_fetch | Successfully fetched page at index 0, got 1 CVEs
2026-07-03 01:48:41 | DEBUG    | nvd_fetch | Fetching NVD page: startIndex=0, resultsPerPage=200
2026-07-03 01:48:41 | DEBUG    | nvd_fetch | Specific CVE: CVE-2025-47813
2026-07-03 01:48:42 | DEBUG    | nvd_fetch | Fetching NVD page: startIndex=0, resultsPerPage=200
2026-07-03 01:48:42 | DEBUG    | nvd_fetch | Specific CVE: CVE-2025-35939
2026-07-03 01:48:42 | INFO     | nvd_fetch | Successfully fetched page at index 0, got 1 CVEs
2026-07-03 01:48:42 | INFO     | nvd_fetch | Successfully fetched page at index 0, got 1 CVEs
2026-07-03 01:48:46 | DEBUG    | nvd_fetch | Fetching NVD page: startIndex=0, resultsPerPage=200
2026-07-03 01:48:46 | DEBUG    | nvd_fetch | Specific CVE: CVE-2021-44026
2026-07-03 01:48:47 | INFO     | nvd_fetch | Successfully fetched page at index 0, got 1 CVEs
2026-07-03 01:48:48 | DEBUG    | nvd_fetch | Fetching NVD page: startIndex=0, resultsPerPage=200
2026-07-03 01:48:48 | DEBUG    | nvd_fetch | Specific CVE: CVE-2026-3910
2026-07-03 01:48:49 | DEBUG    | nvd_fetch | Fetching NVD page: startIndex=0, resultsPerPage=200
2026-07-03 01:48:49 | DEBUG    | nvd_fetch | Specific CVE: CVE-2024-56145
2026-07-03 01:48:49 | INFO     | nvd_fetch | Successfully fetched page at index 0, got 1 CVEs
2026-07-03 01:48:49 | INFO     | nvd_fetch | Successfully fetched page at index 0, got 1 CVEs
2026-07-03 01:48:53 | DEBUG    | nvd_fetch | Fetching NVD page: startIndex=0, resultsPerPage=200
2026-07-03 01:48:53 | DEBUG    | nvd_fetch | Specific CVE: CVE-2016-9079
2026-07-03 01:48:53 | INFO     | nvd_fetch | Successfully fetched page at index 0, got 1 CVEs
2026-07-03 01:48:55 | DEBUG    | nvd_fetch | Fetching NVD page: startIndex=0, resultsPerPage=200
2026-07-03 01:48:55 | DEBUG    | nvd_fetch | Specific CVE: CVE-2026-3909
2026-07-03 01:48:55 | INFO     | nvd_fetch | Successfully fetched page at index 0, got 1 CVEs
2026-07-03 01:48:56 | DEBUG    | nvd_fetch | Fetching NVD page: startIndex=0, resultsPerPage=200
2026-07-03 01:48:56 | DEBUG    | nvd_fetch | Specific CVE: CVE-2023-39780
2026-07-03 01:48:56 | INFO     | nvd_fetch | Successfully fetched page at index 0, got 1 CVEs
2026-07-03 01:49:00 | DEBUG    | nvd_fetch | Fetching NVD page: startIndex=0, resultsPerPage=200
2026-07-03 01:49:00 | DEBUG    | nvd_fetch | Specific CVE: CVE-2016-0165
2026-07-03 01:49:00 | INFO     | nvd_fetch | Successfully fetched page at index 0, got 1 CVEs
2026-07-03 01:49:02 | DEBUG    | nvd_fetch | Fetching NVD page: startIndex=0, resultsPerPage=200
2026-07-03 01:49:02 | DEBUG    | nvd_fetch | Specific CVE: CVE-2025-68613
2026-07-03 01:49:02 | INFO     | nvd_fetch | Successfully fetched page at index 0, got 1 CVEs
2026-07-03 01:49:02 | DEBUG    | nvd_fetch | Fetching NVD page: startIndex=0, resultsPerPage=200
2026-07-03 01:49:02 | DEBUG    | nvd_fetch | Specific CVE: CVE-2025-4632
2026-07-03 01:49:03 | INFO     | nvd_fetch | Successfully fetched page at index 0, got 1 CVEs
2026-07-03 01:49:07 | DEBUG    | nvd_fetch | Fetching NVD page: startIndex=0, resultsPerPage=200
2026-07-03 01:49:07 | DEBUG    | nvd_fetch | Specific CVE: CVE-2023-27997
2026-07-03 01:49:07 | INFO     | nvd_fetch | Successfully fetched page at index 0, got 1 CVEs
2026-07-03 01:49:09 | DEBUG    | nvd_fetch | Fetching NVD page: startIndex=0, resultsPerPage=200
2026-07-03 01:49:09 | DEBUG    | nvd_fetch | Specific CVE: CVE-2021-22054
2026-07-03 01:49:09 | INFO     | nvd_fetch | Successfully fetched page at index 0, got 1 CVEs
2026-07-03 01:49:09 | DEBUG    | nvd_fetch | Fetching NVD page: startIndex=0, resultsPerPage=200
2026-07-03 01:49:09 | DEBUG    | nvd_fetch | Specific CVE: CVE-2023-38950
2026-07-03 01:49:10 | INFO     | nvd_fetch | Successfully fetched page at index 0, got 1 CVEs
2026-07-03 01:49:14 | DEBUG    | nvd_fetch | Fetching NVD page: startIndex=0, resultsPerPage=200
2026-07-03 01:49:14 | DEBUG    | nvd_fetch | Specific CVE: CVE-2023-3079
2026-07-03 01:49:14 | INFO     | nvd_fetch | Successfully fetched page at index 0, got 1 CVEs
2026-07-03 01:49:16 | DEBUG    | nvd_fetch | Fetching NVD page: startIndex=0, resultsPerPage=200
2026-07-03 01:49:16 | DEBUG    | nvd_fetch | Specific CVE: CVE-2025-26399
2026-07-03 01:49:16 | INFO     | nvd_fetch | Successfully fetched page at index 0, got 1 CVEs
2026-07-03 01:49:16 | DEBUG    | nvd_fetch | Fetching NVD page: startIndex=0, resultsPerPage=200
2026-07-03 01:49:16 | DEBUG    | nvd_fetch | Specific CVE: CVE-2024-27443
2026-07-03 01:49:17 | INFO     | nvd_fetch | Successfully fetched page at index 0, got 1 CVEs
2026-07-03 01:49:21 | DEBUG    | nvd_fetch | Fetching NVD page: startIndex=0, resultsPerPage=200
2026-07-03 01:49:21 | DEBUG    | nvd_fetch | Specific CVE: CVE-2023-33009
2026-07-03 01:49:21 | INFO     | nvd_fetch | Successfully fetched page at index 0, got 1 CVEs
2026-07-03 01:49:22 | DEBUG    | nvd_fetch | Fetching NVD page: startIndex=0, resultsPerPage=200
2026-07-03 01:49:22 | DEBUG    | nvd_fetch | Specific CVE: CVE-2026-1603
2026-07-03 01:49:23 | INFO     | nvd_fetch | Successfully fetched page at index 0, got 1 CVEs
2026-07-03 01:49:23 | DEBUG    | nvd_fetch | Fetching NVD page: startIndex=0, resultsPerPage=200
2026-07-03 01:49:23 | DEBUG    | nvd_fetch | Specific CVE: CVE-2025-27920
2026-07-03 01:49:23 | INFO     | nvd_fetch | Successfully fetched page at index 0, got 1 CVEs
2026-07-03 01:49:28 | DEBUG    | nvd_fetch | Fetching NVD page: startIndex=0, resultsPerPage=200
2026-07-03 01:49:28 | DEBUG    | nvd_fetch | Specific CVE: CVE-2023-33010
2026-07-03 01:49:29 | DEBUG    | nvd_fetch | Fetching NVD page: startIndex=0, resultsPerPage=200
2026-07-03 01:49:29 | DEBUG    | nvd_fetch | Specific CVE: CVE-2017-7921
2026-07-03 01:49:30 | INFO     | nvd_fetch | Successfully fetched page at index 0, got 1 CVEs
2026-07-03 01:49:30 | INFO     | nvd_fetch | Successfully fetched page at index 0, got 1 CVEs
2026-07-03 01:49:30 | DEBUG    | nvd_fetch | Fetching NVD page: startIndex=0, resultsPerPage=200
2026-07-03 01:49:30 | DEBUG    | nvd_fetch | Specific CVE: CVE-2024-11182
2026-07-03 01:49:30 | INFO     | nvd_fetch | Successfully fetched page at index 0, got 1 CVEs
2026-07-03 01:49:36 | DEBUG    | nvd_fetch | Fetching NVD page: startIndex=0, resultsPerPage=200
2026-07-03 01:49:36 | DEBUG    | nvd_fetch | Specific CVE: CVE-2021-22681
2026-07-03 01:49:36 | DEBUG    | nvd_fetch | Fetching NVD page: startIndex=0, resultsPerPage=200
2026-07-03 01:49:36 | DEBUG    | nvd_fetch | Specific CVE: CVE-2023-34362
2026-07-03 01:49:36 | INFO     | nvd_fetch | Successfully fetched page at index 0, got 1 CVEs
2026-07-03 01:49:37 | DEBUG    | nvd_fetch | Fetching NVD page: startIndex=0, resultsPerPage=200
2026-07-03 01:49:37 | DEBUG    | nvd_fetch | Specific CVE: CVE-2025-4428
2026-07-03 01:49:37 | INFO     | nvd_fetch | Successfully fetched page at index 0, got 1 CVEs
2026-07-03 01:49:37 | INFO     | nvd_fetch | Successfully fetched page at index 0, got 1 CVEs
2026-07-03 01:49:43 | DEBUG    | nvd_fetch | Fetching NVD page: startIndex=0, resultsPerPage=200
2026-07-03 01:49:43 | DEBUG    | nvd_fetch | Specific CVE: CVE-2023-43000
2026-07-03 01:49:43 | INFO     | nvd_fetch | Successfully fetched page at index 0, got 1 CVEs
2026-07-03 01:49:44 | DEBUG    | nvd_fetch | Fetching NVD page: startIndex=0, resultsPerPage=200
2026-07-03 01:49:44 | DEBUG    | nvd_fetch | Specific CVE: CVE-2023-28771
2026-07-03 01:49:44 | DEBUG    | nvd_fetch | Fetching NVD page: startIndex=0, resultsPerPage=200
2026-07-03 01:49:44 | DEBUG    | nvd_fetch | Specific CVE: CVE-2025-4427
2026-07-03 01:49:44 | INFO     | nvd_fetch | Successfully fetched page at index 0, got 1 CVEs
2026-07-03 01:49:44 | INFO     | nvd_fetch | Successfully fetched page at index 0, got 1 CVEs
2026-07-03 01:49:50 | DEBUG    | nvd_fetch | Fetching NVD page: startIndex=0, resultsPerPage=200
2026-07-03 01:49:50 | DEBUG    | nvd_fetch | Specific CVE: CVE-2021-30952
2026-07-03 01:49:50 | INFO     | nvd_fetch | Successfully fetched page at index 0, got 1 CVEs
2026-07-03 01:49:50 | DEBUG    | nvd_fetch | Fetching NVD page: startIndex=0, resultsPerPage=200
2026-07-03 01:49:50 | DEBUG    | nvd_fetch | Specific CVE: CVE-2025-42999
2026-07-03 01:49:51 | DEBUG    | nvd_fetch | Fetching NVD page: startIndex=0, resultsPerPage=200
2026-07-03 01:49:51 | DEBUG    | nvd_fetch | Specific CVE: CVE-2023-2868
2026-07-03 01:49:51 | INFO     | nvd_fetch | Successfully fetched page at index 0, got 1 CVEs
2026-07-03 01:49:51 | INFO     | nvd_fetch | Successfully fetched page at index 0, got 1 CVEs
2026-07-03 01:49:57 | DEBUG    | nvd_fetch | Fetching NVD page: startIndex=0, resultsPerPage=200
2026-07-03 01:49:57 | DEBUG    | nvd_fetch | Specific CVE: CVE-2023-41974
2026-07-03 01:49:57 | DEBUG    | nvd_fetch | Fetching NVD page: startIndex=0, resultsPerPage=200
2026-07-03 01:49:57 | DEBUG    | nvd_fetch | Specific CVE: CVE-2024-12987
2026-07-03 01:49:57 | INFO     | nvd_fetch | Successfully fetched page at index 0, got 1 CVEs
2026-07-03 01:49:58 | INFO     | nvd_fetch | Successfully fetched page at index 0, got 1 CVEs
2026-07-03 01:49:58 | DEBUG    | nvd_fetch | Fetching NVD page: startIndex=0, resultsPerPage=200
2026-07-03 01:49:58 | DEBUG    | nvd_fetch | Specific CVE: CVE-2023-32409
2026-07-03 01:49:58 | INFO     | nvd_fetch | Successfully fetched page at index 0, got 1 CVEs
2026-07-03 01:50:04 | DEBUG    | nvd_fetch | Fetching NVD page: startIndex=0, resultsPerPage=200
2026-07-03 01:50:04 | DEBUG    | nvd_fetch | Specific CVE: CVE-2026-22719
2026-07-03 01:50:04 | DEBUG    | nvd_fetch | Fetching NVD page: startIndex=0, resultsPerPage=200
2026-07-03 01:50:04 | DEBUG    | nvd_fetch | Specific CVE: CVE-2025-32756
2026-07-03 01:50:04 | INFO     | nvd_fetch | Successfully fetched page at index 0, got 1 CVEs
2026-07-03 01:50:04 | INFO     | nvd_fetch | Successfully fetched page at index 0, got 1 CVEs
2026-07-03 01:50:05 | DEBUG    | nvd_fetch | Fetching NVD page: startIndex=0, resultsPerPage=200
2026-07-03 01:50:05 | DEBUG    | nvd_fetch | Specific CVE: CVE-2023-28204
2026-07-03 01:50:06 | INFO     | nvd_fetch | Successfully fetched page at index 0, got 1 CVEs
2026-07-03 01:50:11 | DEBUG    | nvd_fetch | Fetching NVD page: startIndex=0, resultsPerPage=200
2026-07-03 01:50:11 | DEBUG    | nvd_fetch | Specific CVE: CVE-2026-21385
2026-07-03 01:50:11 | DEBUG    | nvd_fetch | Fetching NVD page: startIndex=0, resultsPerPage=200
2026-07-03 01:50:11 | DEBUG    | nvd_fetch | Specific CVE: CVE-2025-32709
2026-07-03 01:50:11 | INFO     | nvd_fetch | Successfully fetched page at index 0, got 1 CVEs
2026-07-03 01:50:11 | INFO     | nvd_fetch | Successfully fetched page at index 0, got 1 CVEs
2026-07-03 01:50:13 | DEBUG    | nvd_fetch | Fetching NVD page: startIndex=0, resultsPerPage=200
2026-07-03 01:50:13 | DEBUG    | nvd_fetch | Specific CVE: CVE-2023-32373
2026-07-03 01:50:13 | INFO     | nvd_fetch | Successfully fetched page at index 0, got 1 CVEs
2026-07-03 01:50:18 | DEBUG    | nvd_fetch | Fetching NVD page: startIndex=0, resultsPerPage=200
2026-07-03 01:50:18 | DEBUG    | nvd_fetch | Specific CVE: CVE-2022-20775
2026-07-03 01:50:18 | DEBUG    | nvd_fetch | Fetching NVD page: startIndex=0, resultsPerPage=200
2026-07-03 01:50:18 | DEBUG    | nvd_fetch | Specific CVE: CVE-2025-30397
2026-07-03 01:50:18 | INFO     | nvd_fetch | Successfully fetched page at index 0, got 1 CVEs
2026-07-03 01:50:18 | INFO     | nvd_fetch | Successfully fetched page at index 0, got 1 CVEs
2026-07-03 01:50:20 | DEBUG    | nvd_fetch | Fetching NVD page: startIndex=0, resultsPerPage=200
2026-07-03 01:50:20 | DEBUG    | nvd_fetch | Specific CVE: CVE-2004-1464
2026-07-03 01:50:20 | INFO     | nvd_fetch | Successfully fetched page at index 0, got 1 CVEs
2026-07-03 01:50:25 | DEBUG    | nvd_fetch | Fetching NVD page: startIndex=0, resultsPerPage=200
2026-07-03 01:50:25 | DEBUG    | nvd_fetch | Specific CVE: CVE-2026-20127
2026-07-03 01:50:25 | DEBUG    | nvd_fetch | Fetching NVD page: startIndex=0, resultsPerPage=200
2026-07-03 01:50:25 | DEBUG    | nvd_fetch | Specific CVE: CVE-2025-32706
2026-07-03 01:50:25 | INFO     | nvd_fetch | Successfully fetched page at index 0, got 1 CVEs
2026-07-03 01:50:25 | INFO     | nvd_fetch | Successfully fetched page at index 0, got 1 CVEs
2026-07-03 01:50:26 | DEBUG    | nvd_fetch | Fetching NVD page: startIndex=0, resultsPerPage=200
2026-07-03 01:50:26 | DEBUG    | nvd_fetch | Specific CVE: CVE-2016-6415
2026-07-03 01:50:27 | INFO     | nvd_fetch | Successfully fetched page at index 0, got 1 CVEs
2026-07-03 01:50:32 | DEBUG    | nvd_fetch | Fetching NVD page: startIndex=0, resultsPerPage=200
2026-07-03 01:50:32 | DEBUG    | nvd_fetch | Specific CVE: CVE-2025-32701
2026-07-03 01:50:32 | DEBUG    | nvd_fetch | Fetching NVD page: startIndex=0, resultsPerPage=200
2026-07-03 01:50:32 | DEBUG    | nvd_fetch | Specific CVE: CVE-2026-25108
2026-07-03 01:50:32 | INFO     | nvd_fetch | Successfully fetched page at index 0, got 1 CVEs
2026-07-03 01:50:32 | INFO     | nvd_fetch | Successfully fetched page at index 0, got 1 CVEs
2026-07-03 01:50:33 | DEBUG    | nvd_fetch | Fetching NVD page: startIndex=0, resultsPerPage=200
2026-07-03 01:50:33 | DEBUG    | nvd_fetch | Specific CVE: CVE-2023-21492
2026-07-03 01:50:34 | INFO     | nvd_fetch | Successfully fetched page at index 0, got 1 CVEs
2026-07-03 01:50:39 | DEBUG    | nvd_fetch | Fetching NVD page: startIndex=0, resultsPerPage=200
2026-07-03 01:50:39 | DEBUG    | nvd_fetch | Specific CVE: CVE-2025-30400
2026-07-03 01:50:39 | INFO     | nvd_fetch | Successfully fetched page at index 0, got 1 CVEs
2026-07-03 01:50:40 | DEBUG    | nvd_fetch | Fetching NVD page: startIndex=0, resultsPerPage=200
2026-07-03 01:50:40 | DEBUG    | nvd_fetch | Specific CVE: CVE-2023-25717
2026-07-03 01:50:41 | INFO     | nvd_fetch | Successfully fetched page at index 0, got 1 CVEs
2026-07-03 01:50:46 | DEBUG    | nvd_fetch | Fetching NVD page: startIndex=0, resultsPerPage=200
2026-07-03 01:50:46 | DEBUG    | nvd_fetch | Specific CVE: CVE-2025-47729
2026-07-03 01:50:46 | INFO     | nvd_fetch | Successfully fetched page at index 0, got 1 CVEs
2026-07-03 01:50:48 | DEBUG    | nvd_fetch | Fetching NVD page: startIndex=0, resultsPerPage=200
2026-07-03 01:50:48 | DEBUG    | nvd_fetch | Specific CVE: CVE-2021-3560
2026-07-03 01:50:48 | INFO     | nvd_fetch | Successfully fetched page at index 0, got 1 CVEs
2026-07-03 01:50:52 | DEBUG    | nvd_fetch | Fetching NVD page: startIndex=0, resultsPerPage=200
2026-07-03 01:50:52 | DEBUG    | nvd_fetch | Specific CVE: CVE-2024-11120
2026-07-03 01:50:53 | INFO     | nvd_fetch | Successfully fetched page at index 0, got 1 CVEs
2026-07-03 01:50:54 | DEBUG    | nvd_fetch | Fetching NVD page: startIndex=0, resultsPerPage=200
2026-07-03 01:50:54 | DEBUG    | nvd_fetch | Specific CVE: CVE-2014-0196
2026-07-03 01:50:56 | INFO     | nvd_fetch | Successfully fetched page at index 0, got 1 CVEs
2026-07-03 01:50:59 | DEBUG    | nvd_fetch | Fetching NVD page: startIndex=0, resultsPerPage=200
2026-07-03 01:50:59 | DEBUG    | nvd_fetch | Specific CVE: CVE-2024-6047
2026-07-03 01:50:59 | INFO     | nvd_fetch | Successfully fetched page at index 0, got 1 CVEs
2026-07-03 01:51:02 | DEBUG    | nvd_fetch | Fetching NVD page: startIndex=0, resultsPerPage=200
2026-07-03 01:51:02 | DEBUG    | nvd_fetch | Specific CVE: CVE-2010-3904
2026-07-03 01:51:04 | INFO     | nvd_fetch | Successfully fetched page at index 0, got 1 CVEs
2026-07-03 01:51:06 | DEBUG    | nvd_fetch | Fetching NVD page: startIndex=0, resultsPerPage=200
2026-07-03 01:51:06 | DEBUG    | nvd_fetch | Specific CVE: CVE-2025-27363
2026-07-03 01:51:06 | INFO     | nvd_fetch | Successfully fetched page at index 0, got 1 CVEs
2026-07-03 01:51:11 | DEBUG    | nvd_fetch | Fetching NVD page: startIndex=0, resultsPerPage=200
2026-07-03 01:51:11 | DEBUG    | nvd_fetch | Specific CVE: CVE-2015-5317
2026-07-03 01:51:12 | INFO     | nvd_fetch | Successfully fetched page at index 0, got 1 CVEs
2026-07-03 01:51:13 | DEBUG    | nvd_fetch | Fetching NVD page: startIndex=0, resultsPerPage=200
2026-07-03 01:51:13 | DEBUG    | nvd_fetch | Specific CVE: CVE-2025-3248
2026-07-03 01:51:13 | INFO     | nvd_fetch | Successfully fetched page at index 0, got 1 CVEs
2026-07-03 01:51:18 | DEBUG    | nvd_fetch | Fetching NVD page: startIndex=0, resultsPerPage=200
2026-07-03 01:51:18 | DEBUG    | nvd_fetch | Specific CVE: CVE-2016-3427
2026-07-03 01:51:19 | DEBUG    | nvd_fetch | Fetching NVD page: startIndex=0, resultsPerPage=200
2026-07-03 01:51:19 | DEBUG    | nvd_fetch | Specific CVE: CVE-2025-34028
2026-07-03 01:51:20 | INFO     | nvd_fetch | Successfully fetched page at index 0, got 1 CVEs
2026-07-03 01:51:21 | INFO     | nvd_fetch | Successfully fetched page at index 0, got 1 CVEs
2026-07-03 01:51:26 | DEBUG    | nvd_fetch | Fetching NVD page: startIndex=0, resultsPerPage=200
2026-07-03 01:51:26 | DEBUG    | nvd_fetch | Specific CVE: CVE-2024-58136
2026-07-03 01:51:26 | INFO     | nvd_fetch | Successfully fetched page at index 0, got 1 CVEs
2026-07-03 01:51:27 | DEBUG    | nvd_fetch | Fetching NVD page: startIndex=0, resultsPerPage=200
2026-07-03 01:51:27 | DEBUG    | nvd_fetch | Specific CVE: CVE-2016-8735
2026-07-03 01:51:29 | INFO     | nvd_fetch | Successfully fetched page at index 0, got 1 CVEs
2026-07-03 01:51:33 | DEBUG    | nvd_fetch | Fetching NVD page: startIndex=0, resultsPerPage=200
2026-07-03 01:51:33 | DEBUG    | nvd_fetch | Specific CVE: CVE-2024-38475
2026-07-03 01:51:33 | INFO     | nvd_fetch | Successfully fetched page at index 0, got 1 CVEs
2026-07-03 01:51:35 | DEBUG    | nvd_fetch | Fetching NVD page: startIndex=0, resultsPerPage=200
2026-07-03 01:51:35 | DEBUG    | nvd_fetch | Specific CVE: CVE-2023-29336
2026-07-03 01:51:36 | INFO     | nvd_fetch | Successfully fetched page at index 0, got 1 CVEs
2026-07-03 01:51:40 | DEBUG    | nvd_fetch | Fetching NVD page: startIndex=0, resultsPerPage=200
2026-07-03 01:51:40 | DEBUG    | nvd_fetch | Specific CVE: CVE-2023-44221
2026-07-03 01:51:40 | INFO     | nvd_fetch | Successfully fetched page at index 0, got 1 CVEs
2026-07-03 01:51:42 | DEBUG    | nvd_fetch | Fetching NVD page: startIndex=0, resultsPerPage=200
2026-07-03 01:51:42 | DEBUG    | nvd_fetch | Specific CVE: CVE-2023-1389
2026-07-03 01:51:43 | INFO     | nvd_fetch | Successfully fetched page at index 0, got 1 CVEs
2026-07-03 01:51:47 | DEBUG    | nvd_fetch | Fetching NVD page: startIndex=0, resultsPerPage=200
2026-07-03 01:51:47 | DEBUG    | nvd_fetch | Specific CVE: CVE-2025-31324
2026-07-03 01:51:47 | INFO     | nvd_fetch | Successfully fetched page at index 0, got 1 CVEs
2026-07-03 01:51:49 | DEBUG    | nvd_fetch | Fetching NVD page: startIndex=0, resultsPerPage=200
2026-07-03 01:51:49 | DEBUG    | nvd_fetch | Specific CVE: CVE-2021-45046
2026-07-03 01:51:50 | INFO     | nvd_fetch | Successfully fetched page at index 0, got 1 CVEs
2026-07-03 01:51:54 | DEBUG    | nvd_fetch | Fetching NVD page: startIndex=0, resultsPerPage=200
2026-07-03 01:51:54 | DEBUG    | nvd_fetch | Specific CVE: CVE-2025-1976
2026-07-03 01:51:54 | INFO     | nvd_fetch | Successfully fetched page at index 0, got 1 CVEs
2026-07-03 01:51:56 | DEBUG    | nvd_fetch | Fetching NVD page: startIndex=0, resultsPerPage=200
2026-07-03 01:51:56 | DEBUG    | nvd_fetch | Specific CVE: CVE-2023-21839
2026-07-03 01:51:57 | INFO     | nvd_fetch | Successfully fetched page at index 0, got 1 CVEs
2026-07-03 01:52:00 | DEBUG    | nvd_fetch | Fetching NVD page: startIndex=0, resultsPerPage=200
2026-07-03 01:52:00 | DEBUG    | nvd_fetch | Specific CVE: CVE-2025-42599
2026-07-03 01:52:01 | INFO     | nvd_fetch | Successfully fetched page at index 0, got 1 CVEs
2026-07-03 01:52:03 | DEBUG    | nvd_fetch | Fetching NVD page: startIndex=0, resultsPerPage=200
2026-07-03 01:52:03 | DEBUG    | nvd_fetch | Specific CVE: CVE-2023-28432
2026-07-03 01:52:04 | INFO     | nvd_fetch | Successfully fetched page at index 0, got 1 CVEs
2026-07-03 01:52:07 | DEBUG    | nvd_fetch | Fetching NVD page: startIndex=0, resultsPerPage=200
2026-07-03 01:52:07 | DEBUG    | nvd_fetch | Specific CVE: CVE-2025-3928
2026-07-03 01:52:08 | INFO     | nvd_fetch | Successfully fetched page at index 0, got 1 CVEs
2026-07-03 01:52:10 | DEBUG    | nvd_fetch | Fetching NVD page: startIndex=0, resultsPerPage=200
2026-07-03 01:52:10 | DEBUG    | nvd_fetch | Specific CVE: CVE-2023-27350
2026-07-03 01:52:11 | INFO     | nvd_fetch | Successfully fetched page at index 0, got 1 CVEs
2026-07-03 01:52:14 | DEBUG    | nvd_fetch | Fetching NVD page: startIndex=0, resultsPerPage=200
2026-07-03 01:52:14 | DEBUG    | nvd_fetch | Specific CVE: CVE-2025-24054
2026-07-03 01:52:14 | INFO     | nvd_fetch | Successfully fetched page at index 0, got 1 CVEs
2026-07-03 01:52:18 | DEBUG    | nvd_fetch | Fetching NVD page: startIndex=0, resultsPerPage=200
2026-07-03 01:52:18 | DEBUG    | nvd_fetch | Specific CVE: CVE-2023-2136
2026-07-03 01:52:18 | INFO     | nvd_fetch | Successfully fetched page at index 0, got 1 CVEs
2026-07-03 01:52:21 | DEBUG    | nvd_fetch | Fetching NVD page: startIndex=0, resultsPerPage=200
2026-07-03 01:52:21 | DEBUG    | nvd_fetch | Specific CVE: CVE-2025-31201
2026-07-03 01:52:21 | INFO     | nvd_fetch | Successfully fetched page at index 0, got 1 CVEs
2026-07-03 01:52:25 | DEBUG    | nvd_fetch | Fetching NVD page: startIndex=0, resultsPerPage=200
2026-07-03 01:52:25 | DEBUG    | nvd_fetch | Specific CVE: CVE-2017-6742
2026-07-03 01:52:25 | INFO     | nvd_fetch | Successfully fetched page at index 0, got 1 CVEs
2026-07-03 01:52:28 | DEBUG    | nvd_fetch | Fetching NVD page: startIndex=0, resultsPerPage=200
2026-07-03 01:52:28 | DEBUG    | nvd_fetch | Specific CVE: CVE-2025-31200
2026-07-03 01:52:28 | INFO     | nvd_fetch | Successfully fetched page at index 0, got 1 CVEs
2026-07-03 01:52:32 | DEBUG    | nvd_fetch | Fetching NVD page: startIndex=0, resultsPerPage=200
2026-07-03 01:52:32 | DEBUG    | nvd_fetch | Specific CVE: CVE-2019-8526
2026-07-03 01:52:32 | INFO     | nvd_fetch | Successfully fetched page at index 0, got 1 CVEs
2026-07-03 01:52:34 | DEBUG    | nvd_fetch | Fetching NVD page: startIndex=0, resultsPerPage=200
2026-07-03 01:52:34 | DEBUG    | nvd_fetch | Specific CVE: CVE-2021-20035
2026-07-03 01:52:35 | INFO     | nvd_fetch | Successfully fetched page at index 0, got 1 CVEs
2026-07-03 01:52:39 | DEBUG    | nvd_fetch | Fetching NVD page: startIndex=0, resultsPerPage=200
2026-07-03 01:52:39 | DEBUG    | nvd_fetch | Specific CVE: CVE-2023-2033
2026-07-03 01:52:40 | INFO     | nvd_fetch | Successfully fetched page at index 0, got 1 CVEs
2026-07-03 01:52:41 | DEBUG    | nvd_fetch | Fetching NVD page: startIndex=0, resultsPerPage=200
2026-07-03 01:52:41 | DEBUG    | nvd_fetch | Specific CVE: CVE-2024-53150
2026-07-03 01:52:42 | INFO     | nvd_fetch | Successfully fetched page at index 0, got 1 CVEs
2026-07-03 01:52:46 | DEBUG    | nvd_fetch | Fetching NVD page: startIndex=0, resultsPerPage=200
2026-07-03 01:52:46 | DEBUG    | nvd_fetch | Specific CVE: CVE-2023-20963
2026-07-03 01:52:46 | INFO     | nvd_fetch | Successfully fetched page at index 0, got 1 CVEs
2026-07-03 01:52:48 | DEBUG    | nvd_fetch | Fetching NVD page: startIndex=0, resultsPerPage=200
2026-07-03 01:52:48 | DEBUG    | nvd_fetch | Specific CVE: CVE-2024-53197
2026-07-03 01:52:48 | INFO     | nvd_fetch | Successfully fetched page at index 0, got 1 CVEs
2026-07-03 01:52:53 | DEBUG    | nvd_fetch | Fetching NVD page: startIndex=0, resultsPerPage=200
2026-07-03 01:52:53 | DEBUG    | nvd_fetch | Specific CVE: CVE-2023-29492
2026-07-03 01:52:53 | INFO     | nvd_fetch | Successfully fetched page at index 0, got 1 CVEs
2026-07-03 01:53:00 | DEBUG    | nvd_fetch | Fetching NVD page: startIndex=0, resultsPerPage=200
2026-07-03 01:53:00 | DEBUG    | nvd_fetch | Specific CVE: CVE-2023-28252
2026-07-03 01:53:00 | INFO     | nvd_fetch | Successfully fetched page at index 0, got 1 CVEs
2026-07-03 01:53:07 | DEBUG    | nvd_fetch | Fetching NVD page: startIndex=0, resultsPerPage=200
2026-07-03 01:53:07 | DEBUG    | nvd_fetch | Specific CVE: CVE-2023-28205
2026-07-03 01:53:08 | INFO     | nvd_fetch | Successfully fetched page at index 0, got 1 CVEs
2026-07-03 01:53:14 | DEBUG    | nvd_fetch | Fetching NVD page: startIndex=0, resultsPerPage=200
2026-07-03 01:53:14 | DEBUG    | nvd_fetch | Specific CVE: CVE-2023-28206
2026-07-03 01:53:14 | INFO     | nvd_fetch | Successfully fetched page at index 0, got 1 CVEs
2026-07-03 01:53:21 | DEBUG    | nvd_fetch | Fetching NVD page: startIndex=0, resultsPerPage=200
2026-07-03 01:53:21 | DEBUG    | nvd_fetch | Specific CVE: CVE-2021-27876
2026-07-03 01:53:23 | INFO     | nvd_fetch | Successfully fetched page at index 0, got 1 CVEs
2026-07-03 01:53:29 | DEBUG    | nvd_fetch | Fetching NVD page: startIndex=0, resultsPerPage=200
2026-07-03 01:53:29 | DEBUG    | nvd_fetch | Specific CVE: CVE-2021-27877
2026-07-03 01:53:29 | INFO     | nvd_fetch | Successfully fetched page at index 0, got 1 CVEs
2026-07-03 01:53:36 | DEBUG    | nvd_fetch | Fetching NVD page: startIndex=0, resultsPerPage=200
2026-07-03 01:53:36 | DEBUG    | nvd_fetch | Specific CVE: CVE-2021-27878
2026-07-03 01:53:37 | INFO     | nvd_fetch | Successfully fetched page at index 0, got 1 CVEs
2026-07-03 01:53:43 | DEBUG    | nvd_fetch | Fetching NVD page: startIndex=0, resultsPerPage=200
2026-07-03 01:53:43 | DEBUG    | nvd_fetch | Specific CVE: CVE-2019-1388
2026-07-03 01:53:44 | INFO     | nvd_fetch | Successfully fetched page at index 0, got 1 CVEs
2026-07-03 01:53:50 | DEBUG    | nvd_fetch | Fetching NVD page: startIndex=0, resultsPerPage=200
2026-07-03 01:53:50 | DEBUG    | nvd_fetch | Specific CVE: CVE-2023-26083
2026-07-03 01:53:51 | INFO     | nvd_fetch | Successfully fetched page at index 0, got 1 CVEs
2026-07-03 01:53:58 | DEBUG    | nvd_fetch | Fetching NVD page: startIndex=0, resultsPerPage=200
2026-07-03 01:53:58 | DEBUG    | nvd_fetch | Specific CVE: CVE-2022-27926
2026-07-03 01:53:58 | INFO     | nvd_fetch | Successfully fetched page at index 0, got 1 CVEs
2026-07-03 01:54:05 | DEBUG    | nvd_fetch | Fetching NVD page: startIndex=0, resultsPerPage=200
2026-07-03 01:54:05 | DEBUG    | nvd_fetch | Specific CVE: CVE-2013-3163
2026-07-03 01:54:05 | INFO     | nvd_fetch | Successfully fetched page at index 0, got 1 CVEs
2026-07-03 01:54:12 | DEBUG    | nvd_fetch | Fetching NVD page: startIndex=0, resultsPerPage=200
2026-07-03 01:54:12 | DEBUG    | nvd_fetch | Specific CVE: CVE-2017-7494
2026-07-03 01:54:12 | INFO     | nvd_fetch | Successfully fetched page at index 0, got 1 CVEs
2026-07-03 01:54:19 | DEBUG    | nvd_fetch | Fetching NVD page: startIndex=0, resultsPerPage=200
2026-07-03 01:54:19 | DEBUG    | nvd_fetch | Specific CVE: CVE-2022-42948
2026-07-03 01:54:19 | INFO     | nvd_fetch | Successfully fetched page at index 0, got 1 CVEs
2026-07-03 01:54:26 | DEBUG    | nvd_fetch | Fetching NVD page: startIndex=0, resultsPerPage=200
2026-07-03 01:54:26 | DEBUG    | nvd_fetch | Specific CVE: CVE-2022-39197
2026-07-03 01:54:29 | INFO     | nvd_fetch | Successfully fetched page at index 0, got 1 CVEs
2026-07-03 01:54:35 | DEBUG    | nvd_fetch | Fetching NVD page: startIndex=0, resultsPerPage=200
2026-07-03 01:54:35 | DEBUG    | nvd_fetch | Specific CVE: CVE-2021-30900
2026-07-03 01:54:36 | INFO     | nvd_fetch | Successfully fetched page at index 0, got 1 CVEs
2026-07-03 01:54:42 | DEBUG    | nvd_fetch | Fetching NVD page: startIndex=0, resultsPerPage=200
2026-07-03 01:54:42 | DEBUG    | nvd_fetch | Specific CVE: CVE-2022-38181
2026-07-03 01:54:43 | INFO     | nvd_fetch | Successfully fetched page at index 0, got 1 CVEs
2026-07-03 01:54:50 | DEBUG    | nvd_fetch | Fetching NVD page: startIndex=0, resultsPerPage=200
2026-07-03 01:54:50 | DEBUG    | nvd_fetch | Specific CVE: CVE-2023-0266
2026-07-03 01:54:50 | INFO     | nvd_fetch | Successfully fetched page at index 0, got 1 CVEs
2026-07-03 01:54:57 | DEBUG    | nvd_fetch | Fetching NVD page: startIndex=0, resultsPerPage=200
2026-07-03 01:54:57 | DEBUG    | nvd_fetch | Specific CVE: CVE-2022-3038
2026-07-03 01:54:58 | INFO     | nvd_fetch | Successfully fetched page at index 0, got 1 CVEs
2026-07-03 01:55:04 | DEBUG    | nvd_fetch | Fetching NVD page: startIndex=0, resultsPerPage=200
2026-07-03 01:55:04 | DEBUG    | nvd_fetch | Specific CVE: CVE-2022-22706
2026-07-03 01:55:05 | INFO     | nvd_fetch | Successfully fetched page at index 0, got 1 CVEs
2026-07-03 01:55:11 | DEBUG    | nvd_fetch | Fetching NVD page: startIndex=0, resultsPerPage=200
2026-07-03 01:55:11 | DEBUG    | nvd_fetch | Specific CVE: CVE-2023-26360
2026-07-03 01:55:11 | INFO     | nvd_fetch | Successfully fetched page at index 0, got 1 CVEs
2026-07-03 01:55:18 | DEBUG    | nvd_fetch | Fetching NVD page: startIndex=0, resultsPerPage=200
2026-07-03 01:55:18 | DEBUG    | nvd_fetch | Specific CVE: CVE-2023-23397
2026-07-03 01:55:19 | INFO     | nvd_fetch | Successfully fetched page at index 0, got 1 CVEs
2026-07-03 01:55:25 | DEBUG    | nvd_fetch | Fetching NVD page: startIndex=0, resultsPerPage=200
2026-07-03 01:55:25 | DEBUG    | nvd_fetch | Specific CVE: CVE-2023-24880
2026-07-03 01:55:27 | INFO     | nvd_fetch | Successfully fetched page at index 0, got 1 CVEs
2026-07-03 01:55:33 | DEBUG    | nvd_fetch | Fetching NVD page: startIndex=0, resultsPerPage=200
2026-07-03 01:55:33 | DEBUG    | nvd_fetch | Specific CVE: CVE-2022-41328
2026-07-03 01:55:34 | INFO     | nvd_fetch | Successfully fetched page at index 0, got 1 CVEs
2026-07-03 01:55:41 | DEBUG    | nvd_fetch | Fetching NVD page: startIndex=0, resultsPerPage=200
2026-07-03 01:55:41 | DEBUG    | nvd_fetch | Specific CVE: CVE-2021-39144
2026-07-03 01:55:41 | INFO     | nvd_fetch | Successfully fetched page at index 0, got 1 CVEs
2026-07-03 01:55:47 | DEBUG    | nvd_fetch | Fetching NVD page: startIndex=0, resultsPerPage=200
2026-07-03 01:55:47 | DEBUG    | nvd_fetch | Specific CVE: CVE-2020-5741
2026-07-03 01:55:48 | INFO     | nvd_fetch | Successfully fetched page at index 0, got 1 CVEs
2026-07-03 01:55:55 | DEBUG    | nvd_fetch | Fetching NVD page: startIndex=0, resultsPerPage=200
2026-07-03 01:55:55 | DEBUG    | nvd_fetch | Specific CVE: CVE-2022-28810
2026-07-03 01:55:55 | INFO     | nvd_fetch | Successfully fetched page at index 0, got 1 CVEs
2026-07-03 01:56:02 | DEBUG    | nvd_fetch | Fetching NVD page: startIndex=0, resultsPerPage=200
2026-07-03 01:56:02 | DEBUG    | nvd_fetch | Specific CVE: CVE-2022-33891
2026-07-03 01:56:04 | INFO     | nvd_fetch | Successfully fetched page at index 0, got 1 CVEs
2026-07-03 01:56:10 | DEBUG    | nvd_fetch | Fetching NVD page: startIndex=0, resultsPerPage=200
2026-07-03 01:56:10 | DEBUG    | nvd_fetch | Specific CVE: CVE-2022-35914
2026-07-03 01:56:10 | INFO     | nvd_fetch | Successfully fetched page at index 0, got 1 CVEs
2026-07-03 01:56:17 | DEBUG    | nvd_fetch | Fetching NVD page: startIndex=0, resultsPerPage=200
2026-07-03 01:56:17 | DEBUG    | nvd_fetch | Specific CVE: CVE-2022-36537
2026-07-03 01:56:17 | INFO     | nvd_fetch | Successfully fetched page at index 0, got 1 CVEs
2026-07-03 01:56:24 | DEBUG    | nvd_fetch | Fetching NVD page: startIndex=0, resultsPerPage=200
2026-07-03 01:56:24 | DEBUG    | nvd_fetch | Specific CVE: CVE-2022-47986
2026-07-03 01:56:24 | INFO     | nvd_fetch | Successfully fetched page at index 0, got 1 CVEs
2026-07-03 01:56:31 | DEBUG    | nvd_fetch | Fetching NVD page: startIndex=0, resultsPerPage=200
2026-07-03 01:56:31 | DEBUG    | nvd_fetch | Specific CVE: CVE-2022-41223
2026-07-03 01:56:31 | INFO     | nvd_fetch | Successfully fetched page at index 0, got 1 CVEs
2026-07-03 01:56:38 | DEBUG    | nvd_fetch | Fetching NVD page: startIndex=0, resultsPerPage=200
2026-07-03 01:56:38 | DEBUG    | nvd_fetch | Specific CVE: CVE-2022-40765
2026-07-03 01:56:38 | INFO     | nvd_fetch | Successfully fetched page at index 0, got 1 CVEs
2026-07-03 01:56:45 | DEBUG    | nvd_fetch | Fetching NVD page: startIndex=0, resultsPerPage=200
2026-07-03 01:56:45 | DEBUG    | nvd_fetch | Specific CVE: CVE-2022-46169
2026-07-03 01:56:45 | INFO     | nvd_fetch | Successfully fetched page at index 0, got 1 CVEs
2026-07-03 01:56:52 | DEBUG    | nvd_fetch | Fetching NVD page: startIndex=0, resultsPerPage=200
2026-07-03 01:56:52 | DEBUG    | nvd_fetch | Specific CVE: CVE-2023-21715
2026-07-03 01:56:52 | INFO     | nvd_fetch | Successfully fetched page at index 0, got 1 CVEs
2026-07-03 01:56:59 | DEBUG    | nvd_fetch | Fetching NVD page: startIndex=0, resultsPerPage=200
2026-07-03 01:56:59 | DEBUG    | nvd_fetch | Specific CVE: CVE-2023-23376
2026-07-03 01:56:59 | INFO     | nvd_fetch | Successfully fetched page at index 0, got 1 CVEs
2026-07-03 01:57:06 | DEBUG    | nvd_fetch | Fetching NVD page: startIndex=0, resultsPerPage=200
2026-07-03 01:57:06 | DEBUG    | nvd_fetch | Specific CVE: CVE-2023-23529
2026-07-03 01:57:06 | INFO     | nvd_fetch | Successfully fetched page at index 0, got 1 CVEs
2026-07-03 01:57:13 | DEBUG    | nvd_fetch | Fetching NVD page: startIndex=0, resultsPerPage=200
2026-07-03 01:57:13 | DEBUG    | nvd_fetch | Specific CVE: CVE-2023-21823
2026-07-03 01:57:13 | INFO     | nvd_fetch | Successfully fetched page at index 0, got 1 CVEs
2026-07-03 01:57:19 | DEBUG    | nvd_fetch | Fetching NVD page: startIndex=0, resultsPerPage=200
2026-07-03 01:57:19 | DEBUG    | nvd_fetch | Specific CVE: CVE-2015-2291
2026-07-03 01:57:20 | INFO     | nvd_fetch | Successfully fetched page at index 0, got 1 CVEs
2026-07-03 01:57:26 | DEBUG    | nvd_fetch | Fetching NVD page: startIndex=0, resultsPerPage=200
2026-07-03 01:57:26 | DEBUG    | nvd_fetch | Specific CVE: CVE-2022-24990
2026-07-03 01:57:27 | INFO     | nvd_fetch | Successfully fetched page at index 0, got 1 CVEs
2026-07-03 01:57:33 | DEBUG    | nvd_fetch | Fetching NVD page: startIndex=0, resultsPerPage=200
2026-07-03 01:57:33 | DEBUG    | nvd_fetch | Specific CVE: CVE-2023-0669
2026-07-03 01:57:33 | INFO     | nvd_fetch | Successfully fetched page at index 0, got 1 CVEs
2026-07-03 01:57:40 | DEBUG    | nvd_fetch | Fetching NVD page: startIndex=0, resultsPerPage=200
2026-07-03 01:57:40 | DEBUG    | nvd_fetch | Specific CVE: CVE-2022-21587
2026-07-03 01:57:41 | INFO     | nvd_fetch | Successfully fetched page at index 0, got 1 CVEs
2026-07-03 01:57:47 | DEBUG    | nvd_fetch | Fetching NVD page: startIndex=0, resultsPerPage=200
2026-07-03 01:57:47 | DEBUG    | nvd_fetch | Specific CVE: CVE-2023-22952
2026-07-03 01:57:48 | INFO     | nvd_fetch | Successfully fetched page at index 0, got 1 CVEs
2026-07-03 01:57:54 | DEBUG    | nvd_fetch | Fetching NVD page: startIndex=0, resultsPerPage=200
2026-07-03 01:57:54 | DEBUG    | nvd_fetch | Specific CVE: CVE-2017-11357
2026-07-03 01:57:55 | INFO     | nvd_fetch | Successfully fetched page at index 0, got 1 CVEs
2026-07-03 01:58:02 | DEBUG    | nvd_fetch | Fetching NVD page: startIndex=0, resultsPerPage=200
2026-07-03 01:58:02 | DEBUG    | nvd_fetch | Specific CVE: CVE-2022-47966
2026-07-03 01:58:03 | INFO     | nvd_fetch | Successfully fetched page at index 0, got 1 CVEs
2026-07-03 01:58:09 | DEBUG    | nvd_fetch | Fetching NVD page: startIndex=0, resultsPerPage=200
2026-07-03 01:58:09 | DEBUG    | nvd_fetch | Specific CVE: CVE-2022-44877
2026-07-03 01:58:09 | INFO     | nvd_fetch | Successfully fetched page at index 0, got 1 CVEs
2026-07-03 01:58:16 | DEBUG    | nvd_fetch | Fetching NVD page: startIndex=0, resultsPerPage=200
2026-07-03 01:58:16 | DEBUG    | nvd_fetch | Specific CVE: CVE-2022-41080
2026-07-03 01:58:16 | INFO     | nvd_fetch | Successfully fetched page at index 0, got 1 CVEs
2026-07-03 01:58:23 | DEBUG    | nvd_fetch | Fetching NVD page: startIndex=0, resultsPerPage=200
2026-07-03 01:58:23 | DEBUG    | nvd_fetch | Specific CVE: CVE-2023-21674
2026-07-03 01:58:23 | INFO     | nvd_fetch | Successfully fetched page at index 0, got 1 CVEs
2026-07-03 02:26:49 | DEBUG    | nvd_fetch | Fetching NVD page: startIndex=0, resultsPerPage=200
2026-07-03 02:26:49 | DEBUG    | nvd_fetch | Specific CVE: CVE-2026-45659
2026-07-03 02:26:51 | INFO     | nvd_fetch | Successfully fetched page at index 0, got 1 CVEs
2026-07-03 02:26:57 | DEBUG    | nvd_fetch | Fetching NVD page: startIndex=0, resultsPerPage=200
2026-07-03 02:26:57 | DEBUG    | nvd_fetch | Specific CVE: CVE-2026-48558
2026-07-03 02:26:58 | INFO     | nvd_fetch | Successfully fetched page at index 0, got 1 CVEs
2026-07-03 02:27:04 | DEBUG    | nvd_fetch | Fetching NVD page: startIndex=0, resultsPerPage=200
2026-07-03 02:27:04 | DEBUG    | nvd_fetch | Specific CVE: CVE-2026-12569
2026-07-03 02:27:05 | INFO     | nvd_fetch | Successfully fetched page at index 0, got 1 CVEs
2026-07-03 02:27:11 | DEBUG    | nvd_fetch | Fetching NVD page: startIndex=0, resultsPerPage=200
2026-07-03 02:27:12 | DEBUG    | nvd_fetch | Specific CVE: CVE-2026-20230
2026-07-03 02:27:12 | INFO     | nvd_fetch | Successfully fetched page at index 0, got 1 CVEs
2026-07-03 02:27:19 | DEBUG    | nvd_fetch | Fetching NVD page: startIndex=0, resultsPerPage=200
2026-07-03 02:27:19 | DEBUG    | nvd_fetch | Specific CVE: CVE-2025-67038
2026-07-03 02:27:19 | INFO     | nvd_fetch | Successfully fetched page at index 0, got 1 CVEs
2026-07-03 02:27:26 | DEBUG    | nvd_fetch | Fetching NVD page: startIndex=0, resultsPerPage=200
2026-07-03 02:27:26 | DEBUG    | nvd_fetch | Specific CVE: CVE-2026-34910
2026-07-03 02:27:26 | INFO     | nvd_fetch | Successfully fetched page at index 0, got 1 CVEs
2026-07-03 02:27:33 | DEBUG    | nvd_fetch | Fetching NVD page: startIndex=0, resultsPerPage=200
2026-07-03 02:27:33 | DEBUG    | nvd_fetch | Specific CVE: CVE-2026-34909
2026-07-03 02:27:33 | INFO     | nvd_fetch | Successfully fetched page at index 0, got 1 CVEs
2026-07-03 02:27:40 | DEBUG    | nvd_fetch | Fetching NVD page: startIndex=0, resultsPerPage=200
2026-07-03 02:27:40 | DEBUG    | nvd_fetch | Specific CVE: CVE-2026-34908
2026-07-03 02:27:41 | INFO     | nvd_fetch | Successfully fetched page at index 0, got 1 CVEs
2026-07-03 02:27:47 | DEBUG    | nvd_fetch | Fetching NVD page: startIndex=0, resultsPerPage=200
2026-07-03 02:27:47 | DEBUG    | nvd_fetch | Specific CVE: CVE-2026-20253
2026-07-03 02:27:48 | INFO     | nvd_fetch | Successfully fetched page at index 0, got 1 CVEs
2026-07-03 02:27:54 | DEBUG    | nvd_fetch | Fetching NVD page: startIndex=0, resultsPerPage=200
2026-07-03 02:27:54 | DEBUG    | nvd_fetch | Specific CVE: CVE-2026-48907
2026-07-03 02:27:55 | INFO     | nvd_fetch | Successfully fetched page at index 0, got 1 CVEs
2026-07-03 02:28:02 | DEBUG    | nvd_fetch | Fetching NVD page: startIndex=0, resultsPerPage=200
2026-07-03 02:28:02 | DEBUG    | nvd_fetch | Specific CVE: CVE-2026-54420
2026-07-03 02:28:02 | INFO     | nvd_fetch | Successfully fetched page at index 0, got 1 CVEs
2026-07-03 02:28:09 | DEBUG    | nvd_fetch | Fetching NVD page: startIndex=0, resultsPerPage=200
2026-07-03 02:28:09 | DEBUG    | nvd_fetch | Specific CVE: CVE-2026-20262
2026-07-03 02:28:09 | INFO     | nvd_fetch | Successfully fetched page at index 0, got 1 CVEs
2026-07-03 02:28:16 | DEBUG    | nvd_fetch | Fetching NVD page: startIndex=0, resultsPerPage=200
2026-07-03 02:28:16 | DEBUG    | nvd_fetch | Specific CVE: CVE-2026-35273
2026-07-03 02:28:17 | INFO     | nvd_fetch | Successfully fetched page at index 0, got 1 CVEs
2026-07-03 02:28:23 | DEBUG    | nvd_fetch | Fetching NVD page: startIndex=0, resultsPerPage=200
2026-07-03 02:28:23 | DEBUG    | nvd_fetch | Specific CVE: CVE-2026-10520
2026-07-03 02:28:24 | INFO     | nvd_fetch | Successfully fetched page at index 0, got 1 CVEs
2026-07-03 02:28:30 | DEBUG    | nvd_fetch | Fetching NVD page: startIndex=0, resultsPerPage=200
2026-07-03 02:28:30 | DEBUG    | nvd_fetch | Specific CVE: CVE-2026-11645
2026-07-03 02:28:31 | INFO     | nvd_fetch | Successfully fetched page at index 0, got 1 CVEs
2026-07-03 02:28:37 | DEBUG    | nvd_fetch | Fetching NVD page: startIndex=0, resultsPerPage=200
2026-07-03 02:28:37 | DEBUG    | nvd_fetch | Specific CVE: CVE-2026-7473
2026-07-03 02:28:38 | INFO     | nvd_fetch | Successfully fetched page at index 0, got 1 CVEs
2026-07-03 02:28:45 | DEBUG    | nvd_fetch | Fetching NVD page: startIndex=0, resultsPerPage=200
2026-07-03 02:28:45 | DEBUG    | nvd_fetch | Specific CVE: CVE-2026-20245
2026-07-03 02:28:47 | INFO     | nvd_fetch | Successfully fetched page at index 0, got 1 CVEs
2026-07-03 02:28:54 | DEBUG    | nvd_fetch | Fetching NVD page: startIndex=0, resultsPerPage=200
2026-07-03 02:28:54 | DEBUG    | nvd_fetch | Specific CVE: CVE-2026-42271
2026-07-03 02:28:55 | INFO     | nvd_fetch | Successfully fetched page at index 0, got 1 CVEs
2026-07-03 02:29:01 | DEBUG    | nvd_fetch | Fetching NVD page: startIndex=0, resultsPerPage=200
2026-07-03 02:29:01 | DEBUG    | nvd_fetch | Specific CVE: CVE-2026-50751
2026-07-03 02:29:02 | INFO     | nvd_fetch | Successfully fetched page at index 0, got 1 CVEs
2026-07-03 02:29:09 | DEBUG    | nvd_fetch | Fetching NVD page: startIndex=0, resultsPerPage=200
2026-07-03 02:29:09 | DEBUG    | nvd_fetch | Specific CVE: CVE-2026-28318
2026-07-03 02:29:09 | INFO     | nvd_fetch | Successfully fetched page at index 0, got 1 CVEs
2026-07-03 02:29:16 | DEBUG    | nvd_fetch | Fetching NVD page: startIndex=0, resultsPerPage=200
2026-07-03 02:29:16 | DEBUG    | nvd_fetch | Specific CVE: CVE-2026-45247
2026-07-03 02:29:16 | INFO     | nvd_fetch | Successfully fetched page at index 0, got 1 CVEs
2026-07-03 02:29:23 | DEBUG    | nvd_fetch | Fetching NVD page: startIndex=0, resultsPerPage=200
2026-07-03 02:29:23 | DEBUG    | nvd_fetch | Specific CVE: CVE-2022-0492
2026-07-03 02:29:24 | INFO     | nvd_fetch | Successfully fetched page at index 0, got 1 CVEs
2026-07-03 02:29:31 | DEBUG    | nvd_fetch | Fetching NVD page: startIndex=0, resultsPerPage=200
2026-07-03 02:29:31 | DEBUG    | nvd_fetch | Specific CVE: CVE-2025-48595
2026-07-03 02:29:31 | INFO     | nvd_fetch | Successfully fetched page at index 0, got 1 CVEs
2026-07-03 02:29:38 | DEBUG    | nvd_fetch | Fetching NVD page: startIndex=0, resultsPerPage=200
2026-07-03 02:29:38 | DEBUG    | nvd_fetch | Specific CVE: CVE-2024-21182
2026-07-03 02:29:39 | INFO     | nvd_fetch | Successfully fetched page at index 0, got 1 CVEs
2026-07-03 02:29:45 | DEBUG    | nvd_fetch | Fetching NVD page: startIndex=0, resultsPerPage=200
2026-07-03 02:29:45 | DEBUG    | nvd_fetch | Specific CVE: CVE-2026-0257
2026-07-03 02:29:46 | INFO     | nvd_fetch | Successfully fetched page at index 0, got 1 CVEs
2026-07-03 02:29:53 | DEBUG    | nvd_fetch | Fetching NVD page: startIndex=0, resultsPerPage=200
2026-07-03 02:29:53 | DEBUG    | nvd_fetch | Specific CVE: CVE-2026-48027
2026-07-03 02:29:53 | INFO     | nvd_fetch | Successfully fetched page at index 0, got 1 CVEs
2026-07-03 02:30:00 | DEBUG    | nvd_fetch | Fetching NVD page: startIndex=0, resultsPerPage=200
2026-07-03 02:30:00 | DEBUG    | nvd_fetch | Specific CVE: CVE-2026-45321
2026-07-03 02:30:02 | INFO     | nvd_fetch | Successfully fetched page at index 0, got 1 CVEs
2026-07-03 02:30:08 | DEBUG    | nvd_fetch | Fetching NVD page: startIndex=0, resultsPerPage=200
2026-07-03 02:30:08 | DEBUG    | nvd_fetch | Specific CVE: CVE-2026-8398
2026-07-03 02:30:09 | INFO     | nvd_fetch | Successfully fetched page at index 0, got 1 CVEs
2026-07-03 02:30:15 | DEBUG    | nvd_fetch | Fetching NVD page: startIndex=0, resultsPerPage=200
2026-07-03 02:30:15 | DEBUG    | nvd_fetch | Specific CVE: CVE-2026-48172
2026-07-03 02:30:16 | INFO     | nvd_fetch | Successfully fetched page at index 0, got 1 CVEs
2026-07-03 02:30:22 | DEBUG    | nvd_fetch | Fetching NVD page: startIndex=0, resultsPerPage=200
2026-07-03 02:30:22 | DEBUG    | nvd_fetch | Specific CVE: CVE-2026-9082
2026-07-03 02:30:23 | INFO     | nvd_fetch | Successfully fetched page at index 0, got 1 CVEs
2026-07-03 02:30:30 | DEBUG    | nvd_fetch | Fetching NVD page: startIndex=0, resultsPerPage=200
2026-07-03 02:30:30 | DEBUG    | nvd_fetch | Specific CVE: CVE-2025-34291
2026-07-03 02:30:30 | INFO     | nvd_fetch | Successfully fetched page at index 0, got 1 CVEs
2026-07-03 02:30:37 | DEBUG    | nvd_fetch | Fetching NVD page: startIndex=0, resultsPerPage=200
2026-07-03 02:30:37 | DEBUG    | nvd_fetch | Specific CVE: CVE-2026-34926
2026-07-03 02:30:37 | INFO     | nvd_fetch | Successfully fetched page at index 0, got 1 CVEs
2026-07-03 02:30:44 | DEBUG    | nvd_fetch | Fetching NVD page: startIndex=0, resultsPerPage=200
2026-07-03 02:30:44 | DEBUG    | nvd_fetch | Specific CVE: CVE-2008-4250
2026-07-03 02:30:44 | INFO     | nvd_fetch | Successfully fetched page at index 0, got 1 CVEs
2026-07-03 02:30:51 | DEBUG    | nvd_fetch | Fetching NVD page: startIndex=0, resultsPerPage=200
2026-07-03 02:30:51 | DEBUG    | nvd_fetch | Specific CVE: CVE-2009-1537
2026-07-03 02:30:51 | INFO     | nvd_fetch | Successfully fetched page at index 0, got 1 CVEs
2026-07-03 02:30:58 | DEBUG    | nvd_fetch | Fetching NVD page: startIndex=0, resultsPerPage=200
2026-07-03 02:30:58 | DEBUG    | nvd_fetch | Specific CVE: CVE-2009-3459
2026-07-03 02:30:59 | INFO     | nvd_fetch | Successfully fetched page at index 0, got 1 CVEs
2026-07-03 02:31:05 | DEBUG    | nvd_fetch | Fetching NVD page: startIndex=0, resultsPerPage=200
2026-07-03 02:31:05 | DEBUG    | nvd_fetch | Specific CVE: CVE-2010-0249
2026-07-03 02:31:06 | INFO     | nvd_fetch | Successfully fetched page at index 0, got 1 CVEs
2026-07-03 02:31:12 | DEBUG    | nvd_fetch | Fetching NVD page: startIndex=0, resultsPerPage=200
2026-07-03 02:31:12 | DEBUG    | nvd_fetch | Specific CVE: CVE-2010-0806
2026-07-03 02:31:13 | INFO     | nvd_fetch | Successfully fetched page at index 0, got 1 CVEs
2026-07-03 02:31:19 | DEBUG    | nvd_fetch | Fetching NVD page: startIndex=0, resultsPerPage=200
2026-07-03 02:31:19 | DEBUG    | nvd_fetch | Specific CVE: CVE-2026-41091
2026-07-03 02:31:20 | INFO     | nvd_fetch | Successfully fetched page at index 0, got 1 CVEs
2026-07-03 02:31:27 | DEBUG    | nvd_fetch | Fetching NVD page: startIndex=0, resultsPerPage=200
2026-07-03 02:31:27 | DEBUG    | nvd_fetch | Specific CVE: CVE-2026-45498
2026-07-03 02:31:27 | INFO     | nvd_fetch | Successfully fetched page at index 0, got 1 CVEs
2026-07-03 02:31:34 | DEBUG    | nvd_fetch | Fetching NVD page: startIndex=0, resultsPerPage=200
2026-07-03 02:31:34 | DEBUG    | nvd_fetch | Specific CVE: CVE-2026-42897
2026-07-03 02:31:34 | INFO     | nvd_fetch | Successfully fetched page at index 0, got 1 CVEs
2026-07-03 02:31:41 | DEBUG    | nvd_fetch | Fetching NVD page: startIndex=0, resultsPerPage=200
2026-07-03 02:31:41 | DEBUG    | nvd_fetch | Specific CVE: CVE-2026-20182
2026-07-03 02:31:42 | INFO     | nvd_fetch | Successfully fetched page at index 0, got 1 CVEs
2026-07-03 02:31:48 | DEBUG    | nvd_fetch | Fetching NVD page: startIndex=0, resultsPerPage=200
2026-07-03 02:31:48 | DEBUG    | nvd_fetch | Specific CVE: CVE-2026-42208
